0,0,0,0,0,W+D
45,57,275,105,74,W+D
45,55,247,112,72,W+D
43,51,201,121,74,W+D
41,47,163,136,76,W+D
44,59,294,102,74,W
42,57,288,99,74,W
42,57,284,99,72,W
42,57,278,99,72,W
42,57,274,99,72,W
42,57,268,99,72,W
42,57,264,99,72,W
42,57,258,99,72,W
42,57,254,99,72,W
42,57,248,102,72,W
42,57,244,102,72,W
42,57,238,102,72,W
42,57,232,102,72,W
42,57,228,102,72,W
42,57,222,102,72,W
42,55,218,102,72,W
42,55,212,102,72,W
40,55,208,102,72,W
40,55,202,102,72,W
40,55,198,102,72,W
40,53,192,102,72,W
40,53,188,103,72,W
40,53,182,103,72,W
40,53,178,103,72,W
40,53,172,105,72,W
40,53,168,105,72,W
40,50,162,108,72,W
38,50,158,108,72,W
38,50,152,129,72,W
38,49,148,282,72,W
38,49,142,282,72,W
38,49,138,283,72,W
38,49,132,283,74,W
38,49,128,286,74,W
36,46,122,286,74,W
36,46,118,286,74,W
36,45,112,286,74,W
36,43,108,283,74,W+A
35,47,111,269,74,W+A
35,47,113,258,74,W+A
35,51,117,242,72,W+A
35,53,119,228,72,W+A
37,53,127,216,72,W+A
37,57,297,201,72,W+A
39,59,297,190,72,W+A
41,59,291,176,72,W+A
43,59,283,166,70,W+A
45,61,274,138,70,W+A
45,63,265,118,69,W+A
47,63,257,106,68,W+A
47,67,250,98,68,W+A
49,69,241,90,67,W+A
49,72,232,86,65,W+A
50,79,221,80,64,W+A
51,93,210,76,63,W+A
53,259,198,72,60,W+A
54,251,184,68,60,W+A
57,243,174,64,60,W+A
59,233,160,61,58,W+A
63,227,150,57,56,W+A
67,217,137,54,54,W+A
75,207,128,52,54,W+D
76,208,128,52,48,W+D
77,207,128,54,47,W+D
79,204,128,56,42,W+D
79,205,130,62,42,W+D
79,205,130,68,42,W+D
73,222,150,82,45,W+D
72,223,150,84,48,W+D
75,225,148,84,50,W+D
75,227,150,85,54,W+D
73,232,148,88,60,W+D
73,241,146,88,66,W+D
75,257,144,90,68,W+D
73,297,143,91,70,W+D
73,297,141,92,70,W+D
73,297,141,96,72,W+D
73,297,139,96,74,W+D
73,297,139,98,74,W+D
73,297,139,98,78,W+D
73,297,139,97,78,W+D
74,296,140,98,80,W+D
73,297,139,96,82,W+D
73,285,139,94,82,W+D
73,271,139,92,84,W+D
73,257,141,90,82,W+D
71,241,141,91,84,W+D
71,227,145,89,83,W+D
71,215,149,89,84,W+D
73,201,159,88,84,W+D
72,189,297,87,80,W+D
71,173,297,89,80,W+D
72,163,297,88,78,W+D
72,151,297,87,78,W+D
71,139,297,87,78,W+D
72,131,291,89,77,W+D
71,124,275,90,75,W+D
72,115,257,91,75,W+D
70,107,241,93,76,W
70,109,235,91,76,W
70,109,231,91,76,W
70,111,225,91,73,W
70,109,221,89,73,W
70,111,217,89,73,W
71,111,211,89,73,W
71,109,205,89,71,W
0,0,0,0,0,W
44,59,294,102,74,W
42,57,288,99,74,W
42,57,284,99,72,W
42,57,278,99,72,W
42,57,274,99,72,W
42,57,268,99,72,W
42,57,264,99,72,W
42,57,258,99,72,W
42,57,254,99,72,W
42,57,248,102,72,W
42,57,244,102,72,W
42,57,238,102,72,W
42,57,232,102,72,W
42,57,228,102,72,W
42,57,222,102,72,W+A
43,59,233,96,72,W+A
43,63,243,91,72,W+A
43,69,259,86,70,W+A
43,73,297,81,70,W+A
45,81,297,78,70,W+A
47,90,297,73,68,W+A
51,103,297,69,68,W
53,105,297,68,66,W
53,105,297,66,64,W
55,109,297,64,62,W
57,111,297,62,61,W
59,113,297,60,58,W
59,113,297,60,57,W
61,115,297,57,57,W
62,119,297,56,54,W
65,119,297,54,52,W
67,119,297,52,50,W
67,116,297,50,48,W
69,116,297,50,46,W
71,116,297,46,44,W
71,115,297,44,43,W
73,113,297,44,40,W
73,111,297,42,40,W
75,111,297,40,38,W
76,109,297,40,36,W
79,109,297,38,34,W
79,105,296,35,32,W
79,103,291,40,32,W
81,101,286,42,31,W
83,99,279,44,29,W
83,97,275,50,26,W
83,95,270,54,26,W
83,93,265,68,29,W
83,91,259,126,29,W
83,89,255,128,31,W
83,87,249,129,32,W
81,83,245,132,34,W
81,83,240,132,36,W
79,79,235,134,38,W
79,79,229,134,40,W
76,77,225,134,43,W
73,75,221,134,48,W
71,73,215,134,52,W
69,73,210,132,54,W
69,73,205,132,61,W
67,73,199,132,66,W
65,77,195,132,70,W
61,297,189,129,75,W
59,297,185,128,80,W+D
59,297,185,130,88,W+D
57,297,183,134,92,W+D
57,297,182,136,96,W+D
55,297,181,138,100,W+D
53,297,182,138,102,W+D
51,281,181,140,106,W+D
50,261,180,137,110,W+D
47,243,181,136,112,W+D
45,223,181,134,114,W+D
43,201,185,133,116,W+D
41,177,191,131,118,W+D
39,155,206,131,120,W+D
37,109,297,129,122,W+D
35,97,297,129,124,W+D
34,85,297,127,122,W+D
34,77,297,127,122,W+D
33,71,297,127,120,W+D
33,69,297,125,117,W
33,75,297,123,116,W
33,79,297,121,116,W
33,85,297,117,116,W
36,92,293,115,116,W
37,99,289,113,114,W
39,101,283,111,114,W
41,105,279,107,111,W
46,107,273,105,110,W
46,107,269,105,110,W
49,109,263,101,107,W
51,111,259,99,105,W
54,113,253,97,104,W
57,113,247,97,102,W
59,113,245,93,99,W
61,113,239,93,98,W+A
65,116,249,88,96,W+A
69,121,263,85,98,W+A
73,127,273,79,96,W+A
79,131,283,77,98,W+A
83,135,293,72,96,W+A
88,139,297,69,98,W+A
93,143,297,65,98,W+A
97,149,297,62,96,W
99,149,297,57,90,W
101,146,297,55,84,W
103,145,297,52,76,W
103,145,295,50,70,W
105,145,289,46,62,W
105,143,285,43,58,W
107,141,281,41,52,W
107,139,275,40,48,W
109,139,271,36,42,W
109,139,265,33,38,W
109,137,261,31,34,W
109,135,255,30,32,W
107,133,251,27,28,W
109,133,244,26,26,W
109,131,239,26,24,W
107,129,235,24,22,W
107,127,229,24,20,W
107,127,225,26,20,W
107,127,219,26,18,W
105,123,215,31,18,W
105,123,209,41,18,W
105,119,205,298,20,W
105,119,201,298,20,W
103,117,195,298,22,W
103,115,191,292,24,W
101,113,185,286,28,W+A
99,115,186,291,28,W+A
99,115,189,298,32,W+A
98,117,190,297,34,W+A
97,119,191,298,36,W+A
97,120,193,297,38,W+A
97,123,193,298,40,W+A
99,122,195,297,41,W+A
99,125,195,298,44,W+A
99,127,195,298,44,W+A
101,128,195,298,46,W+A
101,129,193,298,47,W+A
103,131,195,298,48,W+A
103,131,194,298,50,W+A
107,133,195,298,50,W+A
107,135,198,298,50,W+A
109,135,201,298,52,W+A
111,137,206,298,50,W+A
111,138,211,298,52,W+A
113,139,220,116,50,W
113,137,214,172,52,W
113,135,208,268,55,W
115,133,203,298,55,W
113,131,198,298,55,W
113,129,194,298,56,W
113,127,190,298,56,W
113,123,184,298,58,W
113,119,178,298,60,W
111,115,172,298,63,W
111,113,167,298,64,W
111,109,163,298,67,W
109,105,157,298,70,W
109,103,154,298,72,W
107,99,147,298,76,W
107,95,142,298,80,W
104,93,138,298,82,W
103,89,133,298,86,W
101,85,128,298,92,W
99,83,123,298,97,W
99,79,120,298,98,W
95,75,114,298,104,W
92,73,108,298,109,W
91,69,104,298,112,W
87,65,97,298,116,W
83,63,93,298,121,W
79,59,89,298,124,W
75,55,84,298,130,W
69,53,77,298,137,W
65,49,73,298,140,W
61,45,68,298,145,W
57,43,63,298,150,W
53,39,60,298,155,W
47,35,54,298,158,W
43,33,48,298,162,W
38,29,43,298,167,W
33,25,38,298,172,W
0,0,0,0,0,W
0,0,0,0,0,W
44,59,294,102,74,W
42,57,288,99,74,W
42,57,284,99,72,W
42,57,278,99,72,W
42,57,274,99,72,W
42,57,268,99,72,W
42,57,264,99,72,W
42,57,258,99,72,W
42,57,254,99,72,W
42,57,248,102,72,W
42,57,244,102,72,W
42,57,238,102,72,W
42,57,232,102,72,W
42,57,228,102,72,W
42,57,222,102,72,W
42,55,218,102,72,W
42,55,212,102,72,W
40,55,208,102,72,W
40,55,202,102,72,W
40,55,198,102,72,W
40,53,192,102,72,W
40,53,188,103,72,W
40,53,182,103,72,W
40,53,178,103,72,W
40,53,172,105,72,W
40,53,168,105,72,W
40,50,162,108,72,W
38,50,158,108,72,W
38,50,152,129,72,W
38,49,148,282,72,W
38,49,142,282,72,W
38,49,138,283,72,W
38,49,132,283,74,W+A
39,50,137,264,72,W+A
37,52,141,248,72,W+A
37,57,145,230,72,W+A
39,60,155,128,72,W+A
39,63,297,110,72,W+A
40,69,297,98,70,W+A
43,73,297,92,70,W+A
45,75,298,86,68,W+A
46,77,297,80,68,W+A
51,81,291,76,66,W+A
53,83,284,72,66,W+A
57,85,274,68,66,W+A
59,89,264,64,66,W
61,87,260,66,63,W
61,87,253,64,59,W
63,87,250,66,54,W
63,87,243,66,52,W
65,87,240,68,49,W
65,85,235,70,46,W
65,85,229,74,46,W
65,87,223,80,46,W
65,87,219,86,46,W
63,87,213,94,46,W
63,95,210,104,46,W
63,295,203,108,49,W
61,285,199,108,49,W
61,279,196,108,49,W
61,269,189,106,49,W
61,261,186,106,50,W
61,255,179,104,52,W
61,247,174,104,56,W
61,241,169,104,56,W
61,233,164,102,60,W
61,227,159,100,63,W
61,219,153,98,64,W
63,215,149,96,66,W
65,209,145,94,71,W
69,203,139,92,72,W
79,197,134,90,74,W
245,191,130,90,76,W
257,184,124,86,76,W
265,177,120,84,76,W
272,171,113,82,76,W
279,167,110,80,74,W
285,161,105,76,74,W
290,155,99,74,74,W
295,149,94,72,72,W+D
285,149,92,70,70,W+D
275,149,90,68,69,W+D
263,148,85,66,66,W+D
253,149,82,63,65,W+D
243,149,77,60,62,W+D
231,153,75,60,61,W+D
219,154,73,58,58,W+D
206,161,71,56,57,W+D
197,169,67,52,56,W+D
187,191,65,50,52,W+D
179,297,63,45,50,W+D
173,297,61,42,48,W+D
166,296,60,40,46,W+D
159,297,57,38,44,W+D
153,297,55,35,40,W+D
151,297,55,33,38,W+D
147,297,53,30,34,W+D
144,287,51,29,32,W+D
143,277,51,27,28,W+D
139,269,49,25,26,W+D
138,259,49,23,23,W+D
137,249,49,23,21,W+D
135,241,49,21,20,W+D
133,232,49,19,19,W+D
133,225,49,19,18,W+D
132,217,51,19,16,W+D
132,211,49,17,15,W+D
132,204,53,18,16,W+D
132,197,59,17,14,W+D
132,189,271,17,13,W+D
131,183,259,17,14,W+D
131,175,245,17,12,W+D
130,167,233,17,13,W+D
131,162,223,17,13,W+D
132,157,213,19,13,W+D
0,0,0,0,0,W
44,59,294,102,74,W
42,57,288,99,74,W
42,57,284,99,72,W
42,57,278,99,72,W
42,57,274,99,72,W
42,57,268,99,72,W
42,57,264,99,72,W
42,57,258,99,72,W
42,57,254,99,72,W
42,57,248,102,72,W
42,57,244,102,72,W
42,57,238,102,72,W
42,57,232,102,72,W
42,57,228,102,72,W
42,57,222,102,72,W
42,55,218,102,72,W
42,55,212,102,72,W
40,55,208,102,72,W
40,55,202,102,72,W
40,55,198,102,72,W
40,53,192,102,72,W
40,53,188,103,72,W
40,53,182,103,72,W
40,53,178,103,72,W
40,53,172,105,72,W
40,53,168,105,72,W
40,50,162,108,72,W
38,50,158,108,72,W
38,50,152,129,72,W
38,49,148,282,72,W
38,49,142,282,72,W+A
39,53,147,259,72,W+A
39,55,151,120,72,W+A
39,57,157,104,70,W+A
39,62,167,96,70,W+A
41,65,297,92,70,W+A
43,72,297,82,70,W+A
43,77,297,78,70,W+A
47,81,298,72,68,W+A
49,85,297,70,68,W+A
51,89,298,66,66,W+A
54,91,289,62,66,W+A
59,95,279,60,66,W
61,93,276,60,63,W
63,93,269,60,60,W
65,93,266,60,56,W
67,91,259,60,53,W
67,91,256,60,50,W
67,89,249,62,47,W
69,89,246,62,44,W
69,89,240,66,42,W
69,86,234,70,42,W
69,86,230,76,42,W
67,86,224,87,42,W
67,85,219,100,44,W
67,86,215,108,44,W
65,89,209,110,44,W
65,297,206,110,47,W
65,297,199,110,47,W
65,297,196,110,47,W
63,289,189,110,48,W
63,279,186,108,50,W
61,269,179,108,54,W
61,259,176,106,56,W
61,251,169,106,58,W
61,244,166,104,60,W
61,235,160,102,64,W
61,227,156,100,68,W
63,221,150,98,70,W
65,215,146,96,73,W
67,209,140,96,76,W
71,201,136,94,78,W
85,195,130,92,78,W
68,297,136,98,78,W+D
69,297,134,98,80,W+D
71,297,133,98,80,W+D
71,297,131,96,80,W+D
71,297,130,98,82,W+D
73,297,129,96,82,W+D
73,297,127,96,82,W+D
75,297,127,93,82,W+D
76,296,126,92,84,W+D
75,297,127,89,84,W+D
77,282,125,85,84,W+D
75,269,127,85,84,W+D
77,257,127,83,84,W+D
77,243,127,83,82,W+D
78,231,129,82,81,W+D
77,218,133,80,80,W+D
77,207,141,79,78,W+D
77,197,156,78,73,W+D
79,187,297,77,72,W+D
77,175,297,77,72,W+D
78,153,297,79,70,W
78,155,297,77,70,W
80,155,297,75,67,W
80,155,295,73,67,W
83,155,290,71,66,W
83,155,287,67,66,W
85,155,281,65,64,W
88,155,277,65,62,W
89,153,271,63,62,W
91,153,267,59,59,W
94,151,260,57,58,W
94,149,255,57,56,W
98,149,250,55,56,W
99,147,247,53,52,W
102,145,241,51,49,W
102,143,236,49,48,W
102,141,231,49,48,W
103,139,225,47,44,W
105,137,221,47,42,W
107,135,217,45,40,W
110,133,211,45,37,W
110,131,206,45,37,W
110,129,201,43,35,W
110,125,195,45,34,W
110,123,191,47,34,W
110,121,185,47,34,W
110,117,181,49,32,W
110,115,177,53,32,W
110,113,171,67,32,W
110,109,167,297,32,W
110,107,160,297,34,W+D
109,103,147,283,34,W+D
109,100,137,272,36,W+D
109,95,127,255,39,W+D
110,91,117,239,45,W+D
109,89,107,223,55,W+D
110,85,101,207,297,W+D
110,82,91,189,298,W+D
110,78,85,171,297,W+D
110,74,77,153,298,W
107,70,73,145,298,W
104,65,67,137,298,W+A
96,60,63,139,297,W+A
86,53,61,139,298,W+A
78,49,57,142,297,W+A
70,45,55,147,298,W+A
62,41,51,149,297,W+A
54,39,49,155,298,W+A
47,34,45,158,297,W+A
42,31,43,165,298,W+A
37,27,41,169,297,W+A
31,25,37,177,298,W+A
28,21,35,182,297,W+A
21,19,31,187,298,W+A
18,15,31,195,298,W+A
15,13,27,201,298,W+A
12,13,25,211,298,W+A
11,11,25,217,298,W+A
9,9,19,225,298,W+A
7,7,19,234,200,W+A
5,7,19,244,180,W+A
5,5,19,250,170,W+A
3,5,19,256,164,W+A
4,5,16,262,160,W+A
3,2,15,268,154,W+A
3,3,25,278,150,W+A
1,1,23,287,148,W+A
1,1,31,297,146,W+A
3,3,49,298,145,W+A
3,5,57,298,142,W+A
3,5,71,298,140,W+A
5,7,85,298,139,W+A
5,9,95,298,140,W+A
7,11,107,298,138,W+A
9,15,119,298,137,W+A
9,19,130,298,136,W+A
11,21,142,298,136,W+A
13,25,151,298,137,W+A
15,30,161,298,137,W+A
17,35,172,298,137,W+A
19,41,178,298,138,W+A
23,45,184,282,138,W+A
23,51,193,223,140,W+A
27,59,206,194,140,W+A
31,67,224,176,142,W+A
34,71,242,166,144,W+A
39,80,271,156,146,W+A
43,87,298,147,150,W+A
47,95,298,140,156,W+A
50,104,298,134,298,W+A
55,114,298,128,298,W+A
59,120,298,122,298,W+A
63,123,298,118,298,W+A
68,129,298,114,298,W+A
75,138,298,109,298,W+A
79,148,298,106,298,W+A
0,0,0,0,0,W
44,59,294,102,74,W
42,57,288,99,74,W
42,57,284,99,72,W
42,57,278,99,72,W
42,57,274,99,72,W
42,57,268,99,72,W
42,57,264,99,72,W
42,57,258,99,72,W
42,57,254,99,72,W
42,57,248,102,72,W
42,57,244,102,72,W
42,57,238,102,72,W
42,57,232,102,72,W
42,57,228,102,72,W
42,57,222,102,72,W
42,55,218,102,72,W
42,55,212,102,72,W
40,55,208,102,72,W
40,55,202,102,72,W
40,55,198,102,72,W
40,53,192,102,72,W
40,53,188,103,72,W
40,53,182,103,72,W
40,53,178,103,72,W
40,53,172,105,72,W
40,53,168,105,72,W
40,50,162,108,72,W
38,50,158,108,72,W
38,50,152,129,72,W
38,49,148,282,72,W
38,49,142,282,72,W
38,49,138,283,72,W
38,49,132,283,74,W
38,49,128,286,74,W
36,46,122,286,74,W
36,46,118,286,74,W
36,45,112,286,74,W
36,43,108,283,74,W
34,43,102,283,74,W+A
35,47,105,269,74,W+A
35,47,107,258,74,W+A
35,49,111,244,74,W+A
35,51,113,232,74,W+A
35,51,121,220,74,W+A
37,53,297,206,72,W+A
39,55,296,194,72,W+A
41,55,288,180,72,W+A
41,55,279,172,72,W+A
43,57,272,158,70,W+A
42,57,263,141,70,W+A
45,59,254,124,68,W+A
44,61,245,110,68,W+A
45,65,237,102,67,W
47,65,233,106,64,W
47,63,229,112,64,W
47,63,223,120,64,W
45,63,218,126,64,W
45,65,214,126,64,W
47,67,208,126,63,W
45,69,203,126,64,W
45,269,199,124,64,W
45,259,194,122,64,W
45,251,190,122,67,W
45,245,184,122,67,W
45,239,178,120,67,W
45,231,174,118,70,W
45,225,167,116,72,W
47,219,163,114,72,W
47,213,159,112,76,W
49,205,154,110,78,W
53,201,147,108,80,W
51,213,147,110,88,W+D
53,217,143,110,90,W+D
55,229,143,110,92,W+D
57,297,139,110,94,W+D
59,297,138,110,94,W+D
61,297,134,107,94,W+D
62,297,133,108,94,W+D
63,297,131,108,96,W+D
65,297,130,105,96,W+D
67,297,127,104,96,W+D
69,297,125,99,94,W+D
71,297,125,96,96,W+D
72,296,124,94,96,W+D
75,283,123,92,94,W+D
75,267,121,89,94,W+D
75,255,121,88,94,W+D
75,242,121,85,90,W+D
77,231,123,83,88,W+D
78,219,124,82,86,W+D
79,209,129,80,82,W+D
80,199,138,77,78,W+D
80,189,297,78,78,W+D
79,179,297,75,74,W+D
0,0,0,0,0,W
44,59,294,102,74,W
42,57,288,99,74,W
42,57,284,99,72,W
42,57,278,99,72,W
42,57,274,99,72,W
42,57,268,99,72,W
42,57,264,99,72,W
42,57,258,99,72,W
42,57,254,99,72,W
42,57,248,102,72,W
42,57,244,102,72,W
42,57,238,102,72,W
42,57,232,102,72,W
42,57,228,102,72,W
42,57,222,102,72,W
42,55,218,102,72,W
42,55,212,102,72,W
40,55,208,102,72,W
40,55,202,102,72,W
40,55,198,102,72,W
40,53,192,102,72,W
40,53,188,103,72,W
40,53,182,103,72,W
40,53,178,103,72,W
40,53,172,105,72,W
40,53,168,105,72,W
40,50,162,108,72,W
38,50,158,108,72,W
38,50,152,129,72,W
38,49,148,282,72,W
38,49,142,282,72,W
38,49,138,283,72,W
38,49,132,283,74,W
38,49,128,286,74,W
36,46,122,286,74,W
36,46,118,286,74,W
36,45,112,286,74,W
36,43,108,283,74,W
34,43,102,283,74,W
34,43,98,282,76,W
34,43,92,282,76,W
34,41,88,282,76,W
32,39,82,279,78,W
32,39,78,276,80,W
32,36,72,276,84,W
30,35,68,273,88,W
30,33,62,272,92,W
28,33,58,267,96,W+A
29,31,59,262,94,W+A
27,31,55,253,94,W+A
27,29,55,246,94,W+A
25,27,55,237,94,W+A
23,25,53,228,94,W+A
23,25,55,218,94,W+A
21,25,57,212,94,W+A
21,23,63,202,94,W+A
19,20,243,196,94,W+A
19,21,236,188,94,W+A
17,21,229,180,94,W+A
17,21,224,174,95,W+A
15,21,218,166,95,W+A
17,21,210,160,94,W+A
15,22,204,154,93,W
15,22,198,152,93,W
15,24,194,152,93,W
15,24,190,150,94,W
15,26,184,148,94,W
16,32,180,144,96,W
16,216,174,142,98,W
19,210,170,140,98,W
19,202,163,138,103,W
21,196,160,136,103,W
25,190,153,132,104,W
29,186,150,130,106,W
237,178,143,126,108,W
244,174,139,124,110,W
253,168,133,120,113,W
258,162,129,118,114,W
265,156,123,114,114,W
271,152,119,112,114,W+D
261,149,113,108,112,W+D
250,149,110,106,110,W+D
243,149,105,102,108,W+D
233,149,104,100,108,W+D
225,148,99,96,104,W+D
217,151,95,92,102,W+D
207,155,92,88,100,W+D
201,160,90,84,96,W+D
193,173,85,78,94,W+D
187,297,82,72,92,W+D
179,297,79,68,89,W+D
173,297,75,63,84,W+D
167,297,73,62,80,W+D
163,297,71,55,76,W+D
158,296,68,54,70,W+D
153,293,65,50,64,W+D
149,281,63,48,58,W+D
147,269,59,43,52,W+D
143,259,59,41,50,W+D
141,249,55,39,46,W+D
140,238,53,36,41,W+D
137,230,51,34,38,W+D
136,223,51,31,35,W+D
135,215,49,27,32,W+D
133,209,49,25,28,W+D
133,203,47,25,26,W+D
131,195,49,23,24,W+D
130,188,51,21,22,W+D
129,183,63,19,18,W+D
129,178,257,18,17,W+D
128,171,243,17,15,W+D
128,165,228,17,16,W+D
128,162,217,17,14,W+D
128,157,205,17,12,W+D
128,151,195,19,13,W+D
128,145,185,23,13,W
128,145,181,23,13,W
126,140,174,27,16,W
126,137,171,29,16,W
126,135,165,37,18,W
126,133,161,40,18,W
126,129,154,266,19,W
124,125,151,263,21,W
124,122,145,257,23,W
124,120,141,251,25,W
124,115,135,245,27,W
122,111,131,239,31,W
122,109,125,233,34,W
119,105,121,224,39,W
118,102,115,219,43,W
116,95,109,213,51,W
116,93,105,204,59,W
114,89,99,197,297,W+A
108,83,97,201,298,W+A
104,79,95,207,297,W+A
99,75,93,209,298,W+A
94,73,91,213,297,W+A
87,69,91,217,298,W+A
84,66,91,222,297,W+A
77,63,89,225,298,W+A
71,59,87,231,297,W+A
68,57,88,235,136,W+A
63,55,89,241,110,W+A
57,51,89,245,110,W+A
55,51,90,251,108,W+A
51,49,93,255,104,W+A
49,47,95,261,104,W+A
45,46,97,266,105,W+A
43,45,101,268,104,W+A
41,45,105,272,102,W+A
39,45,109,276,102,W+A
39,44,113,280,100,W+A
39,47,117,286,100,W+A
38,46,122,293,100,W
38,46,118,286,106,W
36,45,112,279,112,W
36,43,108,272,118,W
36,43,102,266,124,W
36,41,98,258,130,W
34,39,92,252,138,W
34,39,88,243,146,W
32,36,82,238,156,W
32,35,78,229,168,W
30,33,72,224,184,W
30,31,68,215,228,W
28,29,62,208,298,W
26,29,58,201,298,W+A
25,26,59,206,268,W+A
23,25,57,210,202,W+A
21,23,57,218,186,W+A
21,23,59,226,179,W+A
19,21,59,234,172,W+A
19,23,60,247,166,W+A
19,22,63,266,160,W+A
17,23,65,288,158,W+A
17,23,67,298,156,W+A
17,23,69,298,154,W+A
17,23,74,298,152,W+A
17,23,78,298,151,W+A
17,23,81,298,150,W+A
17,25,87,298,148,W+A
16,26,94,298,148,W+A
19,27,101,298,146,W+A
19,27,110,298,149,W+A
19,29,111,298,146,W+A
21,31,116,298,146,W+A
21,33,120,298,148,W+A
23,37,128,298,147,W+A
25,39,138,269,149,W+A
25,43,151,243,149,W+A
27,47,172,216,148,W+A
28,49,198,202,150,W+A
31,55,242,186,152,W+A
33,60,298,176,152,W+A
37,63,298,164,154,W+A
39,66,298,155,156,W+A
42,70,298,148,162,W+A
45,73,298,143,164,W
45,73,298,140,160,W+A
49,80,298,135,162,W+A
51,88,298,128,170,W+A
53,96,298,124,182,W+A
56,106,298,120,298,W+A
57,119,298,116,298,W
60,124,298,112,298,W
60,126,298,110,180,W
63,130,298,109,158,W
65,136,298,104,148,W
65,137,298,104,138,W
67,142,298,101,132,W
69,144,298,98,125,W
71,148,298,96,118,W
71,150,298,96,112,W
73,155,298,94,105,W
75,157,298,92,102,W
78,162,298,88,96,W
78,164,298,88,94,W
80,168,298,86,90,W
83,172,298,83,86,W
83,175,298,83,81,W
85,180,298,80,78,W
87,182,298,78,76,W
89,186,298,76,74,W
89,188,298,76,72,W
91,192,298,72,70,W
93,194,298,72,68,W
95,200,298,70,66,W
95,201,298,68,66,W
98,206,298,68,61,W
99,210,298,65,60,W
102,211,298,65,58,W
103,216,298,63,56,W
105,220,298,60,56,W
107,220,298,58,54,W
107,220,298,58,52,W
109,221,298,55,50,W
111,220,298,55,50,W
113,221,298,52,48,W
113,220,298,50,48,W
115,220,298,48,46,W
117,220,298,46,43,W
120,220,298,44,41,W
122,220,298,42,40,W
122,218,298,42,38,W
125,218,298,40,36,W
125,216,298,40,36,W
127,216,298,37,34,W
129,214,294,37,32,W
131,211,290,34,30,W
131,210,284,32,30,W
133,210,280,30,28,W
135,208,274,28,26,W
137,206,270,26,26,W
140,203,265,24,24,W
140,201,260,24,21,W
141,200,254,22,20,W
143,198,250,22,18,W
145,195,245,19,16,W
147,192,240,19,16,W
149,190,234,17,14,W
149,188,230,14,14,W
151,186,225,12,12,W
153,182,220,10,10,W
155,180,214,8,8,W
155,177,210,6,6,W
155,172,205,6,6,W
155,170,200,6,4,W
155,168,194,6,4,W
155,164,190,6,4,W
155,160,184,14,6,W
155,157,180,22,8,W
155,154,174,298,10,W
155,150,170,298,12,W
155,146,164,298,16,W
153,142,158,298,21,W
153,139,154,290,26,W
151,134,150,275,32,W
151,131,144,264,40,W
149,126,138,252,46,W
149,124,134,244,52,W
147,118,130,232,61,W
145,116,124,224,72,W
143,110,118,214,86,W
141,108,114,206,94,W+A
137,102,112,214,96,W+A
129,98,108,228,96,W+A
123,92,106,256,96,W+A
118,88,104,298,94,W+A
109,84,102,298,96,W+A
104,80,100,298,94,W+A
98,78,100,298,94,W+A
92,74,98,298,93,W+A
85,72,98,298,94,W+A
81,68,97,298,93,W+A
76,66,96,298,94,W+A
72,62,96,298,94,W+A
68,60,96,298,93,W+A
64,59,100,298,93,W+A
60,56,101,298,93,W+A
56,54,102,298,93,W+A
54,54,108,298,93,W+A
52,52,114,298,93,W+A
50,52,124,298,93,W+A
47,52,140,297,93,W+A
46,53,298,298,93,W+A
44,52,298,297,93,W+A
44,52,298,160,93,W+A
44,55,298,132,92,W+A
42,55,298,123,93,W+A
42,56,298,116,91,W
42,56,298,117,91,W
42,56,298,127,89,W
42,56,298,134,89,W
42,56,298,152,87,W
42,56,298,191,87,W
42,56,298,213,87,W
40,56,298,223,85,W
40,56,298,232,85,W
40,56,298,235,85,W
40,56,298,240,83,W
40,56,292,242,83,W
40,56,288,242,83,W
40,56,282,242,83,W
40,59,278,242,83,W
40,59,272,242,83,W
40,60,268,242,81,W
40,63,262,242,81,W
40,64,258,240,83,W
40,66,252,237,87,W
40,71,248,235,89,W
40,246,242,232,93,W
42,243,238,229,95,W
42,238,232,225,99,W
42,236,228,223,103,W
44,233,222,219,107,W
44,228,218,215,111,W
46,226,212,211,115,W
48,224,208,207,119,W
50,222,202,203,123,W
52,218,198,199,127,W
54,218,192,196,131,W
60,214,187,191,135,W
298,212,182,188,139,W
298,211,176,183,143,W
298,208,172,178,147,W
298,204,168,175,151,W
298,202,162,169,153,W
298,198,158,166,157,W+D
298,194,154,159,163,W+D
298,190,152,152,170,W+D
298,184,148,145,175,W+D
298,180,146,140,178,W+D
298,176,142,134,179,W+D
298,172,140,128,175,W+D
298,170,138,124,167,W+D
294,166,136,118,162,W+D
286,166,135,114,153,W+D
276,164,132,110,145,W+D
267,166,132,108,137,W+D
260,298,130,104,129,W+D
250,298,128,100,123,W+D
242,298,126,98,115,W+D
233,298,125,94,110,W+D
225,298,121,92,105,W+D
218,298,120,90,102,W+D
210,298,116,88,96,W+D
203,298,113,86,91,W+D
196,298,108,84,88,W+D
187,298,104,82,86,W+D
181,298,100,80,82,W+D
173,292,94,80,80,W+D
170,286,90,78,78,W+D
163,279,86,76,74,W+D
160,274,82,76,74,W+D
157,268,78,72,72,W+D
153,261,74,69,70,W+D
149,256,72,66,68,W+D
147,248,72,63,66,W+D
145,241,72,60,66,W+D
142,235,268,55,64,W+D
141,227,260,48,62,W
145,225,256,44,60,W
147,223,250,40,58,W
151,221,246,36,56,W
153,218,240,32,52,W
157,215,236,28,48,W
159,214,230,24,40,W
161,210,226,22,34,W
163,208,220,19,26,W
165,206,216,14,20,W
169,202,210,12,16,W
169,198,206,10,12,W
171,194,200,8,8,W
173,191,196,7,6,W
173,187,190,8,6,W
173,184,186,12,6,W
175,179,180,276,8,W
175,178,176,269,10,W
175,172,170,260,14,W
175,167,166,254,20,W
175,166,160,246,28,W
175,159,156,240,36,W+A
174,156,152,246,40,W+A
173,150,150,254,46,W+A
169,142,146,265,50,W+A
167,138,144,277,54,W+A
165,131,142,292,58,W+A
161,126,140,299,58,W+A
155,122,138,298,61,W+A
151,117,138,299,63,W+A
145,112,136,298,66,W+A
139,108,136,298,67,W+A
132,104,134,298,68,W+A
125,102,137,298,70,W+A
120,98,136,298,70,W+A
113,96,138,298,70,W+A
108,92,140,298,72,W+A
102,92,147,298,71,W+A
99,90,152,298,72,W+A
94,86,157,230,73,W+A
89,88,166,192,72,W+A
86,86,176,170,74,W+A
82,84,188,154,73,W+A
80,86,208,140,73,W+A
78,86,240,130,73,W+A
75,86,298,122,74,W+A
74,88,298,114,73,W+A
74,90,298,108,73,W+A
72,93,298,102,73,W+A
72,98,298,94,72,W+A
72,103,298,91,71,W
72,100,298,91,71,W
72,103,298,89,71,W
72,100,298,89,69,W
74,103,298,89,69,W
72,100,298,89,69,W
72,100,298,88,67,W
0,0,0,0,0,W
44,59,294,102,74,W
42,57,288,99,74,W
42,57,284,99,72,W
42,57,278,99,72,W
42,57,274,99,72,W
42,57,268,99,72,W
42,57,264,99,72,W
42,57,258,99,72,W
42,57,254,99,72,W
42,57,248,102,72,W
42,57,244,102,72,W
42,57,238,102,72,W
42,57,232,102,72,W
42,57,228,102,72,W
42,57,222,102,72,W
42,55,218,102,72,W
42,55,212,102,72,W
40,55,208,102,72,W
40,55,202,102,72,W
40,55,198,102,72,W
40,53,192,102,72,W
40,53,188,103,72,W
40,53,182,103,72,W
40,53,178,103,72,W
40,53,172,105,72,W
40,53,168,105,72,W
40,50,162,108,72,W
38,50,158,108,72,W
38,50,152,129,72,W
38,49,148,282,72,W
38,49,142,282,72,W
38,49,138,283,72,W
38,49,132,283,74,W
38,49,128,286,74,W
36,46,122,286,74,W
36,46,118,286,74,W
36,45,112,286,74,W
36,43,108,283,74,W
34,43,102,283,74,W
34,43,98,282,76,W+A
35,45,101,269,74,W+A
35,47,101,258,74,W+A
35,47,105,244,74,W+A
35,49,107,232,74,W+A
35,49,111,220,74,W+A
35,51,125,208,74,W+A
37,51,291,196,72,W+A
39,53,283,186,72,W+A
39,51,275,176,72,W+A
41,53,268,164,72,W+A
41,53,260,156,72,W+A
43,55,251,140,70,W
43,55,246,146,68,W
43,53,240,146,68,W
43,53,235,146,68,W
43,51,230,146,68,W
40,51,225,146,70,W
40,51,221,146,70,W
39,49,215,144,70,W
39,49,211,144,70,W
39,49,206,142,73,W
37,49,199,142,74,W
37,51,196,140,76,W
35,51,191,140,78,W
35,297,186,138,80,W
35,297,181,136,84,W
35,267,176,134,86,W
35,253,172,132,90,W
35,241,166,130,93,W
35,231,160,128,95,W
35,221,156,124,98,W
39,213,150,122,102,W
43,207,146,120,105,W
49,199,140,118,105,W
191,191,136,114,105,W
209,185,130,112,105,W
221,177,125,110,105,W
229,170,120,106,105,W
237,164,115,104,102,W+D
225,165,113,102,102,W+D
215,167,109,98,100,W+D
203,171,106,96,98,W+D
193,177,104,93,98,W+D
182,191,99,90,96,W+D
173,297,98,88,94,W+D
165,297,95,82,92,W+D
157,297,91,78,89,W+D
151,297,89,73,86,W+D
145,297,87,70,84,W+D
141,297,85,66,82,W+D
138,296,82,64,78,W+D
133,293,81,60,74,W+D
131,281,77,58,68,W+D
129,269,75,53,64,W+D
127,259,73,51,60,W+D
125,247,73,49,56,W+D
0,0,0,0,0,W
44,59,294,102,74,W
42,57,288,99,74,W
42,57,284,99,72,W
42,57,278,99,72,W
42,57,274,99,72,W
42,57,268,99,72,W
42,57,264,99,72,W
42,57,258,99,72,W
42,57,254,99,72,W
42,57,248,102,72,W
42,57,244,102,72,W
42,57,238,102,72,W
42,57,232,102,72,W
42,57,228,102,72,W
42,57,222,102,72,W
42,55,218,102,72,W
42,55,212,102,72,W
40,55,208,102,72,W
40,55,202,102,72,W
40,55,198,102,72,W
40,53,192,102,72,W
40,53,188,103,72,W
40,53,182,103,72,W
40,53,178,103,72,W
40,53,172,105,72,W
40,53,168,105,72,W
40,50,162,108,72,W
38,50,158,108,72,W
38,50,152,129,72,W
38,49,148,282,72,W
38,49,142,282,72,W
38,49,138,283,72,W
38,49,132,283,74,W
38,49,128,286,74,W
36,46,122,286,74,W
36,46,118,286,74,W
36,45,112,286,74,W
36,43,108,283,74,W
34,43,102,283,74,W
34,43,98,282,76,W+A
35,45,101,269,74,W+A
35,47,101,258,74,W+A
35,47,105,244,74,W+A
35,49,107,232,74,W+A
35,49,111,220,74,W+A
35,51,125,208,74,W+A
37,51,291,196,72,W+A
39,53,283,186,72,W+A
39,51,275,176,72,W+A
41,53,268,164,72,W+A
41,53,260,156,72,W+A
43,55,251,140,70,W+A
41,57,243,124,71,W+A
43,59,235,114,68,W+A
43,62,228,106,69,W
43,62,224,110,69,W
43,64,218,114,66,W
43,64,214,120,66,W
43,66,208,122,66,W
43,72,204,122,65,W
43,256,198,122,65,W
43,248,194,120,65,W
43,242,187,120,66,W
43,236,184,118,66,W
45,230,177,116,69,W
45,226,174,116,69,W
45,218,167,114,70,W
46,214,163,112,70,W
49,208,157,110,74,W
50,202,153,108,74,W
55,196,147,106,79,W
60,192,143,104,79,W+D
67,191,140,102,84,W+D
73,193,135,102,88,W+D
77,193,133,102,88,W+D
79,197,130,102,90,W+D
117,199,127,100,90,W+D
89,209,126,100,90,W+D
97,233,121,98,90,W+D
93,297,120,98,88,W+D
95,297,117,96,88,W+D
95,297,116,94,89,W+D
94,297,115,92,86,W+D
97,297,113,89,86,W+D
220,77,295,123,87,W+D
232,73,275,125,89,W
224,71,271,125,91,W
218,73,267,123,91,W
207,71,260,121,91,W
197,73,257,121,94,W
186,75,250,119,94,W
66,75,245,119,94,W
59,77,241,117,94,W
56,77,235,117,94,W
53,77,231,117,94,W
53,79,227,115,94,W
52,79,221,115,94,W
52,81,217,115,94,W
52,83,211,115,94,W
52,83,205,115,91,W
52,83,201,117,91,W
52,83,195,119,91,W
53,85,191,121,91,W
53,83,185,123,89,W
56,85,181,123,88,W
56,85,177,131,88,W
56,85,171,297,85,W
58,83,165,297,85,W
58,83,160,297,83,W
58,81,155,297,83,W
58,81,151,297,83,W
59,79,145,297,83,W
59,79,141,297,81,W
59,77,137,297,81,W
62,77,131,297,81,W
59,75,127,297,81,W
59,71,120,297,83,W
59,69,115,297,83,W
59,67,111,297,83,W+A
60,67,111,297,84,W+A
58,66,113,298,84,W+A
60,67,115,297,84,W+A
58,65,115,297,84,W+A
57,63,117,297,83,W+A
57,65,122,297,84,W+A
57,63,125,297,84,W+A
55,62,133,297,84,W+A
55,62,141,297,84,W+A
53,63,147,298,84,W+A
53,63,159,297,81,W+A
53,63,167,298,82,W+A
53,65,177,297,82,W+A
51,67,189,298,81,W+A
53,69,199,297,80,W+A
53,71,209,298,80,W+A
54,74,218,297,80,W+A
53,77,225,298,80,W+A
55,81,233,297,78,W+A
55,87,240,104,76,W
57,88,235,136,72,W
57,88,229,298,70,W
57,91,225,298,66,W
57,88,221,298,66,W
59,88,215,298,64,W
59,88,211,298,62,W
59,88,205,298,62,W
61,88,201,298,62,W
61,87,195,298,62,W
61,87,191,298,64,W
61,87,185,298,64,W
61,87,181,298,66,W
61,85,175,298,70,W
61,83,171,298,72,W
63,83,165,298,74,W
63,81,160,298,79,W
63,81,156,298,84,W
63,79,149,298,88,W
63,77,145,298,90,W
63,77,141,290,96,W
63,75,135,282,100,W
61,71,131,274,106,W
61,71,125,264,112,W
61,69,121,256,118,W
59,67,115,247,126,W
59,65,111,240,136,W
57,61,105,230,144,W
57,59,101,222,157,W
55,57,95,214,174,W
55,55,91,206,200,W
53,53,85,196,232,W
51,49,80,188,270,W
49,47,75,179,298,W+A
49,45,75,185,242,W+A
45,43,73,192,214,W+A
43,43,73,201,196,W+A
41,41,71,212,186,W+A
39,39,73,230,174,W+A
37,37,72,250,168,W+A
35,37,71,284,164,W+A
33,35,72,298,158,W+A
33,35,73,298,156,W+A
31,35,73,298,154,W+A
29,33,75,298,152,W+A
29,34,78,298,151,W+A
26,33,75,298,148,W+A
27,33,76,298,149,W+A
25,33,76,298,146,W+A
25,31,76,298,146,W+A
25,33,78,298,146,W+A
25,33,82,298,144,W+A
25,35,88,298,144,W+A
25,35,93,296,144,W
25,34,88,299,144,W
25,32,82,299,144,W
25,29,75,299,144,W
25,29,74,299,144,W
25,27,68,299,144,W
23,25,62,299,144,W
21,21,56,299,146,W
19,20,52,299,146,W
19,20,48,299,146,W+A
15,18,50,298,148,W+A
15,17,56,282,146,W+A
13,15,64,258,146,W+A
13,15,78,241,146,W+A
11,16,106,226,146,W+A
11,15,212,212,146,W+A
12,16,298,200,148,W+A
11,18,298,191,148,W+A
13,20,298,182,148,W+A
13,24,298,173,150,W+A
15,26,298,166,152,W+A
15,30,298,160,154,W+A
18,38,298,152,154,W+A
19,46,298,146,158,W+A
21,56,299,142,161,W+A
25,76,298,136,164,W+A
29,98,299,132,174,W+A
33,136,234,126,182,W+A
40,200,210,122,192,W+A
44,254,190,118,221,W+A
50,284,174,116,298,W+A
58,298,161,112,297,W+A
68,298,146,108,298,W+A
78,298,135,104,297,W+A
92,298,124,100,298,W+A
105,298,114,98,297,W+A
65,136,298,104,96,W
67,139,298,101,94,W
67,142,298,101,92,W
69,146,298,98,90,W
71,148,298,96,90,W
73,152,298,94,88,W
73,155,298,94,86,W
75,160,298,90,83,W
78,162,298,90,83,W
80,165,298,88,80,W
81,170,298,86,80,W
83,172,298,86,78,W
85,172,298,83,76,W
87,172,298,80,74,W
89,172,298,78,72,W
91,174,296,76,70,W
91,172,290,76,70,W
93,172,284,72,68,W
95,172,280,72,66,W
98,172,276,70,63,W
99,172,270,68,61,W
99,170,265,68,61,W
102,170,260,65,60,W
103,168,256,65,58,W
105,168,250,63,56,W
107,165,245,60,56,W
109,164,240,58,54,W
109,162,236,58,52,W
111,162,230,55,50,W
113,160,225,55,50,W
115,157,220,52,48,W
117,157,216,52,46,W
117,154,210,55,46,W+A
121,156,211,52,44,W+A
123,156,212,50,42,W+A
126,156,212,48,42,W+A
127,156,214,44,40,W+A
130,156,216,42,37,W+A
131,154,219,42,36,W+A
134,154,220,40,34,W+A
136,154,222,38,30,W+A
136,154,226,36,30,W+A
138,154,230,36,27,W+A
138,154,236,32,26,W+A
138,155,242,32,24,W+A
140,156,255,30,24,W
140,152,248,30,21,W
140,150,244,30,21,W
138,148,238,34,21,W
138,146,234,34,21,W
136,144,229,38,21,W
136,140,224,42,21,W
136,138,220,44,21,W
133,134,214,50,24,W
133,132,208,54,24,W
131,128,203,64,28,W
130,126,200,68,28,W
130,124,194,78,30,W
128,120,188,88,31,W
125,118,182,102,33,W
125,116,180,106,36,W
122,112,174,126,37,W
120,110,168,140,39,W
120,106,164,298,41,W
116,104,158,298,46,W
114,100,154,298,48,W
111,98,148,298,51,W
110,94,144,298,51,W
107,91,138,298,55,W
104,89,134,298,57,W
102,84,130,298,59,W
98,82,124,298,63,W
96,78,118,298,68,W
92,74,114,298,72,W
90,72,110,298,72,W
86,68,104,298,75,W
0,0,0,0,0,W
44,59,294,102,74,W
42,57,288,99,74,W
42,57,284,99,72,W
42,57,278,99,72,W
42,57,274,99,72,W
42,57,268,99,72,W
42,57,264,99,72,W
42,57,258,99,72,W
42,57,254,99,72,W
42,57,248,102,72,W
42,57,244,102,72,W
42,57,238,102,72,W
42,57,232,102,72,W
42,57,228,102,72,W
42,57,222,102,72,W
42,55,218,102,72,W
42,55,212,102,72,W
40,55,208,102,72,W
40,55,202,102,72,W
40,55,198,102,72,W
40,53,192,102,72,W
40,53,188,103,72,W
40,53,182,103,72,W
40,53,178,103,72,W
40,53,172,105,72,W
40,53,168,105,72,W
40,50,162,108,72,W
38,50,158,108,72,W
38,50,152,129,72,W
38,49,148,282,72,W
38,49,142,282,72,W
38,49,138,283,72,W
38,49,132,283,74,W
38,49,128,286,74,W
36,46,122,286,74,W
36,46,118,286,74,W
36,45,112,286,74,W
36,43,108,283,74,W
34,43,102,283,74,W
34,43,98,282,76,W
34,43,92,282,76,W
34,41,88,282,76,W+A
33,43,89,268,76,W+A
33,43,91,258,76,W+A
33,45,93,246,76,W+A
33,45,95,234,76,W+A
32,43,97,224,76,W+A
35,44,105,214,74,W+A
35,45,282,202,75,W+A
37,44,276,192,74,W+A
35,45,267,182,76,W+A
35,45,260,172,74,W+A
35,44,252,164,75,W+A
35,47,244,156,74,W
35,45,240,156,74,W
35,45,234,154,76,W
35,45,230,154,76,W
35,43,224,152,76,W
35,43,219,152,76,W
35,41,214,150,76,W
33,41,209,150,78,W
33,41,204,148,78,W
30,39,198,146,80,W
30,41,193,146,83,W
29,43,188,144,86,W
29,45,183,142,88,W
29,297,179,140,93,W
29,297,173,138,95,W
29,253,169,136,96,W
29,239,163,134,100,W+A
29,213,157,130,100,W+A
35,197,151,124,98,W+A
45,184,146,120,98,W+A
271,173,140,116,98,W+A
297,165,134,112,98,W+A
297,156,128,108,98,W
297,151,124,104,98,W
263,163,120,104,102,W+D
253,161,116,102,103,W+D
241,161,114,100,100,W+D
231,163,109,98,99,W+D
221,163,107,96,98,W+D
209,166,103,92,94,W+D
201,171,99,90,93,W+D
187,183,97,88,92,W+D
179,297,93,84,90,W+D
169,297,93,80,89,W+D
161,297,90,74,86,W+D
155,297,87,72,84,W+D
149,297,83,67,80,W+D
145,297,81,63,78,W+D
142,296,80,60,74,W+D
137,297,77,58,70,W+D
133,285,75,56,66,W+D
131,273,73,52,60,W+D
130,263,71,49,58,W+D
127,251,71,47,52,W+D
127,243,69,45,50,W+D
125,235,67,42,45,W+D
123,226,67,39,44,W+D
123,217,67,40,40,W+D
121,209,69,37,38,W+D
119,201,73,35,36,W+D
120,195,81,33,33,W+D
120,188,295,33,32,W+D
120,181,279,31,30,W+D
119,176,265,30,27,W+D
117,169,249,29,26,W+D
118,163,235,29,26,W+D
118,156,221,29,24,W+D
117,151,209,31,24,W+D
118,146,199,32,23,W+D
118,140,189,37,23,W+D
117,137,179,43,23,W
117,134,175,49,25,W
117,132,169,55,25,W
115,129,165,283,27,W
115,125,159,279,27,W
114,123,155,273,29,W
114,120,149,267,29,W
114,118,145,261,32,W
112,113,138,253,35,W
112,111,135,249,37,W
110,107,128,240,39,W
110,105,125,235,43,W
110,101,119,229,47,W
107,97,115,221,51,W
106,93,109,215,57,W
104,90,103,207,63,W
102,88,99,199,73,W
100,83,95,191,298,W
100,79,89,185,298,W
96,75,85,175,298,W
94,71,79,169,298,W
92,67,75,159,298,W+A
86,63,71,162,297,W+A
80,58,69,167,298,W+A
74,53,65,171,297,W+A
68,49,63,177,298,W+A
62,47,61,181,297,W+A
55,43,57,189,298,W+A
51,40,55,196,297,W+A
46,35,53,203,298,W+A
40,33,51,209,297,W+A
36,31,49,217,298,W+A
33,29,47,223,297,W+A
29,25,45,232,298,W+A
25,25,46,240,162,W+A
23,21,45,247,150,W+A
21,19,44,254,142,W+A
20,19,45,263,134,W+A
15,17,47,272,132,W+A
15,15,49,278,128,W+A
13,15,51,282,128,W+A
13,15,57,285,124,W+A
13,14,63,293,124,W+A
12,15,70,297,122,W+A
11,14,81,298,122,W+A
11,15,85,297,120,W+A
11,17,99,298,120,W+A
11,18,109,297,118,W+A
13,21,121,298,118,W+A
13,23,131,298,118,W+A
14,27,139,298,119,W+A
17,29,148,298,118,W+A
17,33,157,298,116,W+A
21,39,170,298,116,W+A
21,41,175,298,117,W+A
23,47,186,298,118,W+A
27,53,196,298,117,W+A
29,59,202,298,116,W+A
33,66,205,298,117,W+A
35,73,214,200,118,W+A
39,81,221,172,118,W+A
43,87,232,157,118,W+A
45,93,246,146,120,W+A
51,101,262,136,120,W+A
55,109,282,130,122,W+A
59,115,298,124,122,W+A
65,123,298,118,126,W+A
69,131,298,112,128,W
71,131,298,112,118,W
73,131,298,110,114,W
75,131,298,109,108,W
77,131,298,109,104,W
79,129,298,109,100,W
82,128,298,106,96,W
82,126,298,106,94,W
85,126,298,106,92,W
87,123,298,106,90,W
87,121,298,106,88,W
87,119,298,109,88,W
89,118,298,110,86,W
91,115,298,112,84,W
91,113,298,114,82,W
91,113,298,116,80,W
91,110,298,120,80,W
93,110,298,120,79,W
93,108,298,124,79,W
93,106,298,127,76,W
93,103,298,130,76,W
93,103,296,134,76,W
93,100,289,138,76,W
91,97,282,142,76,W
91,97,280,147,76,W
89,95,272,150,76,W
87,93,270,152,76,W
85,91,264,158,79,W+A
83,93,298,146,78,W+A
81,95,298,137,78,W+A
79,98,298,126,79,W+A
79,102,298,118,76,W+A
77,104,298,112,78,W+A
78,109,298,106,78,W+A
79,117,298,100,76,W+A
79,124,298,95,76,W+A
80,136,298,90,76,W
81,138,298,88,74,W
83,138,298,88,72,W
83,140,298,88,72,W
85,141,298,86,70,W
85,144,298,86,68,W
87,146,298,84,68,W
87,147,298,83,66,W
89,150,298,83,66,W
89,150,298,80,64,W
91,151,298,78,64,W
91,154,298,78,62,W
93,156,298,76,62,W
93,157,298,76,62,W
95,160,298,76,60,W
95,160,298,74,60,W
97,162,298,73,58,W
97,162,296,73,58,W
97,164,290,73,58,W
99,166,286,70,56,W
99,166,282,68,56,W
99,164,276,68,56,W
101,164,272,68,54,W
101,164,266,66,54,W
103,162,262,66,52,W
103,162,256,66,52,W
103,160,252,66,52,W
105,160,246,64,52,W
105,160,241,63,50,W
107,157,236,63,50,W
107,156,230,63,50,W
107,154,226,60,48,W
0,0,0,0,0,W+D
45,57,275,105,74,W+D
45,55,247,112,72,W+D
43,51,201,121,74,W+D
41,47,163,136,76,W
40,45,159,136,76,W
40,45,153,137,78,W
37,42,149,140,78,W
37,41,145,142,80,W
35,41,139,145,80,W
35,39,135,148,82,W
33,39,129,149,82,W
31,36,125,153,84,W
31,35,121,155,84,W
29,33,111,160,86,W
27,31,105,163,86,W
27,29,101,297,88,W
25,29,97,297,88,W
25,27,91,297,90,W
23,27,87,297,90,W
21,25,81,297,91,W
21,23,77,297,93,W
19,21,73,297,95,W
19,21,67,297,95,W
17,18,63,297,98,W
15,17,57,297,98,W
15,17,53,297,100,W
13,15,49,297,100,W
13,13,43,297,102,W+A
11,13,45,298,102,W+A
11,12,57,297,100,W+A
9,11,61,298,102,W+A
8,11,78,297,102,W+A
9,13,101,298,100,W+A
9,12,109,291,100,W+A
9,15,117,272,100,W+A
11,17,123,254,100,W+A
11,17,129,238,100,W+A
13,23,140,154,100,W+A
13,27,150,132,100,W+A
17,33,298,120,100,W
17,37,298,126,98,W
19,39,298,130,96,W
21,39,298,148,94,W
21,41,298,190,93,W
25,41,298,194,90,W
25,43,298,197,88,W
27,43,298,197,86,W
27,41,295,197,86,W
29,41,291,197,84,W
29,41,286,200,82,W
29,41,281,200,81,W
31,39,276,200,81,W
29,37,271,200,81,W
29,37,266,197,82,W
29,35,261,197,84,W
29,33,257,197,84,W
27,31,252,195,86,W
27,29,247,194,88,W
25,27,242,192,90,W
25,25,237,192,93,W
22,23,231,190,96,W
19,21,227,188,100,W
19,19,221,186,102,W
17,17,217,186,106,W
15,17,211,183,110,W
15,13,205,180,115,W
13,11,201,178,120,W
9,11,196,176,124,W
7,9,192,172,128,W
7,9,187,169,132,W
5,7,182,168,136,W
5,5,177,164,136,W
5,5,171,162,139,W
5,5,167,160,139,W
5,11,161,156,140,W
7,297,155,154,142,W
9,297,151,150,142,W
15,297,145,146,142,W
25,297,141,142,142,W
53,297,136,137,142,W+D
65,297,132,132,140,W+D
69,297,129,128,141,W+D
75,297,125,122,138,W+D
79,297,121,116,137,W+D
79,287,119,111,136,W+D
81,271,115,107,132,W+D
83,257,115,104,130,W+D
84,243,114,99,128,W+D
85,231,111,96,122,W+D
85,218,111,91,116,W+D
87,209,113,85,110,W+D
88,198,115,83,102,W+D
88,189,125,79,98,W+D
87,181,297,75,94,W+D
88,172,297,73,88,W+D
87,167,297,70,84,W+D
87,159,297,67,78,W+D
87,151,285,65,74,W+D
90,145,266,63,70,W
90,145,263,63,68,W
92,142,257,61,66,W
93,141,251,59,63,W
95,139,247,57,60,W
98,139,242,55,55,W
99,135,237,53,54,W
101,133,231,53,52,W
101,131,227,51,48,W
104,129,222,51,46,W
104,127,216,49,46,W
105,125,213,49,42,W
105,123,207,49,39,W
105,121,201,49,39,W
105,117,197,49,37,W
107,115,193,49,36,W
107,113,187,53,36,W
105,111,181,57,36,W
105,107,177,297,36,W
105,105,172,297,34,W
104,103,166,297,36,W
101,101,161,297,36,W
101,99,157,295,36,W
99,94,153,289,37,W
98,92,147,283,39,W
95,89,141,279,42,W
95,87,137,272,43,W
92,83,133,265,48,W+A
87,81,133,269,50,W+A
85,79,136,273,52,W+A
81,79,141,273,54,W+A
77,77,143,273,56,W+A
75,77,145,275,56,W+A
73,79,151,280,58,W+A
71,77,151,281,60,W+A
69,79,155,286,60,W+A
67,79,159,291,64,W+A
67,80,163,298,64,W+A
66,83,166,297,66,W+A
65,83,169,298,66,W+A
65,87,171,297,66,W+A
65,87,175,298,68,W+A
67,91,180,297,68,W+A
67,93,181,298,70,W+A
69,95,185,298,70,W+A
69,99,189,298,70,W
71,97,183,298,72,W
71,95,177,298,75,W
71,95,173,298,76,W
71,93,169,298,80,W
71,91,163,298,84,W
73,91,159,298,86,W
73,89,153,298,88,W
71,87,148,298,94,W
71,85,143,298,96,W
71,83,139,298,100,W
71,81,134,298,105,W
71,79,129,298,110,W
69,77,123,298,116,W
69,73,118,286,121,W
69,71,113,276,126,W
67,68,109,264,135,W
67,67,104,252,144,W
65,63,99,242,152,W
62,61,93,230,166,W
61,59,88,218,176,W+A
59,57,87,236,168,W+A
57,55,87,256,162,W+A
53,53,87,290,156,W+A
53,53,85,298,150,W+A
49,49,83,298,148,W+A
47,49,81,298,144,W+A
45,47,79,298,143,W+A
43,46,79,298,140,W+A
41,45,77,298,140,W+A
39,45,78,298,138,W+A
39,43,80,298,136,W+A
39,44,81,298,137,W+A
37,43,82,298,134,W+A
37,41,86,298,134,W+A
37,39,92,298,134,W+A
35,39,98,294,135,W
35,37,93,299,135,W
33,34,88,299,135,W
33,34,84,299,135,W
29,32,80,299,136,W
27,29,74,299,138,W
25,27,68,299,140,W
23,25,62,299,140,W
23,23,60,299,142,W
21,21,54,299,144,W
19,20,48,299,146,W
17,17,42,299,146,W
13,15,38,299,149,W
13,13,34,299,150,W
11,11,28,299,152,W
9,10,24,299,154,W+A
7,8,24,298,152,W+A
5,5,20,299,152,W+A
5,6,20,298,152,W+A
3,4,20,260,150,W+A
3,4,30,240,150,W+A
3,6,58,226,150,W+A
4,6,244,214,150,W+A
3,6,280,203,150,W+A
3,5,298,194,150,W+A
5,8,298,186,150,W+A
5,10,298,178,152,W+A
7,14,298,168,152,W+A
9,18,298,162,152,W+A
12,26,298,156,154,W+A
13,34,299,150,154,W+A
16,46,298,146,157,W
18,52,298,144,154,W
21,61,298,141,150,W
23,68,298,138,148,W
25,76,298,136,144,W
29,86,298,134,142,W
31,92,298,132,139,W
34,98,298,130,136,W
36,104,298,128,134,W
39,114,298,126,131,W
42,120,298,123,128,W
43,128,298,121,126,W
47,134,298,118,124,W
49,140,298,116,122,W
51,143,298,114,119,W
54,143,298,112,118,W
57,146,298,110,116,W
59,148,298,106,111,W
62,150,298,104,110,W
64,150,292,103,108,W
67,152,288,100,104,W
69,152,283,98,101,W
72,150,278,96,100,W
75,152,272,94,98,W
77,152,266,90,93,W
80,152,262,88,91,W
82,150,257,86,90,W
85,150,252,84,88,W
87,150,246,80,86,W
89,148,242,80,82,W
93,148,239,79,80,W
95,146,232,76,78,W
97,146,228,76,76,W
100,142,222,79,73,W
100,142,218,80,72,W
0,0,0,0,0,W
44,59,294,102,74,W
42,57,288,99,74,W
42,57,284,99,72,W
42,57,278,99,72,W
42,57,274,99,72,W
42,57,268,99,72,W
42,57,264,99,72,W
42,57,258,99,72,W
42,57,254,99,72,W
42,57,248,102,72,W
42,57,244,102,72,W
42,57,238,102,72,W
42,57,232,102,72,W
42,57,228,102,72,W
42,57,222,102,72,W
42,55,218,102,72,W
42,55,212,102,72,W
40,55,208,102,72,W
40,55,202,102,72,W
40,55,198,102,72,W
40,53,192,102,72,W
40,53,188,103,72,W
40,53,182,103,72,W
40,53,178,103,72,W
40,53,172,105,72,W
40,53,168,105,72,W
40,50,162,108,72,W
38,50,158,108,72,W
38,50,152,129,72,W
38,49,148,282,72,W
38,49,142,282,72,W
38,49,138,283,72,W
38,49,132,283,74,W
38,49,128,286,74,W
36,46,122,286,74,W
36,46,118,286,74,W
36,45,112,286,74,W
36,43,108,283,74,W
34,43,102,283,74,W
34,43,98,282,76,W
34,43,92,282,76,W
34,41,88,282,76,W
32,39,82,279,78,W
32,39,78,276,80,W
32,36,72,276,84,W+A
31,37,73,265,82,W+A
31,37,73,258,82,W+A
31,37,73,246,84,W+A
29,36,75,237,82,W+A
31,35,75,228,84,W+A
29,35,80,218,84,W+A
29,34,85,208,84,W+A
29,33,264,197,84,W+A
29,33,256,190,84,W+A
27,32,247,182,84,W+A
27,33,241,174,84,W+A
27,33,234,165,84,W+A
25,35,228,158,84,W+A
25,37,220,152,84,W+A
26,38,214,146,84,W+A
26,41,206,138,84,W+A
27,49,199,132,84,W+A
29,225,192,126,83,W+A
29,219,184,120,82,W+A
31,211,174,114,82,W+A
35,204,164,106,80,W+A
39,197,156,100,81,W+A
47,189,146,96,80,W
297,183,142,96,78,W
297,179,137,96,76,W
297,175,132,94,75,W
297,170,126,93,72,W
297,165,121,90,72,W+D
297,163,120,88,70,W+D
297,162,118,88,70,W+D
297,161,116,87,72,W+D
297,159,114,84,72,W+D
297,160,111,84,74,W+D
297,157,110,82,76,W+D
297,157,108,80,78,W+D
296,158,108,78,76,W+D
297,157,104,76,74,W+D
290,155,102,74,74,W+D
279,155,98,72,73,W+D
265,157,95,72,70,W+D
257,157,91,70,68,W+D
243,157,87,68,68,W+D
233,159,85,66,64,W+D
219,162,83,64,64,W+D
204,167,80,62,62,W+D
195,175,77,60,60,W+D
181,189,75,57,58,W+D
175,297,73,56,56,W+D
165,297,71,52,56,W+D
159,297,71,50,54,W+D
154,296,68,45,52,W+D
149,297,67,43,50,W+D
143,297,65,40,46,W+D
141,297,63,37,44,W+D
139,295,61,36,40,W+D
135,283,63,35,38,W+D
133,273,61,34,34,W+D
132,263,59,32,31,W+D
131,253,61,31,30,W+D
129,245,59,29,27,W+D
129,236,61,28,26,W+D
127,227,60,27,24,W+D
128,219,61,25,24,W+D
125,213,65,25,22,W+D
125,205,69,25,22,W+D
126,198,83,26,20,W+D
126,189,283,25,19,W+D
124,182,267,25,19,W+D
126,175,255,23,20,W+D
125,169,242,23,18,W+D
124,161,229,25,19,W+D
124,155,219,27,19,W+D
124,148,207,29,20,W
124,148,203,29,20,W
124,145,199,29,20,W
122,143,193,33,20,W
122,141,189,35,20,W
122,139,183,35,20,W
120,137,179,39,21,W
120,134,172,43,23,W
120,132,169,51,23,W
117,129,162,281,25,W
117,127,159,275,25,W
117,123,153,269,27,W
115,121,149,263,29,W
115,118,143,257,32,W
114,115,137,251,34,W
114,111,133,245,37,W
112,109,128,237,39,W
112,105,123,231,42,W
110,101,119,224,47,W+A
108,98,117,229,49,W+A
104,93,115,233,51,W+A
104,91,113,237,51,W+A
99,87,111,242,55,W+A
98,85,111,247,56,W+A
96,81,111,251,58,W+A
92,78,111,256,58,W+A
87,77,111,259,60,W+A
83,73,113,265,62,W+A
80,71,113,269,62,W+A
75,69,115,273,63,W+A
71,67,115,277,66,W+A
69,67,121,282,65,W+A
65,65,123,286,68,W+A
63,63,127,288,68,W+A
60,63,133,289,70,W+A
58,63,135,291,70,W+A
57,62,141,296,72,W+A
55,65,147,298,70,W+A
53,65,151,297,72,W
53,65,147,297,74,W
53,61,141,294,78,W
53,61,137,285,82,W
51,59,131,280,88,W
51,59,127,273,92,W
49,57,121,268,100,W
47,55,115,260,108,W
47,52,111,253,114,W
45,51,105,248,124,W
45,51,103,242,132,W
43,47,95,235,146,W+A
43,47,99,240,140,W+A
42,49,100,245,136,W+A
41,47,103,252,132,W+A
39,47,105,260,128,W+A
39,49,107,270,128,W+A
39,49,109,282,126,W+A
39,49,111,296,124,W+A
39,51,115,298,123,W+A
37,49,118,298,124,W+A
39,51,121,298,122,W+A
39,53,126,298,120,W+A
39,55,131,298,120,W+A
41,57,136,298,118,W+A
40,57,141,298,118,W+A
43,59,145,298,118,W+A
43,61,147,298,118,W+A
43,64,150,298,117,W+A
45,67,154,298,116,W+A
47,69,157,298,117,W+A
47,69,164,298,118,W+A
51,75,173,280,117,W+A
51,77,182,236,118,W+A
53,81,198,203,116,W+A
55,85,214,181,116,W+A
57,89,238,166,116,W+A
59,93,270,152,118,W
59,93,265,156,116,W
61,89,260,160,114,W
62,89,256,160,112,W
62,87,250,165,112,W
65,85,246,166,108,W
65,83,240,170,108,W
65,82,238,173,106,W
65,80,230,178,106,W
65,80,228,180,104,W
65,77,222,186,104,W
65,75,214,190,104,W
67,73,212,193,103,W
65,72,204,198,103,W
65,69,202,200,103,W
62,67,196,204,103,W
62,67,192,206,103,W
59,64,185,211,104,W
59,64,182,214,104,W
57,62,176,220,106,W
55,59,172,222,106,W
53,57,166,226,108,W
51,55,160,230,110,W
51,54,156,234,110,W
49,51,150,239,112,W
47,51,146,242,112,W
45,49,140,246,114,W
45,47,136,250,116,W
0,0,0,0,0,W+A
45,63,297,96,74,W+A
43,66,297,91,74,W+A
45,73,297,86,72,W+A
46,80,297,81,72,W+A
47,87,297,78,72,W
49,91,297,76,70,W
51,93,297,74,68,W
51,93,297,74,66,W
53,97,297,70,64,W
53,99,297,70,64,W
55,99,297,68,62,W
55,101,297,66,62,W
57,105,297,64,59,W
58,105,297,64,59,W
61,107,297,62,57,W
61,109,297,60,54,W
63,111,297,58,54,W
63,113,297,58,52,W
65,115,297,56,50,W
67,115,297,56,48,W
67,117,297,54,48,W
67,117,297,52,46,W
69,119,297,50,44,W
71,121,297,50,44,W
71,121,297,48,42,W
73,123,297,46,40,W
73,123,297,44,40,W
75,123,297,44,40,W
75,123,297,42,38,W
77,125,297,42,36,W
77,123,297,40,36,W
77,123,297,40,34,W
79,123,297,36,32,W
79,121,297,36,32,W
81,121,297,36,30,W
81,119,297,34,29,W
83,117,297,32,29,W
83,115,297,32,26,W
83,113,297,32,26,W
85,111,297,30,25,W
85,109,297,30,25,W
85,107,297,28,25,W
87,105,295,34,22,W
87,103,292,36,22,W
87,99,286,44,20,W
87,97,281,58,20,W
89,95,275,138,22,W
87,93,271,140,25,W+D
87,89,272,154,28,W+D
89,85,271,166,32,W+D
87,81,271,178,38,W
87,77,267,178,40,W+A
85,75,257,167,44,W+A
81,73,247,160,45,W+A
77,71,237,152,48,W+A
75,71,227,144,50,W+A
69,71,217,138,52,W+A
67,73,209,130,52,W+A
64,85,199,123,55,W+A
63,297,190,117,56,W+A
60,297,181,112,56,W+A
59,257,173,108,58,W+A
61,235,166,102,59,W+A
61,221,157,98,60,W+A
63,210,147,94,60,W+A
71,197,138,90,60,W+A
297,187,130,86,63,W+A
0,0,0,0,0,W
44,59,294,102,74,W
42,57,288,99,74,W
42,57,284,99,72,W
42,57,278,99,72,W
42,57,274,99,72,W
42,57,268,99,72,W
42,57,264,99,72,W
42,57,258,99,72,W
42,57,254,99,72,W
42,57,248,102,72,W
42,57,244,102,72,W
42,57,238,102,72,W
42,57,232,102,72,W
42,57,228,102,72,W
42,57,222,102,72,W
42,55,218,102,72,W
42,55,212,102,72,W
40,55,208,102,72,W
40,55,202,102,72,W
40,55,198,102,72,W
40,53,192,102,72,W
40,53,188,103,72,W
40,53,182,103,72,W
40,53,178,103,72,W
40,53,172,105,72,W
40,53,168,105,72,W
40,50,162,108,72,W
38,50,158,108,72,W
38,50,152,129,72,W
38,49,148,282,72,W
38,49,142,282,72,W
38,49,138,283,72,W
38,49,132,283,74,W
38,49,128,286,74,W
36,46,122,286,74,W
36,46,118,286,74,W
36,45,112,286,74,W
36,43,108,283,74,W
34,43,102,283,74,W
34,43,98,282,76,W
34,43,92,282,76,W
34,41,88,282,76,W
32,39,82,279,78,W
32,39,78,276,80,W
53,297,158,83,238,W
57,293,148,78,214,W
61,289,142,72,198,W
65,283,138,68,183,W
69,279,132,63,166,W
71,275,125,58,150,W
73,271,122,52,134,W
77,266,116,48,121,W
79,261,110,42,104,W
82,256,105,40,92,W
85,251,100,38,79,W
87,247,96,34,64,W
91,241,90,32,50,W
91,236,96,30,44,W
95,231,80,26,30,W
99,225,80,24,28,W
104,221,70,20,24,W
109,216,74,19,21,W
297,211,58,17,18,W
297,205,58,14,14,W
297,201,48,12,12,W
297,195,48,12,10,W
297,190,38,8,8,W
297,183,38,8,6,W+D
297,183,56,6,6,W+D
297,185,57,6,6,W+D
297,185,58,8,4,W+D
297,185,62,8,6,W+D
297,187,60,10,7,W+D
297,189,62,14,8,W+D
297,191,62,16,9,W+D
297,191,63,22,10,W+D
296,196,65,24,12,W+D
297,197,66,24,16,W+D
297,201,70,24,17,W+D
145,203,72,24,18,W+D
137,207,75,24,18,W+D
133,211,79,24,18,W+D
131,215,82,28,19,W+D
128,219,83,28,21,W+D
129,227,88,28,20,W+D
129,237,89,29,21,W+D
127,257,93,32,22,W+D
127,297,95,31,22,W+D
127,297,95,33,22,W+D
125,297,95,35,24,W+D
127,297,97,38,26,W+D
126,296,98,40,28,W+D
127,297,99,42,28,W+D
129,297,101,44,28,W+D
129,297,105,46,30,W+D
132,297,109,48,32,W+D
133,297,111,49,33,W+D
135,295,115,51,34,W+D
137,281,119,51,36,W+D
143,265,123,51,38,W+D
149,251,127,51,40,W+D
155,233,135,53,42,W+D
175,219,141,53,42,W+D
196,203,155,55,41,W+D
213,188,297,57,42,W+D
227,175,297,61,42,W+D
242,164,296,64,44,W+D
256,153,297,65,43,W+D
268,143,297,69,45,W+D
283,135,291,71,46,W+D
297,125,275,75,49,W+D
298,119,261,79,51,W+D
298,113,246,85,54,W+D
298,109,235,89,55,W+D
298,104,221,97,57,W+D
298,97,207,109,60,W+D
298,93,193,297,63,W+D
298,90,181,297,65,W
298,87,177,297,67,W
298,85,171,297,67,W
298,83,167,297,69,W
298,81,161,297,71,W
298,80,157,297,73,W
88,77,151,291,73,W
80,75,147,284,75,W
74,74,141,277,77,W
72,72,135,269,79,W
68,69,131,263,82,W
68,68,127,255,83,W+A
64,69,127,263,82,W+A
61,69,127,271,83,W+A
60,69,127,281,83,W+A
60,71,128,291,83,W+A
58,71,127,297,83,W+A
58,73,129,297,83,W+A
60,73,130,297,83,W+A
58,73,133,297,83,W+A
59,77,133,297,83,W+A
60,77,135,297,84,W+A
61,78,138,298,84,W+A
60,77,141,297,84,W+A
62,77,145,297,84,W+A
62,77,149,297,82,W+A
63,77,153,297,84,W+A
65,79,159,297,82,W+A
64,79,169,297,82,W+A
65,81,179,297,80,W+A
65,83,187,298,82,W+A
65,83,197,103,80,W+A
67,85,209,97,78,W+A
67,86,217,90,78,W+A
67,88,227,83,78,W+A
69,93,237,78,76,W+A
69,95,245,75,76,W+A
70,98,252,71,74,W+A
71,104,259,66,72,W+A
71,109,263,64,72,W+A
73,117,269,60,70,W+A
75,125,273,57,68,W+A
77,131,281,54,68,W+A
79,141,283,50,64,W+A
83,149,283,46,61,W
85,149,279,46,54,W
87,149,275,44,50,W
87,149,270,44,44,W
89,149,265,44,40,W
90,149,259,44,36,W
93,147,254,46,36,W
93,147,249,46,34,W
95,145,245,52,32,W
97,145,240,54,31,W
99,145,235,62,31,W
99,143,229,76,32,W
99,141,224,98,32,W
101,141,219,298,32,W
101,138,215,298,34,W
103,137,210,298,36,W
103,135,203,298,38,W
103,133,199,298,40,W
104,131,194,298,43,W
104,128,189,298,46,W
104,127,185,298,48,W
104,125,180,298,52,W+A
107,125,179,298,52,W+A
107,127,177,298,55,W+A
107,125,178,298,56,W+A
109,125,179,298,56,W+A
108,127,181,298,56,W+A
109,127,183,298,56,W+A
109,127,186,298,58,W+A
108,126,190,298,59,W+A
109,127,196,298,58,W+A
109,127,204,230,59,W+A
111,127,214,168,60,W+A
110,125,226,140,58,W+A
111,125,240,120,58,W+A
110,125,260,110,58,W+A
111,123,284,105,60,W+A
111,126,298,94,58,W
111,123,298,100,58,W
111,121,298,102,58,W
111,119,298,106,58,W
111,117,298,110,58,W
111,115,294,115,58,W
111,114,288,120,58,W
109,111,282,124,61,W
106,109,278,132,61,W
104,107,274,134,61,W
103,105,268,139,62,W
101,104,264,144,64,W
99,102,257,149,66,W
97,99,252,154,68,W
95,97,250,156,68,W
93,95,244,164,70,W
90,93,238,168,72,W
89,92,232,174,75,W
87,89,227,178,76,W
85,87,224,180,78,W
83,85,218,188,80,W
81,83,213,192,82,W
79,81,208,198,84,W
76,80,202,202,86,W
76,77,200,299,86,W
73,75,194,299,91,W
71,73,188,299,92,W
69,71,182,299,94,W
69,71,180,299,96,W
0,0,0,0,0,W
44,59,294,102,74,W
42,57,288,99,74,W
42,57,284,99,72,W
42,57,278,99,72,W
42,57,274,99,72,W
42,57,268,99,72,W
42,57,264,99,72,W
43,65,291,91,72,W+A
43,69,297,86,72,W+A
43,77,297,81,72,W
44,77,297,80,70,W
46,79,297,80,70,W
46,80,297,78,68,W
49,83,297,78,68,W
50,85,297,74,66,W
50,86,297,74,64,W
53,89,297,72,62,W
53,89,297,72,60,W
55,89,297,70,60,W
55,91,297,68,58,W
57,93,297,66,56,W
59,95,297,63,54,W
59,97,297,63,54,W
61,97,297,61,52,W
61,97,297,60,52,W
61,97,297,60,50,W
63,99,297,60,50,W
63,99,297,57,48,W
65,99,297,57,46,W
65,97,297,55,45,W
67,97,297,54,45,W
67,95,297,54,42,W
67,93,297,57,42,W
69,93,297,63,41,W
69,91,297,72,41,W+A
69,91,297,70,40,W+A
71,90,297,65,41,W+A
71,91,287,62,38,W+A
73,93,277,58,38,W+A
75,93,267,56,37,W+A
77,95,255,54,36,W+A
77,97,245,51,34,W+A
79,101,235,48,32,W+A
79,105,223,46,32,W
77,107,219,50,32,W
79,297,215,50,32,W
77,297,210,54,32,W
77,297,206,60,32,W
77,293,199,64,32,W
77,285,193,72,32,W
77,279,189,82,34,W
75,271,186,86,34,W
75,265,179,88,36,W
75,257,174,88,38,W
75,253,169,86,41,W
75,245,164,86,41,W
75,239,159,86,44,W
75,233,156,84,46,W
75,227,149,84,49,W
75,219,145,82,52,W
77,215,139,82,56,W+D
77,215,140,81,58,W+D
79,219,137,82,64,W+D
79,225,137,84,64,W+D
79,233,133,83,66,W+D
79,254,133,84,66,W+D
81,297,132,86,68,W+D
79,297,129,88,68,W+D
79,297,129,88,70,W+D
79,297,130,90,70,W+D
79,297,129,89,70,W+D
81,297,127,88,72,W+D
81,297,129,89,72,W+D
80,296,128,88,74,W+D
81,297,127,85,74,W+D
81,295,127,85,76,W+D
80,279,129,83,76,W+D
82,265,129,81,76,W+D
82,255,129,81,76,W+D
81,241,131,80,76,W+D
81,227,134,80,74,W+D
81,217,141,79,74,W+D
80,201,153,80,72,W+D
81,191,297,77,70,W+D
80,179,297,77,68,W+D
80,167,297,78,68,W+D
80,157,297,77,67,W+D
81,147,297,79,66,W+D
79,138,281,80,68,W
79,140,277,78,65,W
79,140,271,76,65,W
81,142,267,74,65,W
81,140,261,74,65,W
84,142,257,72,64,W
84,140,251,70,64,W
85,142,247,68,61,W
85,140,241,68,61,W
88,138,237,66,60,W
88,138,231,66,58,W
89,136,227,64,58,W
92,136,223,62,54,W
92,134,217,62,54,W
94,132,213,62,51,W
94,130,207,62,51,W
95,130,203,60,50,W
95,126,197,62,50,W
98,124,193,62,45,W
98,122,186,64,45,W
98,120,183,64,44,W
98,118,176,70,44,W
99,114,171,76,44,W
99,112,166,298,44,W
99,110,161,298,44,W
99,108,156,298,44,W
99,104,151,298,44,W
99,102,147,298,44,W
98,98,141,292,45,W
98,96,137,286,45,W
98,92,131,282,47,W+A
96,91,133,283,48,W+A
94,89,135,287,48,W+A
92,86,137,291,50,W+A
87,83,141,295,49,W+A
85,83,145,297,50,W+A
82,82,147,297,52,W+A
80,81,153,297,52,W+A
77,79,157,298,52,W+A
75,81,161,297,52,W+A
73,81,167,298,52,W+A
71,83,173,297,51,W+A
72,83,179,298,52,W+A
69,83,181,297,54,W+A
69,87,189,298,54,W+A
68,89,192,297,54,W+A
69,91,197,298,54,W+A
69,95,201,297,54,W+A
69,101,205,298,54,W+A
71,103,209,297,54,W+A
71,107,213,298,54,W+A
73,110,215,298,54,W+A
75,115,221,298,54,W+A
77,119,223,298,54,W+A
81,124,223,298,55,W+A
83,127,225,134,54,W+A
86,133,228,110,54,W+A
91,137,230,100,53,W+A
93,141,235,92,54,W+A
95,143,240,88,55,W+A
101,148,248,82,52,W+A
103,151,256,78,55,W+A
106,155,268,74,52,W+A
111,157,282,70,53,W
111,156,276,70,50,W
113,156,272,72,50,W
115,156,267,70,48,W
117,154,264,72,48,W
117,151,257,74,48,W
117,149,252,79,48,W
119,147,247,81,48,W
119,143,242,86,48,W
119,141,237,92,48,W
119,137,232,104,48,W
119,135,228,116,50,W
119,131,222,136,50,W
119,129,218,155,50,W
119,125,212,180,53,W
119,123,206,200,53,W
117,119,202,224,54,W
117,117,196,244,56,W
117,113,192,270,58,W
117,111,188,288,60,W
115,109,184,298,60,W
113,105,178,298,63,W
113,103,172,298,66,W
111,99,167,298,68,W+A
109,97,175,298,70,W+A
107,97,186,236,70,W+A
101,95,200,205,70,W+A
97,95,218,182,72,W+A
93,95,240,164,72,W+A
89,95,276,148,72,W+A
87,97,298,138,72,W+A
85,99,298,128,72,W+A
83,101,298,121,72,W+A
81,105,298,114,72,W+A
81,109,298,109,72,W+A
82,116,298,103,72,W+A
81,121,298,97,72,W+A
83,132,298,92,72,W+A
85,141,298,86,70,W+A
85,155,298,82,70,W
88,158,298,80,68,W
90,160,298,78,66,W
90,161,298,78,66,W
91,164,298,76,64,W
93,166,298,75,64,W
93,167,298,75,62,W
95,170,298,72,62,W
95,172,298,72,60,W
97,173,298,70,60,W
97,175,298,69,60,W
99,178,298,69,58,W
99,180,298,66,58,W
101,180,298,66,56,W
101,182,298,66,56,W
103,182,298,64,54,W
105,180,294,62,51,W
105,180,290,60,51,W
107,180,284,60,50,W
107,180,280,58,50,W
109,178,274,58,47,W
109,178,271,56,47,W
111,178,264,54,45,W
113,175,260,54,44,W
113,175,254,52,44,W
115,173,250,52,42,W
115,172,244,50,42,W
117,170,240,49,40,W
117,167,234,49,40,W
119,166,230,46,38,W
119,166,224,46,38,W
121,164,220,44,38,W
121,160,214,44,36,W
123,158,210,44,36,W
123,158,204,46,34,W
125,154,200,52,34,W
125,152,194,298,32,W
127,148,190,298,32,W
127,146,186,298,32,W
0,0,0,0,0,W
44,59,294,102,74,W
42,57,288,99,74,W
42,57,284,99,72,W
42,57,278,99,72,W
42,57,274,99,72,W
42,57,268,99,72,W
42,57,264,99,72,W
42,57,258,99,72,W
42,57,254,99,72,W
42,57,248,102,72,W
42,57,244,102,72,W
42,57,238,102,72,W
42,57,232,102,72,W
42,57,228,102,72,W
42,57,222,102,72,W
42,55,218,102,72,W
42,55,212,102,72,W
40,55,208,102,72,W
40,55,202,102,72,W
40,55,198,102,72,W
40,53,192,102,72,W
40,53,188,103,72,W
40,53,182,103,72,W
40,53,178,103,72,W
40,53,172,105,72,W
40,53,168,105,72,W
40,50,162,108,72,W
38,50,158,108,72,W
38,50,152,129,72,W
38,49,148,282,72,W
38,49,142,282,72,W
38,49,138,283,72,W
38,49,132,283,74,W
38,49,128,286,74,W
36,46,122,286,74,W
36,46,118,286,74,W
36,45,112,286,74,W
36,43,108,283,74,W
34,43,102,283,74,W
34,43,98,282,76,W
34,43,92,282,76,W+A
35,43,95,269,76,W+A
33,44,97,258,76,W+A
33,45,99,246,74,W+A
33,47,101,234,74,W+A
35,47,103,222,74,W+A
35,49,115,210,74,W+A
37,49,286,200,75,W+A
37,49,279,188,74,W+A
37,49,271,180,72,W+A
39,49,263,168,72,W+A
39,49,255,160,72,W+A
39,51,247,150,73,W+A
39,53,240,140,72,W+A
38,55,232,126,70,W
41,55,227,132,70,W
38,55,223,136,70,W
38,55,218,136,70,W
38,55,211,136,70,W
38,55,208,134,70,W
38,57,202,132,70,W
38,59,198,132,70,W
38,257,194,130,72,W
38,247,187,128,72,W
37,241,181,128,74,W
37,235,178,126,76,W
38,227,172,124,78,W
38,221,167,122,80,W
41,215,162,120,82,W
41,209,157,118,84,W
43,203,154,116,86,W
49,195,147,112,88,W
57,189,142,110,90,W
243,185,138,108,92,W
251,179,132,106,97,W
259,173,128,102,97,W
264,169,123,100,97,W
273,163,117,96,97,W+D
260,161,113,94,95,W+D
249,161,109,94,93,W+D
239,163,107,91,93,W+D
229,161,103,88,90,W+D
217,165,100,88,88,W+D
205,169,97,84,86,W+D
193,177,95,81,84,W+D
185,189,91,78,82,W+D
175,297,89,76,80,W+D
167,297,88,72,78,W+D
159,297,85,68,76,W+D
151,297,83,64,74,W+D
147,297,81,62,72,W+D
144,296,78,58,70,W+D
139,297,77,54,66,W+D
135,293,73,51,62,W+D
133,281,71,50,56,W+D
132,271,71,48,54,W+D
129,259,71,45,50,W+D
127,251,69,43,46,W+D
125,241,67,42,42,W+D
123,233,67,39,42,W+D
123,223,67,37,38,W+D
123,215,69,35,36,W+D
122,209,71,33,34,W+D
121,201,75,33,31,W+D
120,195,83,31,30,W+D
120,187,289,31,30,W+D
119,182,272,30,26,W+D
120,173,257,29,26,W+D
120,167,243,29,26,W
120,165,239,27,24,W
120,163,233,27,24,W
120,161,228,25,22,W
121,159,223,25,19,W
124,157,218,23,19,W
124,153,213,23,19,W
124,151,209,23,17,W
124,149,203,23,17,W
124,145,199,23,17,W
124,143,193,23,17,W
125,141,187,23,16,W
125,137,185,23,16,W
125,135,179,25,16,W
125,131,173,27,16,W
125,129,169,31,17,W
125,125,163,37,19,W
124,121,159,279,19,W
124,119,152,273,19,W
124,115,147,267,22,W
124,111,142,263,24,W
124,109,139,257,26,W
121,105,133,251,29,W
120,101,129,247,31,W
118,97,123,239,35,W
116,95,119,233,41,W
113,91,113,227,49,W
112,87,109,221,62,W
110,83,103,215,297,W
106,79,97,209,297,W
103,77,93,201,297,W
102,73,88,195,297,W
96,69,83,186,297,W
94,65,79,179,297,W
88,61,73,173,297,W
84,57,69,163,297,W
78,53,63,155,297,W+A
72,49,61,159,298,W+A
64,44,57,162,297,W+A
58,41,57,165,298,W+A
51,39,55,169,297,W+A
46,35,53,175,298,W+A
39,31,51,180,297,W+A
33,28,47,183,298,W+A
31,27,46,189,298,W+A
27,25,45,194,298,W+A
23,21,43,199,298,W+A
21,21,43,205,298,W+A
17,19,43,211,298,W+A
17,17,41,219,298,W+A
15,17,43,228,298,W+A
15,15,43,233,189,W+A
13,14,43,237,176,W+A
12,15,44,242,168,W+A
11,13,47,249,162,W+A
11,15,51,255,156,W+A
11,13,53,266,155,W+A
9,13,57,278,150,W+A
11,13,63,292,148,W+A
9,13,69,298,146,W+A
11,15,77,298,144,W+A
10,17,83,298,144,W+A
11,17,89,298,142,W+A
11,19,95,298,140,W+A
13,21,105,298,140,W+A
15,25,114,298,138,W+A
15,27,124,298,138,W+A
17,29,132,298,138,W+A
19,32,142,298,137,W+A
19,35,150,298,138,W+A
21,39,156,298,138,W+A
23,43,160,298,138,W+A
25,47,170,290,138,W+A
27,53,178,240,140,W+A
31,57,192,208,140,W+A
33,63,209,188,140,W+A
37,68,232,174,142,W+A
39,75,265,162,144,W+A
43,81,298,154,146,W+A
44,90,298,146,148,W
49,90,298,144,142,W
49,92,298,144,138,W
53,92,298,144,134,W
53,90,298,146,131,W
55,90,298,146,128,W
57,87,298,146,126,W
57,85,298,148,122,W
59,85,298,150,120,W
59,83,298,152,118,W
61,83,298,152,116,W
61,81,298,154,114,W
63,80,298,156,112,W
63,80,298,158,110,W
63,77,298,158,108,W
65,77,298,161,106,W
65,75,298,162,106,W
63,74,298,164,104,W
61,72,290,170,104,W
61,72,284,172,104,W
59,69,280,174,104,W
59,68,275,176,104,W
57,68,270,178,104,W
57,65,266,180,104,W
55,65,260,180,104,W
55,63,256,182,104,W
53,63,252,185,104,W
53,61,246,186,104,W
50,59,242,190,106,W
50,59,236,193,106,W
49,57,232,194,108,W
49,57,228,196,108,W
46,55,222,198,108,W
46,54,218,200,110,W
44,54,212,203,110,W
43,51,208,205,112,W
43,51,204,206,112,W
41,49,198,208,114,W
41,48,194,211,114,W
39,48,188,214,116,W+A
39,47,224,199,116,W+A
37,48,246,186,116,W+A
37,50,266,176,116,W+A
38,54,280,166,116,W+A
37,55,294,158,116,W+A
39,62,298,149,114,W+A
39,68,298,142,114,W+A
41,74,298,137,114,W+A
43,82,298,130,114,W+A
45,96,298,124,114,W+A
47,110,298,120,116,W
49,114,298,118,114,W
51,120,298,116,112,W
53,124,298,115,110,W
56,126,298,112,110,W
57,132,298,110,107,W
60,136,298,108,104,W
61,141,298,106,102,W
63,144,296,105,100,W
65,144,292,102,100,W
67,144,287,100,98,W
70,144,283,100,96,W
71,146,276,98,93,W
74,146,272,96,90,W
74,146,266,94,90,W
77,146,262,93,88,W
79,146,258,90,86,W
81,146,252,88,84,W
83,146,246,86,82,W
83,144,242,84,82,W
85,144,236,84,80,W
88,141,232,82,77,W
90,141,228,81,74,W
93,141,222,81,72,W
0,0,0,0,0,W
44,59,294,102,74,W
42,57,288,99,74,W
42,57,284,99,72,W
42,57,278,99,72,W
42,57,274,99,72,W
43,79,297,82,76,W
45,83,297,80,72,W
45,85,297,78,72,W
47,85,297,78,70,W
49,89,297,74,68,W
49,91,297,74,68,W
51,93,297,72,66,W
53,95,297,70,64,W
53,97,297,70,64,W
55,97,297,68,62,W
55,99,297,66,62,W
57,101,297,64,59,W
57,103,297,64,59,W
58,105,297,64,57,W
61,107,297,62,54,W
61,107,297,60,52,W
63,109,297,58,52,W
63,109,297,58,50,W
65,113,297,56,48,W
67,113,297,54,48,W
67,113,297,52,46,W
69,115,297,50,46,W
69,115,297,50,44,W
71,117,297,48,42,W
73,117,297,46,40,W
73,117,297,44,40,W
73,115,297,44,38,W
75,115,297,42,36,W
77,113,297,40,36,W
77,113,297,40,34,W
77,111,297,38,32,W
79,109,297,38,32,W
79,105,297,38,32,W
81,103,297,36,29,W
81,103,297,40,29,W
81,99,297,44,29,W
83,99,293,50,26,W
83,95,287,64,26,W
83,93,283,146,26,W
83,91,277,148,26,W
83,89,273,148,29,W
83,85,269,152,32,W
81,83,264,154,34,W
81,81,257,154,36,W
81,77,253,154,40,W
79,75,249,154,42,W
77,73,243,154,44,W
75,71,239,154,48,W
73,67,234,154,54,W
71,65,228,154,59,W+A
67,64,219,146,61,W+A
65,67,210,138,62,W+A
61,69,201,132,64,W+A
59,297,192,128,65,W+A
55,297,181,122,66,W+A
53,297,175,116,69,W+A
0,0,0,0,0,W
44,59,294,102,74,W
42,57,288,99,74,W
42,57,284,99,72,W
42,57,278,99,72,W
42,57,274,99,72,W
42,57,268,99,72,W
42,57,264,99,72,W
42,57,258,99,72,W
42,57,254,99,72,W
42,57,248,102,72,W
42,57,244,102,72,W
42,57,238,102,72,W
42,57,232,102,72,W
42,57,228,102,72,W
42,57,222,102,72,W
42,55,218,102,72,W
42,55,212,102,72,W
40,55,208,102,72,W
40,55,202,102,72,W
40,55,198,102,72,W
40,53,192,102,72,W
40,53,188,103,72,W
40,53,182,103,72,W
40,53,178,103,72,W
40,53,172,105,72,W
40,53,168,105,72,W
40,50,162,108,72,W
38,50,158,108,72,W
38,50,152,129,72,W
38,49,148,282,72,W
38,49,142,282,72,W
38,49,138,283,72,W
38,49,132,283,74,W
38,49,128,286,74,W
36,46,122,286,74,W
