46,65,298,95,78,5,0
46,65,298,94,76,5,0
46,65,298,94,74,5,0
46,65,298,92,72,5,0
46,67,298,92,72,5,0
46,67,298,92,70,5,0
46,67,298,88,70,5,0
46,67,298,88,68,5,0
46,69,298,88,68,5,0
48,69,298,88,68,5,0
48,69,298,88,66,5,0
48,69,298,85,66,5,3
49,75,297,81,66,5,3
49,79,297,78,66,5,3
49,88,297,73,64,5,3
53,97,255,70,64,5,0
55,99,251,68,62,5,0
55,101,245,66,62,5,0
57,103,241,66,60,5,0
57,104,235,63,58,5,0
59,107,231,61,56,5,0
59,110,231,60,56,5,0
61,113,222,60,54,5,0
61,113,217,57,52,5,0
63,115,211,57,52,5,0
65,119,203,54,48,5,0
67,121,197,52,48,5,0
67,122,193,49,46,5,0
69,125,187,48,45,5,0
69,127,183,48,42,5,0
71,129,178,46,42,5,-3
69,119,297,48,42,5,-3
71,113,297,48,40,5,-3
71,107,297,50,38,5,-3
70,101,298,51,38,5,-3
71,95,297,54,38,5,-3
69,91,297,59,40,5,-3
69,87,297,62,38,5,-3
69,83,297,68,40,5,0
69,80,297,69,40,5,0
67,79,295,72,42,5,0
67,79,289,74,42,5,0
67,77,285,75,44,5,0
65,75,279,80,45,5,0
63,73,273,81,47,5,0
63,73,269,85,47,5,0
61,71,265,87,47,5,0
61,71,259,90,50,5,0
59,71,255,90,50,5,0
59,69,249,92,51,5,0
57,67,245,93,51,5,0
57,67,239,98,54,5,0
55,65,235,99,54,5,0
55,65,228,101,56,5,0
53,62,223,107,56,5,0
53,62,219,109,58,5,0
51,60,215,113,58,5,0
51,59,209,113,60,5,3
49,61,237,108,60,5,3
49,63,267,102,60,5,3
49,65,297,96,62,5,3
48,67,298,89,62,5,3
49,72,297,84,60,5,3
49,77,297,80,60,5,0
51,79,297,80,60,5,0
51,81,297,80,58,5,0
53,83,297,80,58,5,0
53,85,297,80,58,5,0
53,85,297,81,58,5,0
55,85,297,81,58,5,0
55,85,297,84,58,5,0
57,85,297,84,58,5,0
57,85,297,86,58,5,0
57,87,297,86,58,5,0
57,85,297,88,58,5,0
59,87,297,88,58,5,0
59,87,297,89,56,5,0
59,85,297,91,58,5,0
61,85,297,94,58,5,0
61,85,297,98,58,5,0
61,85,297,102,58,5,0
61,85,297,106,58,5,0
61,85,297,107,58,5,0
61,85,293,112,60,5,0
61,85,291,116,60,5,0
61,83,283,121,62,5,0
61,85,281,128,62,5,0
61,83,273,134,62,5,0
61,83,271,138,64,5,0
61,83,263,145,64,5,0
61,83,261,152,66,5,3
61,85,283,136,64,5,3
63,89,297,125,66,5,3
63,93,297,118,66,5,3
65,99,297,108,66,5,1
65,101,297,108,66,5,1
65,105,298,106,67,5,1
67,105,297,106,66,5,1
69,109,297,104,66,5,1
69,109,297,104,68,5,1
71,115,298,102,66,5,1
71,117,297,101,68,5,1
73,119,297,100,66,5,1
75,121,297,98,68,5,1
75,123,297,98,68,5,1
77,128,297,94,68,5,1
77,131,298,94,66,5,1
81,134,297,92,66,5,1
81,137,297,92,66,5,1
83,141,297,90,66,5,1
85,145,298,88,66,5,0
85,147,298,88,64,5,0
89,147,298,88,64,5,0
91,147,298,88,64,5,0
92,147,298,88,64,5,0
92,147,298,88,62,5,0
95,147,298,90,62,5,0
95,147,298,92,62,5,0
97,147,298,92,62,5,0
97,147,298,94,64,5,0
98,145,298,94,62,5,0
101,145,298,94,62,5,0
101,145,298,98,62,5,0
101,143,298,100,64,5,0
101,143,298,102,64,5,0
103,141,298,102,64,5,0
103,141,298,104,64,5,0
103,139,292,108,64,5,0
103,137,285,109,66,5,0
103,137,280,111,66,5,0
103,137,277,113,66,5,0
105,135,272,118,66,5,0
103,133,265,120,69,5,0
103,133,262,124,69,5,0
103,131,257,128,69,5,1
103,130,254,126,71,5,1
103,131,256,126,70,5,1
103,131,253,126,70,5,1
105,131,254,122,71,5,1
105,133,253,122,71,5,1
105,133,251,122,73,5,1
104,133,252,120,73,5,1
104,133,249,122,72,5,1
103,133,249,120,72,5,1
105,133,248,120,72,5,0
103,131,242,124,72,5,0
105,129,238,124,72,5,0
103,127,234,130,74,5,0
105,127,228,132,72,5,0
103,125,224,140,74,5,0
103,123,217,148,74,5,0
103,121,213,154,74,5,0
103,119,207,298,76,5,1
101,118,208,298,76,5,1
101,119,206,298,76,5,1
101,117,204,298,79,5,1
101,117,203,298,76,5,1
99,115,202,298,78,5,1
99,113,201,298,78,5,1
98,113,201,298,78,5,1
97,111,200,298,79,5,1
97,111,200,298,78,5,1
97,109,198,298,78,5,1
95,107,198,298,80,5,1
95,106,198,298,80,5,1
95,105,196,298,80,5,1
95,103,197,298,79,5,1
93,101,196,299,80,5,1
93,101,194,298,80,5,1
91,100,194,298,80,5,1
89,99,194,298,80,5,1
89,98,195,298,80,5,1
89,97,197,212,79,5,1
87,93,195,226,80,5,1
85,93,196,218,81,5,1
83,91,198,206,80,5,1
83,91,198,198,80,5,1
81,89,200,198,80,5,1
79,89,199,193,80,5,1
79,88,200,192,80,5,1
79,87,204,188,80,5,1
77,85,202,190,82,5,1
75,85,206,186,80,5,1
75,85,210,186,80,5,1
73,84,212,182,80,5,1
71,84,212,182,82,5,1
71,83,216,180,82,5,1
69,81,219,176,82,5,1
69,82,224,172,82,5,1
67,82,226,173,82,5,1
67,82,230,169,82,5,1
65,80,234,170,84,5,1
65,80,240,168,82,5,1
65,80,242,168,84,5,1
65,80,248,164,84,5,1
65,79,256,160,84,5,1
63,79,262,161,84,5,1
63,81,268,158,84,5,1
64,81,274,156,84,5,1
63,81,282,154,84,5,1
63,81,286,152,86,5,1
63,81,294,155,86,5,1
61,81,298,150,86,5,0
61,81,294,155,86,5,0
61,81,290,158,86,5,0
61,81,284,163,86,5,0
61,80,280,166,88,5,0
61,80,272,176,88,5,0
61,77,270,182,88,5,0
61,77,264,190,88,5,0
59,77,258,202,90,5,1
59,78,263,196,90,5,1
59,78,266,196,92,5,1
59,78,272,193,92,5,1
59,80,276,189,90,5,1
57,80,278,189,92,5,1
58,82,280,184,92,5,1
57,80,282,180,92,5,1
57,81,284,178,93,5,1
57,84,284,180,94,5,1
59,86,286,172,92,5,1
61,86,282,168,94,5,1
59,87,282,170,94,5,1
59,90,282,166,93,5,1
60,90,280,165,94,5,1
61,94,280,162,93,5,1
63,96,280,158,94,5,1
63,96,278,161,93,5,1
63,98,278,156,94,5,1
65,100,278,154,94,5,1
65,104,277,152,94,5,1
65,106,278,149,94,5,1
67,108,276,150,94,5,1
69,112,278,146,93,5,1
69,114,278,144,93,5,1
71,118,278,140,92,5,1
74,120,280,138,92,5,1
74,124,281,136,91,5,0
74,122,276,140,94,5,0
76,124,270,140,91,5,0
77,124,264,144,91,5,0
77,124,258,146,91,5,0
79,124,252,148,91,5,0
79,124,250,150,91,5,0
82,124,246,152,90,5,0
82,122,239,158,91,5,0
82,122,236,160,91,5,1
84,123,235,160,92,5,1
83,124,234,156,92,5,1
86,126,234,156,92,5,1
86,126,234,154,92,5,1
88,126,234,150,92,5,1
89,128,237,150,92,5,1
89,126,236,148,92,5,1
91,126,236,146,91,5,1
92,126,238,142,92,5,1
93,124,238,142,92,5,1
96,122,240,140,92,5,1
96,120,240,138,92,5,1
98,120,243,136,89,5,1
98,118,243,134,89,5,1
99,118,248,132,89,5,1
100,116,249,130,89,5,1
99,114,250,128,89,5,1
100,114,256,126,89,5,1
102,114,258,124,87,5,1
102,112,258,122,88,5,1
99,110,265,120,88,5,0
99,110,260,122,88,5,0
98,108,255,122,85,5,0
98,106,250,124,85,5,0
96,104,245,124,85,5,0
94,102,240,124,85,5,0
94,102,235,126,84,5,0
92,98,230,128,84,5,0
89,98,227,130,84,5,0
89,96,220,132,84,5,1
88,95,222,130,84,5,1
86,94,226,128,83,5,1
84,92,230,128,83,5,1
83,92,232,126,83,5,1
80,91,234,124,83,5,1
79,90,238,122,81,5,1
78,90,246,120,82,5,1
78,90,250,117,81,5,1
76,88,255,118,81,5,1
76,88,263,115,81,5,1
73,90,270,114,80,5,1
74,88,275,111,81,5,1
72,88,282,110,79,5,1
72,86,294,110,80,5,1
70,88,298,108,79,5,1
70,89,298,106,78,5,0
70,89,298,104,78,5,0
70,89,298,106,75,5,0
68,86,298,106,75,5,0
68,84,294,106,75,5,0
68,84,290,106,75,5,0
68,82,284,108,75,5,0
66,82,278,110,75,5,0
66,80,275,110,75,5,1
66,81,283,106,74,5,1
64,80,294,106,73,5,1
64,82,298,106,73,5,1
63,80,298,104,73,5,1
62,82,298,103,73,5,1
64,82,298,100,71,5,1
64,82,298,96,71,5,1
62,83,299,98,71,5,1
62,84,298,96,72,5,0
62,84,298,96,69,5,0
62,84,298,98,69,5,0
62,84,298,98,67,5,0
62,82,298,96,67,5,0
62,82,298,98,67,5,0
62,80,298,99,67,5,0
60,82,298,99,67,5,0
60,80,298,102,67,5,0
60,79,298,102,67,5,0
60,79,298,102,67,5,1
60,78,298,102,67,5,1
58,80,298,99,67,5,1
58,83,298,98,67,5,1
60,82,298,98,67,5,1
60,84,298,96,67,5,1
60,84,298,94,67,5,0
60,84,298,94,65,5,0
60,84,298,96,65,5,0
60,84,298,98,65,5,0
60,84,298,99,65,5,0
60,82,298,102,65,5,0
60,82,298,103,67,5,0
60,82,298,103,65,5,0
60,81,298,106,67,5,0
58,81,298,107,67,5,0
60,81,298,107,67,5,0
60,81,298,110,67,5,0
60,78,298,110,69,5,1
60,80,298,107,69,5,1
58,80,298,107,69,5,1
60,82,298,105,69,5,1
60,84,298,104,69,5,1
60,84,298,101,69,5,1
60,86,298,99,70,5,0
60,86,298,102,70,5,0
62,86,298,102,70,5,0
62,86,298,102,72,5,0
62,84,298,102,72,5,0
62,86,298,102,72,5,0
62,89,298,102,72,5,0
60,89,298,102,72,5,0
60,90,298,102,72,5,0
62,90,298,102,72,5,0
62,93,298,102,72,5,0
64,93,298,102,72,5,0
66,93,298,102,72,5,0
66,90,298,102,72,5,0
66,89,298,102,72,5,0
66,89,298,103,72,5,0
66,86,298,103,72,5,0
64,86,298,103,72,5,0
64,84,298,105,72,5,0
64,82,298,108,74,5,0
62,82,298,108,74,5,0
62,80,298,108,74,5,0
62,79,298,108,74,5,0
60,79,298,108,74,5,0
60,76,298,109,74,5,0
60,76,298,112,74,5,0
60,76,292,112,74,5,0
60,74,288,112,74,5,0
58,74,282,112,74,5,0
58,74,278,112,74,5,0
58,74,272,113,74,5,0
58,70,268,113,76,5,0
56,70,262,116,76,5,0
56,69,258,116,76,5,0
56,69,252,116,76,5,0
54,69,248,116,76,5,0
54,69,242,119,76,5,0
54,66,238,122,76,5,0
54,66,232,122,76,5,0
52,65,228,122,78,5,1
52,65,232,120,79,5,1
50,64,240,118,79,5,1
50,64,244,117,79,5,1
50,66,252,114,77,5,1
50,65,258,114,79,5,1
50,64,266,112,77,5,1
50,64,272,111,77,5,1
48,66,278,107,77,5,1
48,68,286,108,77,5,1
48,68,292,104,77,5,0
50,68,288,104,75,5,0
48,68,282,104,77,5,0
48,68,276,104,75,5,0
48,68,274,104,75,5,0
48,66,267,104,75,5,0
48,66,262,104,75,5,0
48,66,258,104,75,5,0
48,66,252,104,75,5,0
48,66,248,104,72,5,0
48,64,240,104,75,5,0
48,64,236,105,75,5,0
48,64,230,105,72,5,1
49,64,236,104,73,5,1
48,64,240,101,73,5,1
48,64,244,99,73,5,1
48,66,248,98,73,5,1
48,66,250,95,71,5,1
49,68,254,97,71,5,1
48,70,258,95,71,5,1
48,70,260,93,71,5,1
50,72,264,91,69,5,1
49,72,265,91,68,5,0
49,72,260,91,68,5,0
50,72,256,91,68,5,0
50,72,252,93,67,5,0
50,70,244,96,67,5,0
50,72,242,96,65,5,0
52,72,235,97,65,5,0
50,70,228,101,65,5,0
52,70,226,101,63,5,0
52,70,222,103,63,5,0
52,70,215,106,63,5,0
50,70,210,109,63,5,0
52,68,206,111,63,5,0
52,68,202,116,63,5,0
50,68,194,121,65,5,0
52,66,190,126,65,5,0
50,66,185,131,65,5,1
50,66,186,131,65,5,1
50,68,188,129,67,5,1
51,66,186,131,67,5,1
52,68,190,127,67,5,1
50,67,190,127,67,5,1
50,68,190,128,67,5,1
50,68,192,131,69,5,1
51,68,194,129,68,5,1
50,68,194,128,69,5,1
50,68,194,129,69,5,1
52,70,196,125,69,5,1
53,70,196,127,69,5,1
50,70,196,127,71,5,1
53,70,198,127,69,5,1
52,72,198,123,69,5,1
53,72,202,123,69,5,0
53,70,196,129,71,5,0
53,70,192,133,71,5,0
53,70,186,139,71,5,0
53,68,182,149,71,5,0
53,68,176,157,71,5,0
53,66,172,177,73,5,0
53,64,166,297,75,5,0
53,64,162,297,75,5,1
52,62,162,297,75,5,1
52,64,161,297,74,5,1
52,62,161,297,75,5,1
51,62,162,297,77,5,1
50,62,162,297,77,5,1
50,60,162,297,79,5,1
48,62,163,297,77,5,1
48,60,161,297,79,5,1
48,62,163,298,79,5,1
48,60,166,297,79,5,1
48,60,166,297,80,5,1
46,58,163,297,80,5,1
46,60,165,297,80,5,1
46,58,167,297,83,5,1
47,58,168,297,83,5,1
45,58,168,223,83,5,1
47,58,172,217,83,5,1
45,58,171,213,83,5,1
44,58,171,209,82,5,1
44,58,173,207,85,5,1
44,58,176,195,84,5,1
44,58,175,199,85,5,1
44,58,179,193,85,5,1
44,57,177,193,85,5,1
44,58,181,189,87,5,1
44,58,185,185,85,5,1
44,57,186,185,87,5,1
44,58,187,181,87,5,1
44,58,189,181,87,5,0
44,58,185,194,87,5,0
44,58,179,209,87,5,0
44,56,175,239,87,5,0
44,56,170,297,89,5,0
42,56,165,297,89,5,0
42,54,160,297,89,5,0
42,52,155,297,91,5,0
42,52,150,297,91,5,1
42,52,151,297,93,5,1
40,50,153,297,93,5,1
40,50,148,297,95,5,1
42,50,153,297,93,5,1
40,49,153,296,95,5,1
38,50,153,297,95,5,1
40,50,154,297,97,5,1
40,50,159,297,97,5,1
38,50,159,297,99,5,1
38,48,162,297,97,5,1
39,50,161,296,99,5,1
38,48,163,297,99,5,1
38,49,165,275,99,5,1
38,48,167,259,101,5,1
38,48,167,251,101,5,1
38,52,173,239,101,5,1
38,50,173,235,101,5,1
38,52,176,228,101,5,1
38,50,177,225,103,5,1
38,52,179,217,103,5,1
36,50,181,219,103,5,1
38,52,183,212,103,5,1
38,52,185,207,103,5,1
38,50,188,203,104,5,1
38,52,189,201,105,5,1
38,52,189,199,105,5,1
40,54,193,193,103,5,1
40,53,191,189,103,5,1
40,55,191,185,103,5,1
40,56,193,185,103,5,1
40,57,195,181,103,5,1
40,57,193,179,105,5,1
40,57,197,175,105,5,1
40,58,203,173,103,5,1
42,59,203,171,103,5,1
42,61,205,166,105,5,1
41,63,207,163,103,5,1
44,63,209,163,105,5,1
44,65,213,161,103,5,1
44,65,213,157,103,5,1
44,65,217,155,103,5,1
46,67,219,153,103,5,1
46,69,222,148,103,5,1
46,69,225,147,103,5,0
48,69,221,148,101,5,0
48,69,217,151,101,5,0
48,69,209,153,103,5,0
48,69,207,155,101,5,0
49,69,203,155,101,5,0
49,67,197,157,99,5,0
49,67,191,163,101,5,0
49,67,187,165,101,5,0
51,64,181,169,101,5,0
48,64,175,177,101,5,0
49,62,171,180,101,5,0
49,62,167,185,101,5,1
49,61,167,183,101,5,1
50,60,169,181,99,5,1
48,59,167,181,101,5,1
50,60,171,175,99,5,1
48,59,173,173,101,5,1
48,59,175,171,101,5,1
47,57,173,169,101,5,1
46,57,177,167,102,5,1
46,57,179,165,99,5,1
44,58,181,163,101,5,1
46,57,181,159,99,5,1
44,57,183,156,99,5,1
43,57,187,157,99,5,1
44,57,191,153,99,5,1
44,58,193,153,98,5,1
43,57,197,149,98,5,1
44,59,197,147,97,5,1
44,59,201,145,98,5,1
44,59,205,145,98,5,1
44,59,208,143,97,5,1
46,61,215,139,95,5,1
46,61,217,137,96,5,0
43,59,211,141,96,5,0
43,59,205,141,93,5,0
43,59,205,143,93,5,0
43,57,197,147,93,5,0
43,57,193,147,92,5,0
43,57,189,149,92,5,0
43,57,181,155,92,5,0
43,55,179,159,92,5,1
44,55,179,157,94,5,1
43,57,183,153,91,5,1
41,54,186,152,92,5,1
42,55,191,149,91,5,1
41,55,193,147,94,5,1
42,55,195,147,92,5,1
41,55,202,143,92,5,1
41,55,208,139,92,5,1
41,55,213,139,91,5,1
42,57,217,137,92,5,1
42,55,225,137,92,5,1
41,57,227,135,92,5,1
42,59,236,131,89,5,1
43,59,244,129,90,5,1
41,59,249,127,90,5,1
41,59,259,125,90,5,1
43,61,269,123,88,5,1
43,63,277,123,88,5,1
43,63,289,119,87,5,1
45,65,297,117,88,5,1
43,65,297,115,88,5,1
46,67,296,113,86,5,1
45,67,297,112,85,5,1
46,69,297,109,86,5,1
47,70,297,108,84,5,1
47,71,297,105,83,5,1
47,75,297,104,82,5,1
49,76,297,101,82,5,1
49,77,297,101,82,5,1
51,79,297,100,80,5,1
51,83,297,95,80,5,0
51,81,297,95,80,5,0
53,83,297,95,78,5,0
53,85,297,93,76,5,0
55,83,297,93,76,5,0
55,85,297,92,74,5,0
55,85,297,93,74,5,0
57,85,297,92,72,5,0
55,83,297,92,72,5,0
57,87,297,92,69,5,0
57,85,297,92,72,5,0
57,85,297,92,69,5,0
59,83,297,92,69,5,0
59,87,297,92,68,5,0
59,85,297,92,68,5,0
59,85,297,92,66,5,0
61,85,297,89,66,5,0
59,83,297,92,66,5,0
61,83,297,93,66,5,0
61,83,297,92,66,5,0
59,83,297,93,66,5,0
59,83,297,93,64,5,0
61,81,297,95,66,5,0
61,81,297,93,66,5,0
59,81,297,95,66,5,0
61,81,297,95,64,5,0
59,79,297,98,66,5,0
59,79,297,98,64,5,0
59,79,297,99,66,5,1
59,78,297,97,66,5,1
58,79,297,97,66,5,1
59,79,297,96,66,5,1
59,81,297,95,66,5,1
59,83,297,92,66,5,1
59,82,297,92,66,5,1
60,83,297,91,64,5,1
59,85,297,88,64,5,1
61,87,297,85,64,5,1
61,89,297,85,64,5,1
61,91,297,81,64,5,1
61,95,297,80,64,5,1
63,95,297,77,62,5,1
63,96,297,78,62,5,1
65,101,297,75,62,5,1
66,103,298,74,60,5,0
66,104,298,71,58,5,0
68,104,298,70,58,5,0
68,104,298,68,56,5,0
70,104,298,68,56,5,0
70,107,298,68,54,5,0
72,108,298,65,52,5,0
72,108,298,64,50,5,0
74,108,298,64,50,5,0
74,108,298,68,48,5,0
74,107,298,68,48,5,0
74,107,298,65,48,5,0
76,107,298,65,48,5,0
76,107,298,65,46,5,0
78,107,298,65,48,5,0
78,104,298,65,48,5,-1
77,105,297,67,48,5,-1
77,103,297,67,48,5,-1
77,101,297,67,48,5,-1
77,99,297,68,48,5,-1
77,97,297,68,48,5,-1
77,95,297,67,48,5,-1
75,93,297,70,50,5,-1
75,91,297,72,50,5,-1
73,87,297,72,52,5,-1
73,87,297,73,52,5,-1
73,85,297,76,52,5,0
71,85,297,77,52,5,0
71,82,297,77,50,5,0
69,82,297,79,50,5,0
69,80,297,81,52,5,0
67,79,297,81,52,5,0
65,79,297,83,52,5,0
65,77,297,83,54,5,0
63,75,297,86,52,5,1
61,76,297,83,54,5,1
61,77,297,82,54,5,1
61,77,297,79,54,5,1
61,77,297,78,54,5,1
61,79,297,78,54,5,1
59,79,297,77,54,5,1
59,80,297,75,54,5,1
59,83,297,75,56,5,1
59,83,297,72,56,5,1
59,84,297,72,54,5,1
60,87,298,70,54,5,1
59,87,297,70,54,5,0
59,89,297,67,54,5,0
61,91,297,65,52,5,0
61,91,297,65,50,5,0
63,91,297,64,50,5,0
63,91,297,62,48,5,0
63,93,297,60,48,5,0
65,93,297,60,46,5,0
65,93,297,60,44,5,0
65,95,297,58,42,5,0
67,95,297,55,42,5,0
67,97,297,55,42,5,0
67,97,297,55,42,5,0
67,97,297,55,40,5,0
69,97,297,55,40,5,-3
69,93,297,59,40,5,-3
67,87,297,65,42,5,-3
67,83,295,69,42,5,-3
67,79,257,81,44,5,-3
67,75,223,91,46,5,-3
66,71,195,110,48,5,0
66,71,191,115,50,5,0
63,67,185,123,52,5,0
61,67,181,128,54,5,0
59,65,175,144,56,5,0
59,63,171,153,56,5,0
57,61,165,194,58,5,0
55,61,161,297,60,5,0
53,57,153,297,64,5,0
53,57,151,297,64,5,0
51,55,143,297,68,5,0
49,53,141,297,68,5,0
47,51,133,297,72,5,3
45,51,145,297,72,5,3
43,51,159,298,72,5,3
43,53,179,198,72,5,3
43,54,199,162,72,5,3
43,57,225,144,72,5,3
43,59,253,128,72,5,3
43,63,281,122,72,5,3
43,67,297,112,72,5,3
45,71,297,104,72,5,3
47,75,297,98,73,5,3
47,83,297,94,72,5,3
49,91,297,88,70,5,3
53,99,297,84,70,5,3
55,111,297,78,70,5,3
57,123,297,76,68,5,3
62,141,297,72,69,5,3
67,157,298,68,69,5,3
71,177,297,64,68,5,0
73,179,297,62,65,5,0
77,181,297,60,62,5,0
81,187,297,58,58,5,0
81,187,297,56,56,5,0
83,191,297,56,55,5,0
87,193,297,54,52,5,0
89,195,297,52,50,5,0
93,195,297,50,48,5,0
95,199,297,50,45,5,0
46,65,298,95,78,5,0
46,65,298,94,76,5,0
46,65,298,94,74,5,0
46,65,298,92,72,5,0
46,67,298,92,72,5,0
46,67,298,92,70,5,0
46,67,298,88,70,5,0
46,67,298,88,68,5,0
46,69,298,88,68,5,0
48,69,298,88,68,5,0
48,69,298,88,66,5,0
48,69,298,85,66,5,0
48,69,298,84,64,5,0
48,70,298,84,64,5,0
50,70,298,84,64,5,0
50,70,298,84,62,5,0
50,70,298,81,62,5,0
50,70,298,79,62,5,0
50,70,298,79,60,5,0
50,73,298,79,60,5,0
50,73,298,79,58,5,0
50,73,298,78,58,5,0
52,73,298,78,58,5,0
52,73,298,78,56,5,0
52,73,298,79,56,5,0
52,73,298,81,56,5,0
52,73,298,84,58,5,0
52,73,298,85,58,5,0
52,73,298,88,58,5,0
52,73,298,89,58,5,0
52,73,298,92,58,5,0
52,73,298,94,60,5,0
52,73,296,95,60,5,0
52,73,292,98,60,5,0
52,73,286,99,62,5,0
52,73,282,102,62,5,0
52,73,276,103,62,5,0
52,73,272,108,62,5,3
53,77,297,97,62,5,3
53,81,297,94,62,5,1
55,83,297,92,60,5,1
55,85,297,92,60,5,1
57,87,297,89,61,5,1
57,89,297,90,62,5,1
59,91,297,87,62,5,1
59,95,297,87,60,5,1
61,97,298,86,60,5,1
63,99,297,86,59,5,1
63,102,297,84,60,5,1
65,105,297,84,58,5,0
65,105,297,85,58,5,0
65,107,297,88,58,5,0
67,107,297,90,56,5,0
67,107,297,90,58,5,0
68,107,297,93,58,5,0
71,109,297,96,58,5,0
71,107,297,98,58,5,0
71,107,297,100,60,5,0
73,109,297,102,60,5,0
73,107,297,106,60,5,0
75,109,297,106,60,5,0
75,107,297,110,62,5,0
75,107,297,116,62,5,0
75,107,297,118,64,5,0
75,107,297,122,64,5,0
75,105,297,126,67,5,0
75,105,297,131,67,5,0
75,105,297,134,68,5,0
77,105,293,136,68,5,0
77,102,289,142,70,5,0
77,102,283,148,72,5,0
75,101,279,153,72,5,0
77,101,274,158,74,5,0
75,101,269,163,76,5,0
77,101,263,168,76,5,0
77,97,259,178,78,5,0
77,97,253,190,78,5,0
75,97,250,197,80,5,0
75,95,243,210,82,5,1
75,95,245,206,84,5,1
74,95,247,202,84,5,1
75,95,248,195,86,5,1
73,97,249,194,86,5,1
75,97,251,194,86,5,1
73,99,253,188,86,5,1
75,97,252,186,88,5,1
73,99,256,182,88,5,1
75,99,256,180,90,5,0
75,99,251,185,90,5,0
75,97,245,196,92,5,0
75,97,241,201,92,5,0
73,95,236,216,94,5,0
73,95,231,230,94,5,0
73,92,226,298,97,5,0
73,92,221,298,97,5,0
73,90,216,298,98,5,1
72,91,217,298,98,5,1
71,89,215,297,100,5,1
72,91,217,298,100,5,1
71,90,216,298,102,5,1
71,91,216,298,102,5,1
69,91,216,298,102,5,1
71,91,218,298,104,5,1
71,91,215,298,105,5,1
71,91,215,244,105,5,1
71,91,215,228,104,5,1
71,91,213,220,104,5,1
71,91,213,216,107,5,1
71,93,214,212,104,5,1
69,93,210,210,106,5,1
71,93,212,206,106,5,1
71,93,212,202,106,5,1
70,92,211,200,106,5,1
71,93,212,196,106,5,1
71,95,210,192,106,5,1
71,93,208,192,106,5,1
71,95,209,188,106,5,1
71,95,209,184,107,5,1
71,95,210,181,106,5,1
71,95,208,178,104,5,1
73,96,208,174,105,5,1
71,95,208,174,105,5,1
73,95,208,172,104,5,1
73,95,208,170,105,5,1
71,95,208,170,104,5,1
73,95,210,166,102,5,1
73,93,210,164,104,5,1
73,95,210,162,104,5,1
72,93,212,160,102,5,1
73,95,213,159,102,5,1
72,93,214,156,102,5,1
73,93,216,158,102,5,1
73,93,216,156,100,5,1
73,93,218,154,100,5,1
73,91,218,151,99,5,1
73,91,219,151,100,5,1
73,92,224,146,98,5,1
73,91,226,146,99,5,1
73,91,228,144,98,5,1
73,91,230,144,96,5,1
73,89,234,144,96,5,1
73,89,240,142,94,5,1
73,91,240,140,94,5,1
71,90,244,139,94,5,1
71,89,250,137,94,5,1
71,90,254,137,92,5,0
71,87,248,138,91,5,0
69,85,244,140,91,5,0
71,85,238,144,89,5,0
69,83,233,152,89,5,0
69,83,228,156,89,5,0
69,81,224,161,89,5,0
67,80,218,168,89,5,0
67,80,214,176,86,5,0
67,77,208,185,86,5,0
65,77,204,198,86,5,0
65,75,198,212,86,5,0
63,74,194,236,89,5,1
63,74,198,224,88,5,1
61,73,202,218,90,5,1
59,72,202,219,90,5,1
59,72,204,214,90,5,1
59,71,214,206,90,5,1
57,70,214,202,92,5,1
57,69,220,198,92,5,1
57,69,226,194,92,5,1
55,70,230,192,92,5,1
55,70,234,188,92,5,1
55,70,240,186,92,5,1
54,70,248,185,94,5,1
55,70,254,182,94,5,1
55,72,262,179,94,5,1
53,72,270,174,94,5,1
53,72,272,175,94,5,1
53,72,280,174,94,5,1
53,71,286,170,94,5,1
53,74,292,168,94,5,1
53,74,298,166,94,5,1
53,76,298,163,94,5,1
53,76,298,160,94,5,1
54,77,298,160,94,5,1
53,80,298,158,93,5,1
55,79,298,156,94,5,1
55,82,299,155,94,5,1
56,82,298,152,94,5,1
57,86,298,148,94,5,1
55,85,298,148,93,5,1
57,90,298,144,94,5,1
57,92,298,144,93,5,1
59,94,298,142,94,5,1
60,96,298,139,93,5,1
61,98,298,137,92,5,1
62,102,298,135,91,5,1
63,107,299,132,92,5,1
65,110,298,130,92,5,1
65,111,298,129,92,5,1
67,114,298,128,90,5,1
69,120,298,124,90,5,1
69,122,298,122,89,5,1
71,128,299,122,88,5,1
74,130,298,120,88,5,1
76,134,298,117,87,5,1
77,140,298,114,87,5,1
79,142,298,114,86,5,1
82,146,298,112,86,5,0
83,148,298,112,84,5,0
86,150,298,112,82,5,0
88,150,298,112,82,5,0
89,150,298,112,82,5,0
91,150,294,114,82,5,0
91,148,290,114,79,5,0
94,150,284,116,79,5,0
94,148,280,116,79,5,0
96,148,274,118,79,5,0
98,148,270,118,79,5,0
98,146,264,120,77,5,0
98,144,258,124,79,5,0
99,142,254,126,79,5,0
101,142,249,129,79,5,0
101,140,244,131,79,5,0
101,137,240,132,79,5,0
104,135,234,136,79,5,0
104,133,230,138,79,5,0
104,131,224,142,79,5,0
104,128,221,148,79,5,0
104,126,214,152,79,5,0
105,122,208,160,82,5,0
105,120,205,166,82,5,0
105,116,198,172,82,5,0
105,116,194,178,82,5,0
105,112,188,188,84,5,0
104,110,184,204,86,5,0
105,106,180,214,86,5,1
104,106,179,210,86,5,1
104,102,179,206,88,5,1
103,100,176,202,88,5,1
102,98,174,198,88,5,1
100,96,174,194,88,5,1
97,94,172,192,90,5,1
96,92,174,188,89,5,1
94,90,174,186,89,5,1
89,88,171,186,91,5,1
88,88,175,178,92,5,1
85,84,172,178,91,5,1
84,84,172,174,91,5,1
81,82,172,172,92,5,1
77,80,175,174,92,5,1
76,80,174,170,92,5,1
74,78,174,166,94,5,1
72,76,175,166,91,5,1
70,74,176,164,92,5,1
68,74,180,160,94,5,1
66,72,178,158,94,5,1
64,72,180,156,93,5,1
63,72,186,152,92,5,1
61,70,188,152,92,5,1
62,68,190,150,93,5,1
60,68,193,147,93,5,1
58,68,194,146,91,5,1
58,67,202,144,92,5,1
58,66,208,142,93,5,1
56,66,210,140,91,5,1
55,67,222,138,91,5,1
54,64,224,135,92,5,1
54,64,234,132,91,5,1
52,66,242,132,89,5,1
52,66,252,128,90,5,1
51,65,262,128,91,5,1
50,66,275,124,90,5,1
50,65,283,124,89,5,1
50,66,298,122,87,5,1
50,66,298,119,89,5,1
50,66,298,118,88,5,1
50,69,299,116,87,5,0
50,66,299,118,85,5,0
48,66,299,118,83,5,0
50,66,299,118,83,5,0
48,64,299,118,83,5,0
48,66,299,119,83,5,0
48,64,299,119,83,5,0
48,64,299,119,81,5,0
48,62,299,121,81,5,1
48,62,298,122,83,5,1
47,64,298,117,82,5,1
46,64,298,117,81,5,1
48,66,298,114,81,5,1
48,66,298,114,80,5,1
48,68,298,112,79,5,1
48,68,298,109,79,5,1
48,71,298,106,79,5,1
50,73,298,103,77,5,1
48,74,298,104,77,5,0
50,74,298,104,77,5,0
52,76,298,104,75,5,0
50,74,298,104,75,5,0
52,74,298,104,75,5,0
52,76,298,104,73,5,0
52,74,298,104,75,5,0
52,74,298,104,73,5,0
54,76,298,104,73,5,0
52,76,298,105,73,5,0
54,76,298,105,73,5,0
52,76,298,110,73,5,0
54,76,298,110,73,5,0
54,74,298,112,73,5,0
54,76,298,112,73,5,0
54,74,298,114,73,5,0
54,73,298,116,75,5,0
54,73,298,118,77,5,0
52,73,298,119,77,5,0
54,73,298,119,77,5,0
52,70,298,122,79,5,0
52,68,298,122,79,5,1
52,70,298,120,79,5,1
52,70,298,118,79,5,1
52,72,298,116,79,5,1
52,74,298,113,80,5,0
52,72,298,113,80,5,0
52,74,298,113,80,5,0
52,76,298,113,80,5,0
52,79,298,113,80,5,0
54,79,298,113,80,5,0
56,79,298,113,80,5,0
56,79,298,116,80,5,0
56,76,298,116,80,5,0
56,74,298,116,80,5,0
56,74,298,118,80,5,0
56,72,298,118,80,5,0
54,72,298,118,80,5,0
54,72,298,118,80,5,1
54,72,298,117,81,5,1
54,72,298,116,81,5,1
52,72,298,113,83,5,1
54,76,298,110,81,5,0
54,74,298,110,81,5,0
54,73,298,110,81,5,0
54,73,298,110,79,5,0
54,73,298,111,81,5,0
54,73,298,110,79,5,0
54,73,298,111,79,5,0
54,73,298,110,79,5,0
52,70,298,111,79,5,0
52,68,294,111,79,5,0
52,70,292,110,77,5,0
52,68,284,111,77,5,0
52,68,280,114,79,5,0
52,66,278,114,77,5,0
52,66,270,114,77,5,0
50,66,264,114,79,5,0
50,66,262,114,79,5,0
50,66,254,114,79,5,0
50,64,250,116,79,5,0
50,64,248,118,79,5,0
50,64,240,118,79,5,0
48,60,234,118,79,5,0
48,60,232,118,79,5,0
48,60,224,119,79,5,0
46,58,220,122,79,5,0
46,58,214,122,79,5,0
46,58,210,122,79,5,0
46,56,204,123,79,5,0
46,56,200,123,81,5,0
44,54,194,126,81,5,0
44,54,192,126,81,5,0
44,54,184,127,81,5,0
42,53,180,130,81,5,0
42,53,178,130,81,5,0
42,50,170,133,81,5,0
40,48,164,139,83,5,0
40,48,162,142,83,5,0
40,48,154,150,83,5,0
38,46,150,155,83,5,0
38,46,148,162,83,5,1
36,44,144,162,85,5,1
36,44,150,159,83,5,1
36,44,152,160,85,5,1
36,42,154,155,85,5,1
34,44,158,153,85,5,1
34,43,160,152,85,5,1
34,42,162,151,85,5,1
32,44,166,149,83,5,1
32,42,168,150,85,5,1
32,43,171,149,85,5,1
32,42,172,147,83,5,1
32,44,178,143,83,5,1
32,44,180,144,83,5,1
32,44,183,141,82,5,1
32,44,183,141,83,5,1
32,46,190,138,81,5,0
32,46,183,143,81,5,0
31,44,178,148,81,5,0
32,44,174,153,81,5,0
32,44,170,157,81,5,0
31,42,160,167,85,5,0
32,42,158,178,85,5,0
32,42,154,185,85,5,0
32,42,148,202,85,5,0
31,40,140,297,87,5,1
31,40,144,298,87,5,1
30,42,144,297,87,5,1
32,40,146,297,87,5,1
30,40,146,224,87,5,1
30,40,146,221,87,5,1
30,40,148,207,89,5,1
32,41,150,209,89,5,1
30,43,150,197,89,5,1
30,42,150,197,89,5,1
32,44,152,195,89,5,1
30,42,152,189,89,5,1
32,44,154,185,89,5,1
32,45,155,182,89,5,1
32,44,156,187,89,5,1
33,44,158,183,91,5,1
32,44,157,181,91,5,1
32,44,160,177,91,5,1
32,46,161,177,91,5,1
34,48,164,171,91,5,1
34,46,166,169,91,5,1
34,48,168,169,91,5,1
34,48,169,169,91,5,1
34,48,169,167,91,5,1
34,48,174,165,91,5,1
35,50,174,164,91,5,1
34,48,180,161,91,5,1
36,50,179,161,91,5,1
36,50,184,157,91,5,1
36,52,186,155,89,5,1
36,52,190,153,91,5,1
36,52,189,153,91,5,1
37,52,192,153,89,5,1
38,52,195,151,89,5,1
37,52,198,149,91,5,1
38,54,201,147,89,5,1
41,54,205,143,89,5,1
40,56,208,142,89,5,1
39,56,210,143,89,5,1
40,58,214,141,87,5,1
40,58,217,139,87,5,1
42,60,219,137,86,5,1
42,62,222,135,87,5,1
42,60,228,135,87,5,1
42,64,231,135,85,5,1
44,64,235,131,85,5,1
44,63,239,131,85,5,1
44,66,241,129,85,5,1
46,68,244,127,85,5,1
46,68,247,125,83,5,1
46,70,253,123,82,5,1
48,72,256,121,83,5,1
48,72,259,121,82,5,0
48,72,255,123,82,5,0
50,72,249,125,80,5,0
50,72,245,127,80,5,0
50,72,240,133,80,5,0
50,72,237,135,80,5,0
50,70,229,139,79,5,0
52,70,227,141,79,5,0
52,70,221,147,80,5,0
52,70,217,149,80,5,0
52,70,211,161,80,5,1
52,69,213,157,81,5,1
52,70,215,158,81,5,1
52,72,217,153,81,5,1
52,70,221,153,81,5,1
52,72,223,150,81,5,1
52,72,225,153,83,5,1
52,74,229,149,81,5,1
52,74,231,149,81,5,1
52,73,233,146,83,5,1
52,74,235,145,81,5,1
54,74,237,141,81,5,1
54,76,239,141,83,5,1
56,78,242,141,81,5,1
56,77,243,141,83,5,1
56,80,245,139,83,5,1
56,79,245,137,83,5,1
56,81,247,133,83,5,1
58,84,248,132,82,5,1
58,81,249,133,83,5,1
58,84,251,129,83,5,1
60,84,253,128,83,5,1
60,85,255,125,81,5,1
60,87,257,127,81,5,1
62,89,261,123,81,5,1
62,92,263,121,79,5,1
64,92,267,119,80,5,1
64,96,271,115,79,5,1
64,95,271,115,79,5,1
66,98,273,113,79,5,1
66,99,277,113,78,5,1
66,101,279,111,79,5,0
67,101,273,111,79,5,0
67,99,267,113,79,5,0
69,99,263,115,77,5,0
69,99,259,115,77,5,0
69,99,253,115,77,5,0
72,99,249,117,77,5,0
69,98,243,118,77,5,0
72,98,241,121,77,5,0
72,98,233,123,77,5,0
72,96,229,125,77,5,1
72,95,229,123,77,5,1
72,97,231,121,77,5,1
72,95,233,121,77,5,1
74,97,235,117,78,5,1
72,96,235,117,77,5,1
74,96,239,115,77,5,1
74,95,239,113,77,5,1
76,95,243,111,75,5,1
74,96,245,110,77,5,1
76,95,247,111,75,5,1
76,95,249,107,75,5,1
76,95,249,107,76,5,1
76,95,251,104,75,5,1
76,97,255,103,73,5,1
76,95,257,102,75,5,1
74,97,261,101,75,5,1
76,97,263,99,74,5,1
76,97,265,99,72,5,1
74,99,269,97,72,5,1
74,100,273,95,71,5,1
74,99,275,95,71,5,1
76,101,281,93,70,5,1
74,102,282,89,69,5,1
75,101,289,89,70,5,1
76,103,293,89,70,5,1
76,103,293,87,68,5,1
75,103,296,85,68,5,1
77,105,297,83,66,5,0
77,105,297,85,66,5,0
77,103,297,85,63,5,0
77,103,293,85,62,5,0
77,103,285,85,62,5,0
77,101,279,85,62,5,0
77,101,275,87,62,5,0
77,99,271,87,60,5,0
77,99,264,87,60,5,0
77,97,259,89,60,5,0
77,97,257,89,60,5,0
77,95,251,91,60,5,0
75,95,244,93,60,5,0
75,93,239,97,60,5,0
75,93,235,99,60,5,0
75,91,231,101,60,5,0
75,89,227,103,60,5,0
75,89,223,105,60,5,0
73,87,215,109,62,5,0
73,85,209,111,62,5,0
72,83,205,117,62,5,0
72,83,201,121,63,5,0
72,81,197,125,63,5,1
70,81,195,127,66,5,1
70,81,201,125,64,5,1
68,80,199,124,65,5,1
67,79,205,121,65,5,1
66,77,203,123,66,5,1
66,77,207,121,66,5,1
65,77,211,119,68,5,1
64,75,212,119,68,5,1
62,77,217,119,67,5,1
61,75,217,119,70,5,1
62,75,225,117,70,5,1
62,75,227,115,68,5,1
60,75,233,115,70,5,1
61,77,239,113,68,5,1
59,75,247,111,70,5,1
59,75,249,112,70,5,1
59,77,257,107,70,5,1
59,75,261,109,70,5,1
60,75,270,105,70,5,1
58,77,275,107,69,5,1
57,77,287,105,70,5,1
58,79,295,101,69,5,0
58,79,289,101,69,5,0
59,77,285,105,69,5,0
58,77,279,105,69,5,0
58,74,273,108,69,5,0
58,74,269,108,69,5,0
58,74,265,108,69,5,0
58,74,261,110,69,5,0
58,71,253,113,72,5,0
55,71,249,113,72,5,0
55,71,245,115,72,5,0
55,69,239,117,72,5,0
55,69,235,119,72,5,0
53,67,228,119,74,5,1
55,68,234,119,74,5,1
53,67,241,118,74,5,1
53,67,250,117,72,5,1
54,69,259,115,74,5,1
53,68,267,114,74,5,1
53,69,275,111,74,5,1
51,67,289,109,74,5,1
51,71,297,108,74,5,1
53,71,297,107,74,5,1
53,70,297,105,74,5,1
51,73,297,103,72,5,1
51,73,297,104,73,5,1
53,75,297,102,72,5,1
53,75,297,99,74,5,1
51,77,297,97,74,5,0
54,77,297,97,72,5,0
54,77,297,95,70,5,0
54,77,297,97,70,5,0
55,75,297,97,70,5,0
55,77,297,97,70,5,0
55,75,297,97,70,5,0
54,75,297,99,70,5,0
55,75,297,99,70,5,0
55,73,297,102,70,5,0
54,75,297,102,70,5,0
54,73,297,102,70,5,0
54,73,297,102,70,5,1
53,73,297,101,70,5,1
55,75,297,98,68,5,1
55,75,297,97,70,5,1
53,74,297,96,70,5,1
55,77,297,94,68,5,1
55,79,297,94,68,5,1
55,79,297,92,68,5,1
57,83,297,89,68,5,0
55,80,297,89,68,5,0
57,80,297,89,68,5,0
57,80,297,89,66,5,0
57,80,297,93,64,5,0
57,83,297,93,66,5,0
57,83,297,93,64,5,0
59,83,297,93,64,5,0
57,80,297,96,66,5,0
57,80,297,96,64,5,0
57,79,297,96,64,5,0
57,79,297,96,66,5,0
57,77,297,96,68,5,0
59,77,297,93,68,5,0
59,77,297,92,66,5,0
59,77,297,89,66,5,0
57,75,297,92,68,5,0
57,72,297,89,68,5,0
57,75,297,89,68,5,0
55,72,297,89,68,5,0
55,72,297,87,68,5,0
55,72,297,89,70,5,0
55,72,297,87,68,5,0
53,71,297,89,66,5,0
53,71,297,87,66,5,0
53,71,297,87,64,5,0
51,71,297,87,66,5,0
51,71,297,87,64,5,0
53,71,297,85,64,5,0
51,69,297,85,64,5,0
51,69,297,84,62,5,0
51,69,297,85,64,5,0
51,71,297,85,64,5,0
51,71,297,85,62,5,0
51,71,297,84,62,5,0
51,69,297,85,64,5,0
51,69,297,85,62,5,0
51,69,297,85,62,5,1
51,71,297,84,62,5,1
51,73,297,81,60,5,1
50,74,298,79,60,5,0
52,74,298,79,60,5,0
52,74,298,78,60,5,0
52,74,298,78,58,5,0
54,74,298,75,58,5,0
54,77,298,75,58,5,0
54,77,298,75,56,5,0
54,77,298,74,56,5,0
54,77,298,74,54,5,0
54,77,298,75,54,5,0
56,77,298,75,54,5,0
56,77,298,78,54,5,0
56,77,298,79,54,5,0
56,77,298,81,54,5,0
56,77,298,84,54,5,0
56,77,298,84,56,5,0
56,77,298,88,56,5,0
56,77,298,89,58,5,0
56,77,298,92,58,5,0
56,77,294,92,58,5,0
56,77,288,95,58,5,0
56,77,284,98,58,5,0
56,77,278,99,60,5,0
56,77,274,103,60,5,0
56,74,268,105,60,5,0
56,74,264,112,60,5,0
56,74,258,116,62,5,0
56,73,254,122,62,5,0
56,73,248,127,64,5,0
56,73,244,136,64,5,0
56,70,238,143,64,5,0
54,70,234,152,66,5,0
54,69,228,160,66,5,0
54,69,224,174,68,5,0
54,67,218,184,70,5,1
53,69,221,183,70,5,1
53,69,227,182,70,5,1
53,69,231,182,72,5,1
53,68,233,177,74,5,1
53,68,237,174,74,5,1
51,69,243,175,74,5,1
51,71,245,171,74,5,1
53,71,253,172,74,5,1
51,71,257,169,76,5,1
51,71,262,168,78,5,1
51,73,265,165,78,5,1
53,73,272,164,78,5,1
53,75,277,162,80,5,1
53,77,283,158,80,5,1
53,77,286,156,80,5,1
55,78,289,156,82,5,1
55,81,293,153,82,5,1
55,81,297,152,82,5,1
56,83,297,148,84,5,1
57,85,298,146,83,5,1
57,87,297,146,84,5,1
59,89,297,144,84,5,0
59,91,297,144,84,5,0
59,89,297,146,86,5,0
59,91,297,148,86,5,0
61,91,297,151,86,5,0
61,89,297,156,86,5,0
61,91,293,158,89,5,0
61,89,288,162,89,5,0
63,89,283,164,89,5,0
63,89,279,170,90,5,0
63,89,274,174,90,5,0
65,89,269,178,92,5,0
63,89,264,184,92,5,0
65,89,259,188,94,5,0
63,87,253,193,94,5,0
65,85,247,200,96,5,0
65,85,243,207,96,5,0
63,83,237,223,99,5,0
63,83,233,232,99,5,0
63,83,229,256,101,5,0
63,81,221,298,101,5,0
63,81,219,298,102,5,0
61,79,211,298,104,5,1
63,81,213,298,105,5,1
61,79,215,298,106,5,1
63,81,217,298,104,5,1
61,80,217,298,106,5,1
61,81,217,297,108,5,1
61,81,217,298,108,5,1
61,81,219,298,108,5,1
61,83,222,248,108,5,1
61,81,219,244,110,5,1
62,81,221,240,110,5,1
61,83,222,230,110,5,1
63,83,223,222,111,5,1
61,83,224,216,110,5,1
61,85,223,213,110,5,1
63,85,223,210,110,5,1
63,85,223,206,110,5,1
63,85,223,202,112,5,0
63,85,219,212,112,5,0
63,85,215,218,112,5,0
63,85,209,298,112,5,0
63,83,204,298,112,5,0
63,81,200,298,114,5,0
63,81,193,298,114,5,0
63,81,188,298,114,5,0
63,79,185,298,114,5,0
63,79,179,298,114,5,0
61,77,173,298,116,5,1
60,77,174,298,116,5,1
61,77,174,298,116,5,1
61,75,169,298,116,5,1
61,75,170,298,118,5,1
59,74,170,298,117,5,1
59,75,166,298,118,5,1
61,75,167,298,118,5,1
59,73,166,298,121,5,1
59,73,163,298,119,5,1
58,73,164,298,118,5,1
57,73,164,298,118,5,1
59,71,161,298,118,5,1
57,73,162,298,119,5,1
57,72,160,298,118,5,1
57,71,160,298,120,5,1
55,71,157,298,120,5,1
57,69,158,298,120,5,1
55,69,157,298,119,5,1
55,69,156,299,118,5,1
55,69,156,298,118,5,1
53,67,156,298,119,5,1
55,66,156,298,119,5,1
53,67,157,298,118,5,1
53,65,156,298,118,5,1
52,63,158,298,118,5,1
53,63,156,298,118,5,1
53,61,158,298,118,5,1
51,62,162,298,116,5,1
51,61,160,299,116,5,1
50,62,162,298,117,5,1
49,59,160,287,116,5,1
49,59,162,258,114,5,1
49,58,161,255,115,5,1
47,57,166,240,114,5,1
47,57,170,234,114,5,1
45,56,170,231,114,5,1
47,55,174,224,113,5,1
44,55,174,220,112,5,1
45,56,180,216,112,5,1
43,53,182,212,112,5,1
43,55,190,206,112,5,1
43,54,192,204,112,5,1
43,54,198,200,110,5,1
43,56,204,194,110,5,1
41,53,208,194,110,5,1
41,55,216,190,110,5,1
41,55,224,186,108,5,1
41,55,232,183,108,5,1
41,55,240,181,108,5,1
42,58,246,176,108,5,1
41,58,258,174,108,5,1
41,58,268,172,108,5,1
41,58,276,170,108,5,1
41,58,284,166,106,5,1
41,58,296,164,106,5,1
41,59,298,162,106,5,1
43,62,298,158,104,5,1
43,64,298,156,105,5,1
43,63,298,156,106,5,1
43,66,298,155,104,5,1
43,65,298,150,104,5,1
44,68,298,148,104,5,1
45,70,298,146,102,5,1
45,72,299,144,101,5,1
47,74,298,140,102,5,1
48,76,298,140,100,5,0
50,78,298,138,100,5,0
50,78,298,140,98,5,0
50,79,298,140,98,5,0
50,79,298,142,98,5,0
50,81,298,144,98,5,0
53,81,298,146,96,5,0
53,81,298,148,96,5,0
53,81,298,150,96,5,0
53,81,298,152,96,5,0
55,81,298,156,96,5,1
55,84,298,153,96,5,1
55,86,298,150,96,5,1
57,88,298,148,96,5,1
57,90,298,146,96,5,1
57,92,298,144,96,5,1
59,96,298,144,96,5,1
60,97,298,140,96,5,1
61,102,299,138,96,5,1
62,104,298,136,94,5,1
63,108,298,134,94,5,1
65,112,298,130,93,5,1
65,114,298,130,93,5,0
68,114,298,130,92,5,0
68,118,298,132,92,5,0
69,118,298,132,92,5,0
71,118,292,135,92,5,0
71,118,289,136,90,5,0
73,120,284,136,90,5,0
73,118,278,140,90,5,0
76,120,272,140,90,5,0
76,120,268,146,90,5,0
76,120,264,146,90,5,0
77,120,260,148,90,5,0
77,120,252,152,90,5,0
79,120,250,154,90,5,0
79,120,242,161,90,5,0
79,120,238,164,90,5,0
81,120,234,168,90,5,0
81,118,229,174,92,5,0
81,118,223,180,92,5,0
84,118,218,186,92,5,0
84,118,212,194,92,5,0
84,114,208,208,93,5,1
83,118,206,202,94,5,1
85,116,206,196,94,5,1
85,116,206,194,94,5,1
85,116,205,190,96,5,1
87,116,202,186,95,5,1
88,116,205,182,96,5,1
88,114,202,178,96,5,1
89,113,202,176,95,5,1
89,110,203,172,96,5,1
89,108,204,170,96,5,1
92,106,202,170,98,5,1
92,106,202,168,97,5,1
92,104,204,166,96,5,1
91,102,205,164,96,5,1
91,102,202,160,96,5,1
92,100,206,160,98,5,1
91,98,207,158,96,5,1
92,98,206,154,96,5,1
89,96,211,154,96,5,1
87,94,210,152,95,5,1
88,94,212,148,95,5,1
86,92,216,144,94,5,1
84,90,218,144,96,5,1
82,90,220,142,94,5,1
80,90,224,140,94,5,1
79,88,228,140,94,5,1
76,88,230,138,93,5,1
78,89,236,134,93,5,1
76,88,238,132,93,5,1
74,86,244,130,93,5,1
72,87,254,128,91,5,1
71,86,256,126,91,5,1
72,84,263,124,92,5,1
70,86,270,122,89,5,1
69,86,282,118,89,5,1
68,84,289,117,89,5,1
68,86,296,116,87,5,1
68,86,298,116,88,5,1
68,86,298,112,87,5,1
66,86,298,110,85,5,1
66,88,298,107,85,5,1
66,86,298,106,85,5,1
66,88,298,104,83,5,1
66,90,298,102,83,5,1
66,90,298,100,81,5,1
66,92,298,96,79,5,1
66,94,299,96,79,5,0
66,92,299,94,79,5,0
66,92,299,94,77,5,0
66,92,299,94,75,5,0
66,92,299,91,75,5,0
66,92,299,91,73,5,0
66,91,299,94,73,5,0
66,91,299,91,71,5,0
66,91,299,90,69,5,0
66,88,299,91,71,5,0
66,88,299,91,69,5,0
66,88,299,91,67,5,1
66,90,298,90,65,5,1
66,92,298,86,65,5,1
65,92,298,86,65,5,1
66,95,298,83,63,5,1
66,95,298,84,63,5,1
66,99,298,80,63,5,1
66,98,298,80,63,5,0
68,98,298,78,61,5,0
68,98,298,78,59,5,0
68,100,298,78,59,5,0
70,100,298,78,59,5,0
68,100,298,78,57,5,0
70,100,298,78,57,5,0
70,98,298,78,57,5,0
70,98,298,78,55,5,0
70,98,298,80,55,5,0
70,98,298,81,55,5,0
72,98,298,80,55,5,0
70,98,298,81,55,5,0
72,98,298,81,55,5,0
70,98,298,84,55,5,0
72,98,298,84,55,5,0
70,96,298,86,55,5,0
70,95,298,88,55,5,0
70,96,298,88,55,5,0
70,95,298,89,57,5,0
70,95,298,91,57,5,0
70,92,298,94,57,5,0
70,92,298,94,59,5,0
68,92,298,96,59,5,0
70,92,298,96,61,5,0
68,90,298,98,61,5,0
68,88,298,102,63,5,0
66,86,298,103,65,5,0
66,84,298,106,65,5,0
66,84,298,107,67,5,0
64,82,298,110,67,5,0
64,81,298,110,69,5,0
62,81,298,112,71,5,0
62,78,298,113,71,5,0
60,76,298,116,73,5,0
58,74,298,118,75,5,0
58,74,298,120,75,5,0
56,72,298,121,77,5,0
56,71,298,121,77,5,1
56,70,298,119,77,5,1
56,73,298,118,77,5,1
56,72,298,116,77,5,1
56,75,298,113,77,5,1
54,74,298,114,79,5,1
54,76,298,112,78,5,1
56,82,298,108,77,5,0
54,82,298,108,77,5,0
54,84,298,108,77,5,0
56,84,298,108,77,5,0
58,86,298,106,77,5,0
60,86,298,106,77,5,0
62,89,298,106,75,5,0
62,86,298,106,75,5,0
62,89,298,103,75,5,0
62,86,298,106,75,5,0
62,84,298,106,75,5,0
62,84,298,106,73,5,0
62,82,298,106,73,5,0
62,82,298,106,75,5,0
62,80,298,106,75,5,0
60,80,298,108,75,5,0
60,79,298,108,75,5,0
58,76,298,110,75,5,0
58,74,298,110,75,5,0
58,74,298,111,75,5,0
58,74,292,111,75,5,0
58,72,286,111,75,5,0
56,72,282,114,75,5,0
56,70,276,114,75,5,0
56,72,272,114,75,5,0
56,70,268,114,75,5,0
56,70,262,114,75,5,0
54,68,258,114,75,5,0
54,68,252,117,77,5,0
54,68,248,117,77,5,0
54,66,242,120,77,5,0
52,65,238,120,77,5,0
52,65,232,120,79,5,0
50,62,226,121,79,5,0
50,62,222,124,79,5,0
50,62,216,124,79,5,0
50,62,212,124,79,5,0
50,60,208,125,79,5,1
48,60,214,123,79,5,1
48,60,218,121,79,5,1
46,58,222,122,79,5,1
46,60,228,117,79,5,1
46,60,234,117,79,5,1
46,60,240,116,79,5,1
46,60,248,114,79,5,1
46,60,252,114,79,5,1
44,62,256,110,79,5,1
44,62,264,107,79,5,1
45,64,270,107,79,5,1
46,64,273,104,77,5,1
46,66,282,101,77,5,1
46,66,284,99,77,5,1
46,68,289,97,76,5,1
48,68,294,95,75,5,0
48,68,290,95,75,5,0
48,70,286,95,73,5,0
48,70,279,95,75,5,0
48,70,274,93,73,5,0
48,70,270,92,73,5,0
48,70,266,92,71,5,0
48,70,260,93,71,5,0
50,70,255,93,68,5,0
50,68,248,98,71,5,0
48,68,244,98,71,5,0
50,68,240,99,68,5,0
50,68,234,99,67,5,0
50,68,228,102,67,5,0
50,68,224,102,67,5,0
50,68,220,105,67,5,0
50,66,214,110,67,5,0
50,66,210,110,65,5,0
48,64,204,115,65,5,0
50,64,200,118,63,5,1
50,65,200,118,65,5,1
48,64,201,118,65,5,1
49,65,202,119,65,5,1
48,64,204,117,67,5,1
48,66,204,117,67,5,1
48,66,206,115,67,5,1
48,68,208,115,67,5,1
48,68,208,113,67,5,1
49,68,210,115,67,5,1
50,70,211,113,67,5,1
51,70,213,111,67,5,1
50,70,214,111,67,5,1
50,72,216,111,67,5,1
52,74,220,109,67,5,1
53,74,220,109,67,5,1
52,76,222,107,67,5,1
53,76,224,106,67,5,1
54,76,226,105,67,5,0
54,76,220,109,67,5,0
54,76,214,111,67,5,0
54,76,210,113,67,5,0
54,76,206,117,67,5,0
56,76,201,122,67,5,0
56,74,196,125,67,5,0
56,74,192,133,67,5,0
56,72,186,141,69,5,0
56,70,182,151,69,5,0
54,70,173,165,71,5,0
54,68,170,189,71,5,1
54,66,169,207,71,5,1
55,66,172,204,73,5,1
54,66,169,199,73,5,1
52,66,170,197,73,5,1
54,68,174,189,73,5,1
53,66,171,189,75,5,1
52,66,174,185,75,5,1
53,66,174,181,75,5,1
53,64,174,185,74,5,1
52,66,174,194,74,5,0
50,64,170,298,77,5,0
50,64,166,298,77,5,0
50,62,160,298,77,5,0
50,60,156,298,79,5,0
50,60,150,298,80,5,0
48,58,146,298,80,5,0
48,56,142,298,83,5,0
46,56,136,298,83,5,1
46,54,134,297,84,5,1
45,54,132,297,87,5,1
44,52,132,297,87,5,1
44,52,136,297,87,5,1
42,50,132,297,88,5,1
41,50,132,297,91,5,1
40,50,130,297,91,5,1
40,48,129,297,91,5,1
40,48,128,297,91,5,1
38,46,127,297,93,5,1
41,46,133,297,92,5,1
38,45,131,297,93,5,1
39,46,131,297,95,5,1
38,46,131,297,95,5,1
36,44,130,297,95,5,1
36,44,129,297,97,5,1
34,42,129,297,99,5,1
34,43,129,297,97,5,1
34,42,131,297,98,5,1
34,42,135,297,99,5,1
33,42,136,297,99,5,1
34,40,136,297,100,5,1
32,42,137,297,101,5,1
32,42,137,297,103,5,1
32,40,137,297,103,5,1
32,42,142,296,103,5,1
30,40,140,297,103,5,1
30,40,141,297,103,5,1
30,38,141,297,105,5,1
32,40,144,297,105,5,1
31,40,147,297,105,5,1
30,42,152,296,105,5,1
30,39,153,297,105,5,1
30,40,155,287,105,5,1
30,39,155,271,107,5,1
30,40,157,260,107,5,1
30,40,159,251,109,5,1
30,40,165,243,107,5,1
30,40,163,236,109,5,1
30,42,171,231,109,5,1
30,41,171,228,109,5,1
30,42,173,219,109,5,1
30,44,179,215,109,5,1
30,43,181,211,109,5,1
32,44,184,207,110,5,1
32,45,187,202,109,5,1
32,45,187,199,109,5,1
32,43,189,197,109,5,1
34,46,193,193,109,5,1
34,47,193,191,109,5,1
34,48,195,187,109,5,1
34,49,193,185,109,5,1
34,49,195,181,109,5,1
34,52,199,177,109,5,1
36,53,203,175,107,5,1
36,53,203,173,109,5,1
36,55,205,171,109,5,1
36,55,209,167,107,5,1
38,57,213,165,109,5,1
38,58,215,163,107,5,1
40,60,219,158,107,5,1
40,61,221,157,107,5,1
40,64,224,153,107,5,1
42,63,229,153,105,5,1
42,67,231,148,105,5,1
44,68,233,147,107,5,1
46,69,239,145,105,5,1
46,71,243,143,105,5,1
46,74,247,139,104,5,0
47,74,241,141,104,5,0
50,74,235,141,102,5,0
50,71,233,141,102,5,0
50,71,225,143,102,5,0
50,71,223,143,102,5,0
52,70,215,145,99,5,0
52,70,213,147,99,5,0
52,70,205,149,99,5,0
52,67,201,153,99,5,0
52,67,195,155,99,5,0
52,65,191,157,99,5,1
52,66,192,155,99,5,1
51,63,195,155,99,5,1
52,65,197,151,97,5,1
50,63,199,149,98,5,1
50,65,203,147,97,5,1
50,65,207,145,97,5,1
51,65,209,143,96,5,1
50,65,209,141,97,5,1
49,67,213,141,95,5,1
49,67,216,137,95,5,1
49,69,221,134,94,5,1
50,67,224,133,94,5,1
50,69,229,131,94,5,0
50,67,225,133,92,5,0
50,67,219,133,92,5,0
52,67,215,135,92,5,0
50,65,209,139,89,5,0
50,65,205,141,89,5,0
50,65,199,143,89,5,0
50,63,195,145,89,5,0
50,63,189,149,89,5,0
50,61,185,153,89,5,0
50,59,179,155,89,5,1
50,59,181,155,89,5,1
48,59,181,151,89,5,1
47,59,185,151,89,5,1
46,59,185,151,89,5,1
48,61,191,147,89,5,1
46,59,193,147,89,5,1
46,59,197,145,89,5,1
45,60,199,142,89,5,1
45,61,202,141,89,5,1
44,61,205,141,89,5,1
46,61,213,137,89,5,1
46,61,217,135,90,5,1
46,61,222,133,88,5,1
45,61,225,131,88,5,1
46,61,233,129,88,5,1
45,61,237,129,88,5,1
46,63,245,125,88,5,1
45,63,253,123,86,5,1
46,65,257,121,86,5,1
46,65,269,119,86,5,0
46,65,263,121,86,5,0
46,65,257,121,86,5,0
48,63,251,123,84,5,0
48,65,247,123,84,5,0
48,63,242,125,84,5,0
46,61,237,125,84,5,0
48,63,233,127,84,5,0
48,61,227,130,84,5,0
46,61,222,132,84,5,1
46,61,227,131,84,5,1
45,61,237,130,84,5,1
45,61,239,125,84,5,1
46,61,251,124,84,5,1
45,63,259,121,84,5,1
47,62,269,120,84,5,1
46,63,276,119,84,5,1
47,63,289,117,82,5,1
46,65,297,115,84,5,1
47,65,297,113,82,5,1
47,67,297,112,82,5,1
47,67,297,109,82,5,1
48,69,297,107,80,5,1
49,71,297,105,80,5,1
49,71,297,106,80,5,1
49,75,297,103,80,5,1
50,75,297,99,77,5,1
49,79,297,99,78,5,1
51,79,297,96,78,5,0
53,81,297,96,76,5,0
53,81,297,96,73,5,0
55,81,297,93,72,5,0
57,81,297,93,69,5,0
57,81,297,93,67,5,0
57,81,297,93,66,5,0
57,81,297,96,67,5,0
57,79,297,96,67,5,0
57,81,297,96,66,5,0
57,81,297,93,66,5,0
57,79,297,98,67,5,0
57,79,297,98,66,5,0
57,77,297,98,66,5,0
57,77,297,99,67,5,1
57,77,297,97,68,5,1
57,77,297,95,66,5,1
57,79,297,95,68,5,1
58,79,297,94,67,5,1
57,81,297,92,66,5,0
57,81,297,94,66,5,0
57,81,297,92,64,5,0
59,81,297,92,64,5,0
57,79,297,92,64,5,0
57,77,297,94,66,5,0
57,77,297,94,64,5,0
57,77,297,95,64,5,0
57,77,297,98,66,5,0
57,77,297,98,64,5,0
57,77,297,98,66,5,0
57,75,297,99,66,5,0
57,75,297,104,66,5,0
55,73,297,105,66,5,0
55,73,297,104,66,5,0
55,71,297,105,66,5,0
55,71,297,108,66,5,0
55,71,297,109,66,5,0
53,69,297,111,68,5,1
55,71,297,109,68,5,1
55,73,297,108,68,5,1
55,73,297,105,68,5,1
53,73,297,106,68,5,1
53,75,297,104,68,5,1
53,75,297,101,68,5,0
53,72,297,101,68,5,0
53,72,297,99,70,5,0
55,71,297,99,72,5,0
55,71,297,97,72,5,0
55,71,297,96,70,5,0
53,69,297,96,72,5,0
53,67,297,96,72,5,0
51,67,297,96,72,5,0
51,67,297,93,72,5,0
51,65,297,96,74,5,0
51,65,297,93,72,5,0
51,67,297,93,72,5,0
51,67,297,93,70,5,0
49,65,297,93,70,5,0
49,65,297,92,68,5,0
47,65,297,93,70,5,0
47,65,297,93,68,5,0
47,65,297,92,68,5,0
49,65,297,89,68,5,0
47,65,297,92,68,5,0
47,65,297,89,68,5,0
47,63,297,92,68,5,0
47,65,297,92,66,5,0
47,65,297,89,66,5,0
47,65,297,92,68,5,1
47,65,297,89,68,5,1
47,67,297,88,66,5,1
46,67,298,88,66,5,1
47,69,297,85,66,5,0
47,69,297,84,66,5,0
47,71,297,84,64,5,0
49,71,297,84,64,5,0
49,71,297,84,62,5,0
49,71,297,79,62,5,0
51,71,297,78,62,5,0
51,71,297,78,60,5,0
51,73,297,78,60,5,0
51,74,297,78,60,5,0
51,74,297,78,58,5,0
51,74,297,75,58,5,0
51,74,297,75,56,5,0
53,74,297,75,56,5,0
53,77,297,74,56,5,0
53,77,297,74,54,5,0
53,77,297,75,54,5,0
55,79,297,74,54,5,0
55,79,297,75,54,5,0
55,79,297,78,54,5,0
55,79,297,79,54,5,0
57,80,297,78,54,5,0
57,80,297,79,54,5,0
57,80,297,81,54,5,0
57,80,297,84,54,5,0
57,80,297,85,54,5,0
57,80,297,85,56,5,0
57,80,297,88,56,5,0
57,79,297,89,58,5,0
57,80,297,91,56,5,0
57,80,291,96,58,5,0
57,79,285,99,58,5,0
57,79,279,101,58,5,0
57,79,275,106,58,5,0
57,77,269,110,60,5,0
57,77,265,117,62,5,0
57,77,259,124,62,5,0
57,74,255,131,62,5,1
57,75,259,130,64,5,1
57,77,263,128,62,5,1
57,77,267,130,64,5,1
57,79,277,128,64,5,1
57,79,279,128,64,5,1
57,79,285,127,64,5,1
57,79,289,128,66,5,1
57,81,293,128,66,5,0
57,81,289,130,66,5,0
57,81,283,136,66,5,0
57,79,277,144,68,5,0
57,79,273,146,68,5,0
59,79,267,154,70,5,0
59,79,263,160,72,5,0
59,79,259,166,72,5,0
57,77,253,176,74,5,0
57,77,247,182,76,5,0
57,77,242,188,79,5,0
57,77,238,199,79,5,0
59,75,233,212,81,5,0
57,75,227,224,82,5,0
57,73,223,237,84,5,1
57,75,227,229,84,5,1
57,73,229,226,86,5,1
57,75,233,219,86,5,1
57,75,237,216,88,5,1
55,75,239,214,88,5,1
57,77,241,208,90,5,1
57,77,245,201,90,5,1
55,76,247,202,91,5,1
57,77,251,198,92,5,1
56,79,256,194,94,5,1
57,79,259,190,94,5,1
57,81,261,188,94,5,1
57,81,265,184,95,5,1
57,83,269,182,94,5,0
59,81,264,186,96,5,0
59,81,257,192,96,5,0
59,81,253,198,99,5,0
59,81,247,204,99,5,0
59,81,243,210,99,5,0
59,79,237,218,101,5,0
59,79,233,232,101,5,0
59,79,229,242,102,5,1
59,79,230,238,102,5,1
59,79,232,228,104,5,1
59,79,233,223,104,5,1
59,79,236,220,106,5,1
59,81,235,218,106,5,1
59,81,238,212,106,5,1
59,81,241,207,108,5,1
59,83,241,205,106,5,1
61,85,243,199,106,5,1
59,83,243,198,108,5,1
61,85,247,194,108,5,1
61,87,248,190,108,5,1
61,89,249,188,108,5,0
61,86,244,192,108,5,0
63,86,240,196,108,5,0
63,86,234,202,108,5,0
61,85,228,210,110,5,0
63,83,224,220,110,5,0
61,83,218,230,110,5,0
63,83,214,298,112,5,0
61,80,208,298,112,5,0
61,79,204,298,112,5,0
61,79,198,298,115,5,0
61,77,193,298,115,5,0
61,77,188,298,115,5,1
61,77,188,298,116,5,1
61,77,185,298,116,5,1
61,77,186,298,117,5,1
61,77,185,298,116,5,1
60,77,186,298,116,5,1
59,77,184,298,116,5,1
61,77,182,298,116,5,1
59,77,183,298,118,5,1
59,78,180,298,117,5,1
59,77,180,298,118,5,1
58,77,182,298,118,5,1
59,77,179,298,116,5,1
59,77,180,298,119,5,1
58,75,178,298,118,5,1
59,75,178,298,118,5,1
59,75,176,298,118,5,1
59,75,178,298,119,5,1
59,75,176,298,118,5,1
57,77,176,298,118,5,1
59,77,175,298,118,5,1
59,77,175,298,117,5,1
58,76,174,298,116,5,1
59,75,175,299,116,5,1
57,75,174,298,118,5,1
59,75,175,298,116,5,1
57,73,176,275,116,5,1
59,73,177,245,116,5,1
59,75,178,234,114,5,0
59,72,174,298,114,5,0
57,72,169,298,114,5,0
57,69,162,298,114,5,0
57,68,158,298,114,5,0
57,65,154,298,112,5,0
57,63,148,298,114,5,0
55,63,144,298,114,5,0
53,59,138,298,114,5,0
53,59,134,298,114,5,0
50,57,128,298,114,5,0
50,55,124,298,114,5,0
50,54,118,298,114,5,1
49,53,116,298,114,5,1
47,51,115,298,116,5,1
45,49,116,298,116,5,1
43,47,116,298,116,5,1
43,46,112,299,116,5,1
41,45,112,298,117,5,1
41,43,114,298,118,5,1
37,42,110,298,118,5,1
35,39,110,298,120,5,1
32,37,110,298,120,5,1
31,38,112,298,120,5,1
29,36,110,298,122,5,1
29,35,113,298,122,5,1
29,35,116,298,120,5,1
27,33,112,299,122,5,1
27,34,113,298,122,5,1
27,32,116,298,122,5,1
25,31,118,298,124,5,1
25,31,126,298,124,5,1
25,31,122,298,124,5,1
23,30,128,298,124,5,1
23,31,136,298,124,5,1
23,29,136,299,124,5,1
24,30,142,298,124,5,1
23,29,150,299,126,5,1
23,28,156,287,126,5,1
21,30,164,276,126,5,1
21,29,172,262,126,5,1
21,29,178,256,126,5,1
21,32,190,250,124,5,1
21,30,202,246,126,5,1
21,30,214,239,126,5,1
21,31,224,232,126,5,1
23,32,234,226,126,5,1
21,31,242,226,126,5,1
23,34,254,218,126,5,1
23,36,266,214,126,5,1
23,35,274,211,126,5,1
24,36,278,208,126,5,1
25,38,286,204,124,5,1
25,40,290,200,124,5,1
27,42,296,196,123,5,1
25,42,298,194,124,5,1
27,46,298,191,124,5,1
28,47,298,186,124,5,1
29,52,298,184,122,5,1
31,52,298,180,122,5,1
32,56,299,176,122,5,1
33,60,298,174,122,5,1
35,62,298,172,122,5,1
36,63,298,168,122,5,1
37,68,298,166,122,5,1
38,70,298,164,119,5,1
39,74,298,162,119,5,1
42,80,298,158,118,5,1
44,86,298,155,118,5,1
46,88,298,154,117,5,0
48,90,298,152,116,5,0
48,91,298,154,116,5,0
49,91,297,156,114,5,0
51,95,294,156,114,5,0
54,98,286,156,114,5,0
54,98,282,156,111,5,0
55,98,276,158,111,5,0
57,100,273,160,110,5,0
57,102,266,160,110,5,0
59,102,261,162,110,5,1
59,104,262,161,110,5,1
61,108,264,158,110,5,1
63,110,264,157,108,5,1
65,113,267,154,108,5,1
67,116,268,152,108,5,1
70,120,268,148,107,5,1
72,124,272,144,106,5,1
73,126,274,142,105,5,1
75,128,276,142,104,5,1
78,128,278,138,104,5,1
78,130,280,138,103,5,1
81,130,284,134,102,5,1
84,132,289,132,101,5,1
85,130,292,130,101,5,1
87,130,296,128,99,5,1
90,130,298,126,99,5,1
92,130,298,122,100,5,1
94,128,298,120,98,5,1
96,128,298,118,96,5,1
98,128,298,116,97,5,1
98,128,299,114,94,5,1
102,129,298,110,94,5,0
102,126,298,110,91,5,0
102,124,298,110,91,5,0
102,124,298,110,89,5,0
104,122,298,110,88,5,0
104,120,298,110,88,5,0
102,118,298,110,86,5,0
102,116,294,110,83,5,0
102,114,288,110,82,5,0
99,112,284,110,82,5,0
98,112,278,110,82,5,0
98,110,272,110,82,5,0
96,108,268,110,82,5,0
96,106,262,112,79,5,0
94,106,260,110,77,5,0
94,104,256,114,79,5,0
92,102,249,114,77,5,0
92,100,244,116,77,5,0
88,98,238,116,77,5,0
88,96,233,120,77,5,0
86,94,228,122,77,5,0
86,92,222,124,77,5,1
83,92,226,122,76,5,1
81,92,232,120,77,5,1
79,90,235,117,78,5,1
80,90,240,116,76,5,1
78,89,244,116,77,5,1
78,90,250,114,75,5,1
76,88,255,114,76,5,1
73,88,260,112,75,5,1
74,88,268,108,76,5,1
72,88,276,106,75,5,1
72,88,286,107,75,5,1
72,88,292,106,73,5,1
71,89,298,104,73,5,1
70,88,298,102,74,5,1
69,88,298,100,73,5,1
70,89,298,96,72,5,1
68,88,298,98,73,5,1
68,90,298,93,71,5,1
68,90,298,94,71,5,1
68,92,298,91,69,5,1
67,94,299,90,69,5,1
68,94,298,87,67,5,1
68,96,298,86,67,5,1
68,98,298,83,67,5,1
67,99,298,82,67,5,1
68,100,298,80,65,5,1
68,102,298,80,65,5,1
70,104,298,78,63,5,0
70,102,298,78,63,5,0
70,106,298,75,61,5,0
72,104,298,75,61,5,0
72,104,298,75,59,5,0
72,106,298,74,57,5,0
72,104,298,75,57,5,0
72,106,298,74,57,5,0
72,104,298,72,55,5,0
72,102,298,74,55,5,0
74,106,298,72,55,5,0
72,104,298,74,55,5,0
74,106,298,72,53,5,0
74,104,298,74,53,5,0
72,104,298,74,53,5,0
74,104,298,74,53,5,0
74,102,298,72,53,5,0
74,104,298,72,51,5,0
74,102,298,74,51,5,0
74,102,298,75,51,5,0
74,102,298,78,51,5,0
74,100,298,78,51,5,0
74,100,298,80,51,5,0
74,99,298,82,53,5,0
74,99,298,84,51,5,0
74,99,298,85,53,5,0
72,99,298,88,53,5,0
72,96,298,88,55,5,0
72,96,298,88,53,5,0
72,94,298,89,55,5,0
72,94,298,92,55,5,0
72,94,298,94,57,5,0
72,92,298,96,59,5,0
70,92,298,96,59,5,1
70,92,298,94,59,5,1
70,92,298,94,61,5,1
70,94,298,93,61,5,1
70,97,298,92,61,5,0
70,94,298,93,61,5,0
70,92,298,96,63,5,0
68,92,298,96,63,5,0
68,90,298,97,65,5,0
66,88,298,99,67,5,1
66,90,298,97,67,5,1
66,92,298,96,67,5,1
66,93,298,94,66,5,1
66,94,298,91,67,5,1
66,94,298,91,67,5,0
68,98,298,89,65,5,0
68,101,298,89,65,5,0
68,102,298,88,65,5,0
68,104,298,88,65,5,0
68,106,298,88,63,5,0
70,106,298,88,63,5,0
70,108,298,85,63,5,0
72,108,298,85,63,5,0
74,108,298,85,63,5,0
74,111,298,84,61,5,0
76,111,298,84,61,5,0
78,111,298,81,59,5,0
78,111,298,79,59,5,0
78,108,298,79,59,5,0
80,111,298,78,57,5,0
80,111,298,81,57,5,0
78,108,298,81,57,5,0
80,111,298,79,57,5,0
80,108,298,79,57,5,0
80,106,298,79,57,5,0
78,106,298,79,57,5,0
80,108,298,79,55,5,0
80,106,298,79,55,5,0
80,106,298,79,57,5,0
78,106,298,79,57,5,0
78,104,298,79,57,5,0
78,104,298,78,57,5,0
78,104,298,79,57,5,0
78,102,298,79,57,5,0
76,102,298,79,57,5,0
76,101,298,81,57,5,0
78,101,298,79,57,5,0
76,101,298,79,57,5,0
76,98,298,84,57,5,0
76,98,298,81,55,5,0
76,96,298,84,57,5,0
74,96,298,84,57,5,0
74,94,298,84,57,5,0
74,92,298,84,57,5,0
74,94,298,84,57,5,0
74,92,298,84,57,5,0
72,90,298,85,57,5,0
72,90,292,85,57,5,0
70,89,286,88,59,5,0
70,89,280,89,59,5,0
70,89,278,88,59,5,0
70,86,272,89,59,5,0
70,84,268,89,59,5,0
68,84,262,91,59,5,0
68,84,256,94,59,5,0
68,84,252,91,59,5,0
66,82,248,94,59,5,0
66,80,242,96,59,5,0
66,79,238,96,61,5,1
64,78,240,96,61,5,1
64,80,246,93,61,5,1
62,78,246,94,61,5,1
62,81,252,91,61,5,1
62,81,254,91,61,5,1
62,80,258,89,61,5,1
62,80,262,88,61,5,1
61,83,267,86,59,5,1
62,82,270,83,61,5,1
62,82,272,83,59,5,1
62,84,278,81,59,5,1
60,85,280,79,59,5,1
62,86,280,79,61,5,1
62,88,282,75,59,5,1
62,86,286,76,59,5,1
62,90,289,72,57,5,0
62,90,284,72,57,5,0
64,90,278,72,55,5,0
62,88,274,73,55,5,0
64,88,267,73,55,5,0
64,86,262,75,55,5,0
64,86,258,75,53,5,0
62,86,252,77,53,5,0
64,86,247,77,53,5,0
64,84,242,82,53,5,0
64,84,238,82,51,5,0
64,84,234,83,51,5,0
64,83,228,87,51,5,1
64,84,230,85,51,5,1
62,85,230,87,50,5,1
64,84,232,85,51,5,1
62,86,232,83,51,5,1
63,86,234,85,53,5,1
64,88,235,83,51,5,1
65,88,235,83,52,5,1
64,88,240,83,53,5,1
65,90,239,83,51,5,1
66,91,242,81,53,5,1
64,92,242,83,53,5,1
66,94,244,82,51,5,1
66,94,245,81,51,5,1
68,94,246,81,51,5,1
69,96,247,79,53,5,1
69,96,250,79,51,5,0
69,96,244,81,51,5,0
69,96,239,83,51,5,0
69,94,235,85,51,5,0
71,94,229,85,51,5,0
71,92,224,91,51,5,0
69,90,217,93,53,5,0
69,90,214,95,53,5,0
71,90,210,101,53,5,0
71,88,204,103,55,5,0
71,88,199,109,55,5,0
69,84,192,119,57,5,0
69,84,190,129,57,5,0
69,82,183,143,57,5,0
69,80,180,165,59,5,0
69,80,174,297,59,5,1
66,78,173,297,61,5,1
66,79,174,297,61,5,1
66,76,172,297,63,5,1
67,76,174,297,63,5,1
64,76,174,297,63,5,1
65,76,171,297,65,5,1
62,74,170,297,67,5,1
63,74,174,297,65,5,1
62,74,171,297,67,5,1
60,72,170,297,69,5,1
60,72,171,298,67,5,1
60,72,170,297,69,5,1
58,70,171,297,69,5,1
58,72,172,297,71,5,1
58,70,170,297,71,5,1
56,68,170,297,71,5,1
56,68,171,297,73,5,1
57,68,174,297,73,5,1
55,68,173,297,75,5,1
54,66,172,297,75,5,1
54,67,173,297,75,5,1
54,66,171,297,77,5,1
54,66,175,297,77,5,1
53,66,173,297,77,5,1
52,64,174,297,79,5,1
52,66,179,297,79,5,1
52,66,177,297,81,5,1
51,64,179,297,79,5,1
52,66,182,245,79,5,1
52,64,183,221,80,5,1
50,64,183,225,81,5,1
50,63,182,217,83,5,1
51,64,181,213,81,5,1
50,65,187,205,81,5,1
50,64,187,199,83,5,1
50,64,189,199,82,5,1
48,64,191,199,85,5,1
50,64,195,191,85,5,1
50,64,195,189,85,5,1
49,65,195,185,85,5,1
48,66,197,185,85,5,1
50,65,203,181,85,5,1
50,64,203,181,87,5,1
50,66,203,179,85,5,1
49,64,205,175,87,5,1
50,66,211,170,87,5,1
50,66,211,171,86,5,1
50,65,215,169,87,5,1
50,70,217,165,87,5,1
50,70,221,165,87,5,1
50,69,221,161,87,5,1
50,69,223,161,89,5,1
50,70,225,159,89,5,1
52,72,227,157,89,5,1
52,74,229,155,89,5,1
52,74,228,151,88,5,1
54,72,227,151,89,5,1
54,74,229,147,89,5,1
54,73,231,149,89,5,1
54,77,233,145,87,5,1
54,77,233,143,87,5,1
56,78,237,141,87,5,1
56,80,239,141,87,5,1
56,82,241,137,87,5,1
56,82,241,135,87,5,1
56,82,243,137,87,5,1
58,83,245,133,87,5,1
58,85,249,133,88,5,1
60,87,251,129,87,5,1
60,87,255,125,87,5,0
60,87,249,129,87,5,0
60,87,245,131,85,5,0
60,85,239,131,85,5,0
62,87,233,135,85,5,0
62,85,229,135,85,5,0
62,85,223,139,85,5,0
62,84,219,139,85,5,1
64,87,221,137,86,5,1
64,87,223,134,85,5,1
62,85,223,135,86,5,1
63,87,224,133,85,5,1
66,88,229,128,85,5,1
64,87,229,128,85,5,1
66,87,231,127,85,5,1
66,88,235,123,85,5,1
65,87,235,125,86,5,1
66,88,239,120,85,5,1
68,87,241,121,84,5,1
68,87,243,119,83,5,1
67,87,245,115,82,5,1
68,87,249,114,84,5,1
68,87,251,113,83,5,1
70,89,254,111,81,5,1
68,89,257,109,82,5,1
68,89,259,109,81,5,1
68,91,263,107,80,5,1
68,91,267,103,79,5,1
68,93,273,105,79,5,1
68,93,275,101,80,5,1
68,94,279,99,77,5,1
67,93,282,97,78,5,1
70,95,289,97,76,5,1
69,97,293,95,75,5,1
69,97,295,93,75,5,1
70,99,297,91,73,5,1
72,101,297,91,72,5,1
72,101,297,89,72,5,1
74,102,296,88,70,5,1
72,103,297,85,70,5,0
74,103,297,85,67,5,0
74,103,297,85,65,5,0
74,101,297,85,64,5,0
74,99,291,87,62,5,0
74,99,287,87,62,5,0
74,97,280,87,62,5,0
74,97,277,89,62,5,0
74,95,270,89,62,5,0
74,95,267,91,60,5,0
74,93,261,93,62,5,0
74,93,257,93,60,5,0
74,91,248,97,60,5,0
74,91,247,97,60,5,0
74,89,241,99,60,5,0
72,89,237,103,62,5,0
72,89,231,103,60,5,0
72,85,227,107,62,5,1
72,87,231,105,62,5,1
70,85,231,105,62,5,1
72,85,237,103,61,5,1
69,85,239,103,64,5,1
70,85,245,101,62,5,1
70,85,249,99,64,5,1
67,85,252,102,62,5,1
68,85,259,99,62,5,1
68,85,263,97,64,5,1
68,85,271,97,64,5,1
68,85,273,97,63,5,1
67,87,281,95,64,5,1
68,87,289,93,63,5,1
67,87,297,93,62,5,1
67,89,297,91,62,5,1
65,87,297,91,64,5,1
65,89,297,89,62,5,1
65,89,296,90,62,5,1
67,91,297,87,62,5,1
65,93,297,88,62,5,1
67,93,297,85,62,5,1
68,95,297,81,62,5,1
67,97,297,80,60,5,1
67,99,297,79,60,5,1
68,97,297,78,60,5,1
69,101,297,77,60,5,1
69,101,297,76,58,5,0
71,101,297,73,58,5,0
69,101,297,76,58,5,0
71,102,297,76,56,5,0
71,101,297,76,58,5,0
71,101,297,73,56,5,0
71,101,297,76,56,5,0
71,101,297,73,56,5,0
71,99,297,76,56,5,0
73,99,297,76,54,5,0
73,101,297,73,54,5,0
73,99,297,73,54,5,0
73,99,297,76,54,5,0
73,99,297,76,52,5,0
73,99,297,76,54,5,0
73,97,297,77,54,5,0
73,97,297,77,52,5,0
71,95,297,77,54,5,0
73,97,297,77,54,5,0
71,95,297,79,54,5,0
71,93,297,81,54,5,0
71,91,297,81,54,5,0
71,91,297,84,54,5,0
71,89,297,84,54,5,0
69,89,297,85,56,5,0
71,89,297,85,56,5,0
69,87,297,87,56,5,0
68,85,295,89,56,5,0
68,85,291,92,56,5,0
68,83,283,93,58,5,0
68,83,281,93,58,5,0
68,83,277,95,58,5,0
66,81,271,95,58,5,0
66,81,267,98,60,5,0
63,79,259,102,60,5,0
63,79,257,103,60,5,0
63,75,249,105,62,5,0
63,75,247,107,62,5,0
61,73,239,110,62,5,0
61,73,237,111,64,5,1
59,70,243,111,64,5,1
58,71,259,111,66,5,1
59,73,273,113,64,5,1
59,71,297,111,66,5,1
57,73,297,111,66,5,1
57,73,297,110,66,5,1
55,73,297,107,65,5,1
55,71,297,105,66,5,1
55,73,297,104,66,5,1
55,73,297,103,66,5,1
55,73,297,102,66,5,1
55,75,297,100,66,5,1
57,79,297,97,66,5,1
55,79,297,97,68,5,1
55,79,297,96,66,5,1
55,80,297,94,66,5,1
56,83,298,92,66,5,1
57,83,297,91,66,5,1
57,83,297,89,66,5,1
57,87,297,87,64,5,0
59,87,297,87,64,5,0
59,87,297,87,66,5,0
61,89,297,85,66,5,0
61,84,297,84,66,5,0
61,87,297,84,64,5,0
61,87,297,80,64,5,0
61,89,297,77,64,5,0
61,89,297,75,64,5,0
61,91,297,75,62,5,0
61,91,297,72,62,5,0
63,92,297,70,62,5,0
61,95,297,70,60,5,0
63,95,297,68,56,5,0
63,95,297,66,56,5,0
63,95,297,66,54,5,0
63,97,297,63,54,5,0
65,97,297,63,52,5,0
65,101,297,63,52,5,0
65,101,297,62,50,5,0
65,101,297,60,50,5,0
65,101,297,58,48,5,0
67,103,297,58,48,5,0
67,103,297,58,46,5,0
67,104,297,58,46,5,0
67,104,297,55,46,5,0
69,107,297,54,44,5,0
69,107,297,51,42,5,0
71,107,297,51,42,5,0
73,109,297,50,40,5,0
73,111,297,50,40,5,0
73,113,297,48,38,5,0
75,113,297,46,38,5,0
75,113,297,46,36,5,0
75,113,297,43,36,5,0
75,113,297,43,36,5,-1
77,113,297,41,34,5,-1
77,111,297,42,32,5,-1
76,108,298,44,32,5,-1
77,107,297,43,32,5,0
75,105,297,45,32,5,0
77,107,297,45,32,5,0
77,107,297,43,32,5,0
75,105,297,45,32,5,0
75,105,297,48,32,5,0
77,105,297,48,32,5,0
77,105,297,48,34,5,0
75,105,297,49,34,5,0
75,105,297,52,34,5,0
75,105,297,53,36,5,0
75,105,297,55,36,5,0
75,105,297,57,38,5,0
75,101,297,57,38,5,0
75,101,297,62,38,5,0
75,101,297,62,40,5,0
75,101,297,64,40,5,0
75,101,297,65,40,5,0
75,101,297,67,40,5,0
75,101,297,70,40,5,0
75,99,297,72,42,5,0
75,99,291,72,42,5,0
75,97,287,78,44,5,0
75,95,283,79,44,5,0
75,95,277,85,44,5,0
73,93,271,94,46,5,0
73,93,267,98,48,5,0
73,91,261,108,48,5,0
73,91,257,114,48,5,0
73,91,251,124,50,5,0
73,89,247,134,52,5,0
71,87,241,144,52,5,0
71,87,237,157,54,5,0
71,87,231,171,56,5,0
71,84,227,192,58,5,0
71,83,223,213,60,5,0
67,83,217,298,62,5,1
68,83,216,297,64,5,1
67,83,221,235,64,5,1
67,83,223,229,66,5,1
67,83,225,223,68,5,1
65,80,227,216,70,5,1
65,80,231,212,70,5,1
63,81,233,210,72,5,1
63,81,235,206,74,5,1
63,81,239,202,74,5,1
63,81,240,198,76,5,1
61,81,243,196,78,5,1
63,82,245,192,78,5,1
63,83,249,190,80,5,1
63,83,255,184,80,5,1
63,83,257,180,80,5,1
63,85,260,182,82,5,1
63,85,263,180,84,5,1
63,87,265,176,84,5,1
62,85,269,174,84,5,1
63,87,271,172,84,5,1
63,89,275,168,86,5,1
62,89,277,168,86,5,1
65,89,281,165,86,5,1
65,91,283,162,89,5,1
65,93,288,160,88,5,1
64,93,291,160,88,5,1
67,97,293,156,89,5,1
67,97,295,154,88,5,1
67,99,297,152,88,5,0
67,99,293,156,90,5,0
68,99,288,156,90,5,0
67,99,283,160,90,5,0
68,99,277,163,90,5,0
71,97,273,168,93,5,0
68,95,267,172,93,5,1
70,97,269,168,92,5,1
69,99,271,166,94,5,1
71,99,272,164,94,5,1
71,99,274,164,94,5,1
71,101,275,160,94,5,1
73,103,275,156,94,5,1
73,105,276,154,94,5,1
75,107,279,152,95,5,1
73,107,278,150,95,5,1
74,107,278,150,94,5,1
75,109,277,146,95,5,1
75,111,279,144,95,5,1
77,111,277,142,96,5,1
77,113,280,142,94,5,1
77,115,282,138,94,5,1
79,117,280,138,94,5,1
80,118,282,136,93,5,1
80,119,281,132,94,5,1
83,121,282,132,94,5,1
83,121,281,130,92,5,1
83,123,282,128,92,5,1
85,125,283,124,92,5,1
85,127,285,122,92,5,1
87,128,286,120,90,5,1
89,131,288,118,90,5,1
88,131,290,116,88,5,1
91,133,290,114,89,5,1
91,133,292,112,88,5,1
92,135,297,108,88,5,1
95,137,296,108,85,5,1
95,139,298,104,86,5,1
97,139,298,103,84,5,1
97,139,298,100,82,5,1
99,141,298,98,83,5,0
99,140,298,98,80,5,0
99,137,298,98,80,5,0
101,137,292,98,78,5,0
101,135,288,96,76,5,0
101,133,282,98,76,5,0
103,133,278,98,76,5,0
103,131,272,98,74,5,0
103,129,266,100,74,5,0
103,127,262,100,72,5,0
103,125,256,100,72,5,0
103,123,252,103,70,5,0
103,122,246,104,72,5,0
103,120,241,106,70,5,0
103,120,236,108,70,5,0
103,117,232,112,70,5,0
101,113,228,121,70,5,0
101,113,221,124,70,5,0
99,111,218,134,70,5,0
99,107,211,146,70,5,0
99,105,208,160,70,5,0
97,105,201,198,70,5,0
97,102,198,298,70,5,0
95,99,192,298,70,5,0
95,98,188,298,72,5,0
93,95,182,298,72,5,0
93,93,177,298,72,5,0
89,89,172,298,76,5,0
87,87,168,298,76,5,0
87,85,162,298,78,5,0
83,83,157,298,80,5,0
83,80,152,298,80,5,0
81,78,146,298,83,5,1
79,77,146,298,84,5,1
76,75,144,298,85,5,1
75,74,144,298,86,5,1
71,71,142,298,89,5,1
69,69,142,298,90,5,1
67,68,140,299,92,5,1
63,65,138,298,94,5,1
63,65,140,298,94,5,1
59,64,140,298,96,5,1
59,61,137,298,98,5,1
57,60,136,298,99,5,1
55,59,136,299,100,5,1
53,56,138,298,101,5,1
51,55,138,298,102,5,1
50,55,137,298,102,5,1
49,53,138,298,104,5,1
47,53,140,298,104,5,1
45,52,142,299,108,5,1
45,49,140,298,108,5,1
43,49,142,298,108,5,1
41,48,144,298,110,5,1
41,50,148,298,110,5,1
39,46,144,298,112,5,1
39,46,150,298,112,5,1
39,45,154,298,114,5,1
37,45,156,299,114,5,1
38,44,160,298,116,5,1
37,46,162,299,116,5,1
35,44,166,298,116,5,1
33,42,168,298,118,5,1
35,44,176,298,118,5,1
33,44,180,298,118,5,1
33,44,188,298,118,5,1
33,44,190,298,120,5,1
31,44,198,298,120,5,1
31,43,204,299,120,5,1
33,44,210,298,120,5,1
33,46,214,298,120,5,1
33,46,218,298,122,5,1
33,46,224,298,122,5,1
32,46,228,298,122,5,1
33,46,230,298,122,5,1
33,50,236,286,122,5,1
33,48,236,278,124,5,1
33,52,238,264,122,5,1
34,51,239,257,124,5,1
35,53,240,250,124,5,1
35,56,239,246,124,5,1
38,58,240,234,122,5,1
36,57,237,231,122,5,1
37,60,236,226,124,5,1
39,62,236,222,124,5,1
39,64,237,216,124,5,1
39,66,237,216,124,5,1
42,69,236,208,122,5,1
43,70,236,207,124,5,1
43,72,237,203,124,5,1
45,76,236,198,121,5,1
46,78,237,195,122,5,1
48,82,234,192,123,5,1
49,84,236,188,122,5,1
51,88,236,184,121,5,1
52,90,238,184,121,5,1
54,94,239,180,122,5,1
56,96,240,178,122,5,1
56,98,243,175,120,5,1
58,102,242,170,119,5,1
60,104,246,166,118,5,1
62,106,248,164,120,5,1
63,110,250,162,118,5,1
65,110,253,160,117,5,1
68,112,257,158,116,5,1
70,112,258,156,115,5,1
72,112,261,152,116,5,1
73,112,264,150,113,5,1
75,112,268,146,114,5,1
76,110,272,146,114,5,1
78,110,276,142,112,5,1
80,110,282,140,111,5,1
82,110,287,138,109,5,1
83,110,290,136,109,5,1
86,108,298,133,110,5,1
86,109,298,130,107,5,1
87,110,298,126,107,5,1
87,108,298,126,105,5,1
88,110,298,122,104,5,1
88,110,298,120,104,5,1
87,112,298,118,102,5,1
88,111,298,115,102,5,1
86,112,298,112,100,5,1
86,112,298,110,97,5,1
88,112,298,106,96,5,1
88,114,299,104,95,5,0
86,114,299,104,93,5,0
86,112,299,104,92,5,0
86,112,299,102,89,5,0
86,112,299,102,87,5,0
86,110,299,100,87,5,0
84,108,299,100,85,5,0
84,108,299,100,83,5,0
84,108,299,98,83,5,0
84,106,299,98,81,5,0
84,105,299,98,80,5,0
81,105,299,98,80,5,0
84,105,299,98,77,5,0
81,102,299,98,77,5,0
80,102,299,96,75,5,0
81,100,299,96,73,5,0
80,100,299,96,73,5,0
78,98,299,98,71,5,0
80,96,299,96,71,5,0
78,96,299,98,71,5,0
78,94,299,98,71,5,0
76,94,296,98,69,5,0
76,94,292,98,69,5,0
76,91,286,100,69,5,0
74,91,282,100,68,5,0
74,88,277,102,68,5,1
74,88,286,100,69,5,1
71,89,294,100,68,5,1
72,88,298,100,67,5,1
72,88,298,96,69,5,1
70,89,298,94,68,5,1
70,90,298,93,67,5,1
69,90,298,92,66,5,1
70,90,298,92,65,5,1
70,92,298,89,65,5,1
69,94,299,88,65,5,1
68,94,298,85,63,5,1
70,96,298,84,63,5,1
70,96,298,83,63,5,1
70,99,298,82,61,5,1
68,98,298,80,61,5,1
70,100,298,80,61,5,1
70,102,298,78,59,5,1
70,104,298,76,59,5,1
72,107,298,73,59,5,1
72,108,298,72,57,5,0
72,111,298,72,57,5,0
74,111,298,69,55,5,0
74,111,298,68,53,5,0
74,111,298,69,53,5,0
74,111,298,68,53,5,0
76,111,298,68,51,5,0
76,111,298,69,51,5,0
76,111,298,68,51,5,0
76,111,298,65,49,5,0
76,111,298,68,49,5,0
78,112,298,65,49,5,0
76,111,298,68,49,5,0
78,111,298,68,49,5,0
78,111,298,68,47,5,0
78,111,298,69,49,5,0
78,111,298,68,47,5,0
78,111,298,69,47,5,0
80,111,298,69,47,5,0
78,111,298,72,47,5,0
80,111,298,72,47,5,0
78,108,298,73,49,5,0
80,108,298,73,47,5,0
78,108,298,75,49,5,0
80,108,298,75,49,5,0
78,108,298,77,49,5,0
80,108,298,77,49,5,0
78,106,298,77,51,5,0
78,104,298,80,53,5,0
78,104,298,81,53,5,0
78,104,298,84,53,5,0
78,102,298,84,55,5,0
76,100,298,85,55,5,0
76,100,298,87,57,5,0
74,98,298,90,59,5,0
74,96,298,90,59,5,0
72,96,298,92,61,5,0
72,94,298,92,61,5,0
72,92,298,93,61,5,0
70,92,298,95,63,5,0
70,92,298,97,63,5,0
70,94,298,97,63,5,0
68,92,298,97,65,5,0
68,92,298,100,65,5,0
66,92,298,100,65,5,0
66,92,298,101,67,5,0
66,90,298,104,67,5,0
66,92,298,104,67,5,0
64,90,298,104,69,5,0
66,90,298,104,69,5,0
66,88,298,105,69,5,0
66,88,298,107,71,5,0
64,86,298,110,71,5,0
66,86,298,110,71,5,1
66,88,298,108,71,5,1
64,89,298,106,73,5,1
64,89,298,103,73,5,1
64,90,298,102,72,5,1
64,92,298,101,73,5,0
66,94,298,99,71,5,0
66,92,298,99,71,5,0
66,90,298,99,71,5,0
66,90,298,101,71,5,0
66,92,298,101,71,5,0
66,90,298,101,71,5,0
66,89,298,101,71,5,0
66,86,298,101,71,5,0
64,86,298,101,71,5,0
66,86,298,101,71,5,0
64,86,298,101,71,5,0
64,84,298,101,71,5,0
62,82,298,101,71,5,0
62,82,298,103,71,5,0
62,80,298,103,71,5,0
62,80,298,106,73,5,0
62,80,298,106,71,5,0
62,79,298,106,71,5,0
60,76,294,106,71,5,0
60,76,286,108,73,5,0
58,74,280,108,73,5,0
58,74,276,110,73,5,0
58,72,270,110,73,5,0
58,72,266,110,73,5,0
58,72,260,110,73,5,0
58,72,258,111,73,5,0
58,70,254,111,73,5,0
56,70,248,114,73,5,0
56,68,244,114,75,5,0
54,68,238,114,75,5,0
54,68,234,115,75,5,0
54,66,226,120,75,5,0
52,65,220,120,75,5,0
52,65,216,120,75,5,0
52,62,210,121,77,5,0
52,60,206,124,77,5,0
50,60,200,125,77,5,0
50,60,198,125,77,5,0
50,58,194,128,77,5,0
48,58,188,128,77,5,0
48,56,184,130,79,5,0
46,54,178,134,79,5,0
46,54,170,134,81,5,0
44,53,166,135,81,5,0
44,53,160,137,81,5,0
42,50,156,144,81,5,0
42,48,150,152,83,5,0
42,48,146,157,83,5,0
40,48,144,163,83,5,0
40,46,138,171,85,5,0
38,44,134,183,85,5,0
38,43,128,202,85,5,0
36,43,124,298,87,5,0
34,40,118,298,87,5,0
34,38,110,298,89,5,1
32,38,110,297,89,5,1
32,36,110,298,91,5,1
30,36,112,297,89,5,1
30,34,110,298,91,5,1
30,34,114,297,89,5,1
26,32,112,297,91,5,1
26,32,113,297,89,5,1
26,32,114,298,91,5,1
26,30,118,297,91,5,1
24,32,120,298,91,5,1
24,31,120,297,91,5,1
24,30,122,297,91,5,1
22,30,122,241,91,5,1
22,30,126,228,90,5,1
23,30,128,213,91,5,1
23,28,130,209,93,5,1
22,30,132,205,91,5,1
22,29,131,206,92,5,1
22,30,138,199,93,5,1
22,30,140,196,93,5,1
22,30,142,193,93,5,1
22,32,144,187,93,5,1
22,31,146,187,95,5,1
22,32,148,183,93,5,1
22,32,148,183,95,5,1
24,32,152,179,95,5,1
22,32,152,179,95,5,1
24,34,153,175,94,5,1
24,36,157,171,93,5,1
24,34,160,173,95,5,1
24,37,162,169,95,5,1
25,38,166,165,95,5,1
26,38,165,165,95,5,1
26,38,170,163,93,5,1
27,40,169,162,93,5,1
28,40,175,157,93,5,1
29,42,178,157,93,5,1
28,42,182,155,93,5,1
30,44,181,153,93,5,1
30,44,186,153,92,5,1
31,46,190,149,92,5,1
32,48,191,147,93,5,1
33,48,193,147,93,5,1
32,50,198,142,91,5,1
33,50,199,143,93,5,1
34,52,204,143,91,5,1
36,52,208,139,91,5,1
36,52,207,139,91,5,1
36,54,213,137,91,5,1
38,54,218,133,91,5,1
38,56,221,131,89,5,1
38,58,226,131,89,5,1
38,58,228,129,88,5,1
40,58,232,127,87,5,1
41,60,235,125,87,5,1
40,60,237,125,86,5,1
42,64,242,123,84,5,1
43,62,245,121,85,5,1
44,66,247,119,85,5,1
44,68,254,119,85,5,1
46,68,257,117,83,5,1
48,72,263,113,81,5,1
46,70,266,113,83,5,1
48,74,269,111,81,5,1
48,74,271,111,81,5,1
51,76,277,109,81,5,1
50,80,283,107,79,5,1
52,80,287,105,79,5,1
54,82,289,103,77,5,1
55,84,292,103,77,5,1
54,86,297,99,77,5,1
56,88,297,101,75,5,1
58,89,297,97,73,5,1
59,91,297,95,73,5,1
60,94,298,93,73,5,1
60,93,297,95,71,5,1
62,96,297,91,71,5,1
62,98,297,91,71,5,1
65,102,297,89,69,5,1
66,104,297,87,67,5,1
66,104,297,85,67,5,1
68,108,297,84,67,5,1
70,112,297,81,65,5,1
70,111,297,80,65,5,1
72,114,297,79,63,5,0
74,114,297,79,63,5,0
74,114,297,79,61,5,0
76,114,297,79,59,5,0
76,114,297,80,59,5,0
78,116,297,80,59,5,0
78,116,297,80,57,5,0
78,114,297,83,57,5,0
80,114,297,83,57,5,0
82,114,293,83,55,5,0
80,114,287,85,57,5,0
82,114,283,85,57,5,0
82,114,279,87,55,5,0
82,112,273,91,57,5,0
82,110,269,92,57,5,0
82,110,263,95,57,5,0
82,107,259,97,57,5,0
82,107,253,100,57,5,0
82,105,247,104,59,5,0
82,105,243,109,59,5,0
82,105,239,113,59,5,0
82,104,231,117,61,5,1
82,104,233,116,61,5,1
82,104,233,115,61,5,1
82,106,233,116,61,5,1
82,103,236,115,62,5,1
82,103,235,115,61,5,1
82,106,237,115,63,5,1
80,105,235,115,63,5,1
82,105,237,113,63,5,1
82,106,237,113,65,5,1
82,107,237,111,63,5,1
82,106,239,111,65,5,1
82,107,241,111,63,5,1
81,108,241,107,63,5,1
82,110,243,107,65,5,1
84,107,243,107,65,5,1
82,109,243,107,65,5,1
83,110,245,105,65,5,1
84,109,245,104,65,5,1
82,110,247,103,65,5,1
84,110,249,101,65,5,1
84,110,249,101,66,5,1
86,110,251,99,65,5,1
84,108,253,101,65,5,1
86,109,255,97,66,5,1
86,107,257,97,65,5,0
86,107,251,97,65,5,0
84,104,247,99,65,5,0
86,104,240,101,65,5,0
86,102,235,101,65,5,0
86,102,231,103,65,5,0
86,102,226,105,65,5,0
84,97,219,109,67,5,0
84,97,217,111,65,5,0
84,95,210,116,65,5,0
84,93,205,119,67,5,0
82,93,201,123,67,5,0
82,89,196,131,67,5,1
80,89,195,131,68,5,1
78,89,197,127,67,5,1
76,88,195,129,68,5,1
76,87,197,127,69,5,1
76,87,199,127,67,5,1
73,87,199,127,69,5,1
74,86,199,127,69,5,1
73,85,198,125,69,5,1
72,83,199,127,69,5,1
70,83,201,123,70,5,1
70,83,201,125,70,5,1
70,83,203,123,69,5,1
70,83,207,123,70,5,1
68,81,207,123,70,5,1
68,81,207,123,72,5,1
68,81,209,121,72,5,1
66,81,211,119,70,5,1
66,81,217,117,70,5,1
66,81,217,117,72,5,1
65,81,219,119,72,5,1
66,81,220,117,72,5,1
63,81,225,113,72,5,1
64,81,229,113,72,5,1
64,82,231,112,71,5,1
64,81,237,111,72,5,1
63,81,239,111,72,5,1
62,81,243,111,72,5,1
63,81,249,107,72,5,1
64,83,253,105,69,5,1
62,83,260,105,70,5,1
61,81,265,105,70,5,1
62,83,271,102,70,5,1
63,83,275,101,70,5,1
63,85,285,99,70,5,1
64,85,289,100,68,5,1
63,85,297,97,68,5,1
63,87,296,95,68,5,1
63,85,297,96,68,5,1
61,87,297,93,68,5,1
63,89,297,91,68,5,0
63,89,297,91,65,5,0
63,87,297,93,65,5,0
63,87,297,91,65,5,0
63,87,297,95,65,5,0
63,87,297,93,65,5,0
65,87,297,95,65,5,0
63,85,294,95,65,5,0
63,85,291,95,65,5,0
63,85,285,98,65,5,0
63,83,281,98,65,5,0
63,81,275,102,65,5,0
63,83,270,102,65,5,1
64,81,280,99,64,5,1
62,82,287,98,64,5,1
63,83,295,99,66,5,1
62,82,297,98,64,5,1
63,85,297,95,64,5,1
62,85,297,94,65,5,1
61,85,297,93,66,5,1
63,87,297,92,66,5,1
63,89,297,89,64,5,1
63,87,297,89,64,5,1
63,90,297,85,63,5,1
63,91,297,84,64,5,1
65,93,297,83,62,5,1
65,93,297,83,64,5,1
65,95,297,79,62,5,1
65,97,297,79,62,5,1
65,101,297,77,62,5,1
67,101,297,76,61,5,0
67,101,297,74,60,5,0
67,103,297,74,60,5,0
69,103,297,74,58,5,0
69,103,297,71,58,5,0
71,103,297,71,54,5,0
71,103,297,74,54,5,0
71,103,297,70,54,5,0
73,103,297,70,54,5,0
73,103,297,70,52,5,0
73,103,297,71,52,5,0
73,101,297,70,52,5,0
73,101,297,71,52,5,0
73,98,297,71,50,5,0
73,101,297,71,50,5,0
73,98,297,71,50,5,0
73,97,297,74,52,5,0
73,97,297,74,50,5,0
71,95,297,76,50,5,0
73,95,297,76,50,5,0
73,95,297,76,52,5,0
71,92,297,76,52,5,0
71,92,297,77,52,5,0
71,95,297,76,50,5,0
71,92,297,77,50,5,0
71,92,297,79,52,5,0
71,91,297,79,52,5,0
71,91,297,81,52,5,0
71,89,297,83,52,5,0
69,89,297,83,54,5,0
69,87,297,86,54,5,0
69,85,297,89,54,5,0
69,85,297,92,54,5,0
67,85,297,92,54,5,0
67,82,297,93,54,5,0
67,82,297,95,55,5,1
67,85,297,96,56,5,1
65,85,297,94,56,5,1
65,85,297,92,56,5,1
65,84,297,91,58,5,1
65,87,297,89,58,5,0
63,85,297,91,58,5,0
63,83,297,94,58,5,0
63,83,297,94,60,5,0
63,81,297,94,62,5,0
61,79,297,94,62,5,0
63,79,297,89,62,5,0
61,77,297,91,64,5,0
61,77,297,89,64,5,0
61,75,297,91,64,5,0
61,75,297,89,64,5,0
59,73,297,89,66,5,0
57,73,297,89,66,5,0
