32,53,298,81,60,0,0
32,53,298,81,60,0,1.5
31,53,297,80,60,0,1.5
31,55,297,77,60,0,1.5
31,57,297,75,60,0,1.5
31,59,297,74,60,0,1.5
31,61,297,72,60,0,1.5
37,63,255,72,60,0,1.5
37,65,236,69,62,0,1.5
37,67,217,68,62,0,1.5
39,71,193,67,62,0,1.5
39,73,174,66,62,0,1.5
39,77,159,66,62,0,1.5
39,81,145,64,64,0,1.5
39,79,136,63,64,0,0
39,79,136,63,64,5,0
41,75,129,61,62,5,0
43,79,123,60,60,5,0
45,75,117,58,58,5,0
47,69,113,56,56,5,0
49,75,107,54,54,5,-1.5
49,72,113,54,50,5,-1.5
50,73,118,51,49,5,-1.5
51,71,123,52,46,5,-1.5
53,71,133,52,46,5,-1.5
53,69,145,42,45,5,-1.5
53,69,159,36,42,5,-1.5
55,69,171,36,42,5,-1.5
55,67,183,35,40,5,-1.5
49,65,211,35,40,5,-1.5
49,65,255,36,28,5,-1.5
49,63,287,36,28,5,0
43,63,287,36,28,5,0
43,63,285,36,28,5,0
43,65,267,34,26,5,0
43,65,265,34,26,5,0
45,65,249,34,26,5,0
45,67,249,34,26,5,0
45,67,245,34,26,5,0
45,71,229,31,24,5,0
45,72,225,31,24,5,0
47,75,211,30,24,5,-1.5
47,72,237,32,24,5,-1.5
46,70,246,31,24,5,0
46,70,242,31,24,5,0
48,70,236,31,24,5,0
48,70,232,31,24,5,0
48,70,228,31,24,5,0
50,73,222,31,24,5,0
50,73,218,31,24,5,0
50,73,212,31,24,5,0
50,73,208,31,24,5,0
50,73,202,30,24,5,0
50,73,198,30,24,5,0
50,73,192,30,24,5,0
50,73,188,27,24,5,0
50,73,182,27,22,5,0
50,73,178,27,22,5,0
52,73,172,26,22,5,0
52,74,168,26,20,5,0
52,74,162,26,20,5,0
52,79,158,26,18,5,0
52,79,152,26,18,5,0
52,83,148,26,18,5,-1.5
53,81,155,25,18,5,-1.5
51,79,161,26,20,5,-1.5
51,77,297,28,20,5,-1.5
51,79,297,27,20,5,-1.5
51,75,297,29,20,5,-1.5
49,73,297,33,20,5,-1.5
50,71,297,35,22,5,-1.5
49,67,297,39,22,5,-1.5
49,65,297,43,24,5,-1.5
47,67,297,43,24,5,-1.5
46,63,297,47,27,5,-1.5
49,61,285,47,28,5,-1.5
48,59,257,51,30,5,-1.5
45,61,235,55,34,5,-1.5
47,61,215,61,34,5,-1.5
46,59,196,65,35,5,0
43,65,191,65,35,5,0
43,69,187,65,38,5,0
42,67,181,61,40,5,0
42,69,177,67,38,5,0
42,67,172,63,40,5,0
39,65,167,61,42,5,0
42,65,162,65,44,5,0
42,62,157,67,44,5,0
43,61,153,74,46,5,0
46,59,147,77,46,5,0
47,59,143,79,46,5,0
49,57,137,81,44,5,1.5
50,57,141,78,46,5,1.5
47,56,145,77,48,5,1.5
48,57,153,75,42,5,1.5
47,55,159,73,43,5,1.5
46,55,168,72,44,5,1.5
45,53,177,73,44,5,1.5
45,53,193,71,46,5,1.5
44,53,211,69,45,5,1.5
43,53,235,69,46,5,1.5
43,51,269,70,48,5,1.5
43,52,297,66,48,5,1.5
41,52,297,66,48,5,0
41,51,297,67,48,5,0
41,51,297,67,44,5,0
39,51,297,70,44,5,0
39,49,287,70,46,5,0
37,47,277,71,46,5,0
37,47,267,73,48,5,0
35,44,259,76,48,5,0
35,43,249,78,50,5,0
33,43,239,78,50,5,0
33,41,229,80,52,5,0
31,39,221,81,52,5,1.5
31,41,237,79,52,5,1.5
31,41,239,77,52,5,1.5
31,43,239,76,52,5,1.5
32,43,238,74,52,5,1.5
31,45,243,72,52,5,0
31,45,237,72,52,5,0
31,45,233,72,52,5,0
31,45,225,72,52,5,0
31,45,221,72,52,5,0
31,45,215,72,52,5,0
31,45,211,72,52,5,0
33,47,207,70,52,5,0
33,47,203,70,52,5,0
33,47,197,70,52,5,1.5
33,47,199,68,52,5,1.5
33,49,199,66,52,5,1.5
33,52,199,64,50,5,1.5
35,55,197,62,50,5,1.5
35,57,197,60,50,5,1.5
35,61,197,57,48,5,0
37,63,191,56,48,5,0
37,65,187,56,46,5,0
39,65,183,54,46,5,0
39,67,178,54,44,5,0
41,67,172,51,44,5,0
41,69,167,50,42,5,0
43,69,161,50,42,5,0
43,71,157,48,40,5,0
45,71,153,48,40,5,0
45,69,147,48,40,5,0
45,69,141,46,38,5,0
45,69,137,44,38,5,0
47,69,133,44,36,5,0
47,71,127,62,36,5,1.5
49,73,123,66,34,5,1.5
49,73,123,98,34,5,1.5
51,71,123,102,32,5,1.5
50,71,127,96,32,5,1.5
51,69,141,98,30,5,1.5
51,65,157,100,31,5,1.5
53,63,176,100,32,5,1.5
57,63,187,98,34,5,1.5
59,62,193,96,36,5,1.5
59,61,197,94,36,5,1.5
57,59,199,94,38,5,1.5
55,59,199,90,38,5,1.5
51,57,198,88,40,5,1.5
49,55,196,88,40,5,1.5
49,53,193,84,42,5,1.5
49,51,191,82,46,5,1.5
47,49,191,80,47,5,1.5
47,49,189,78,49,5,1.5
44,49,188,74,49,5,1.5
43,51,187,72,48,5,1.5
41,57,187,70,50,5,1.5
39,61,188,68,50,5,1.5
39,64,185,66,50,5,0
39,68,181,64,50,5,0
36,70,176,62,52,5,0
36,76,171,60,52,5,0
39,78,166,58,52,5,0
41,80,161,56,50,5,0
41,78,156,56,50,5,0
43,82,152,54,50,5,0
43,82,146,52,48,5,0
46,82,142,50,46,5,0
49,82,136,48,45,5,0
49,80,132,48,45,5,0
50,80,126,46,41,5,0
53,78,122,44,41,5,0
53,78,116,146,38,5,0
55,76,112,144,38,5,0
57,74,108,140,35,5,1.5
57,71,104,136,34,5,1.5
57,69,101,132,32,5,1.5
58,65,102,128,30,5,1.5
61,63,99,124,28,5,1.5
61,59,97,122,30,5,1.5
61,57,94,118,37,5,1.5
59,53,90,114,42,5,1.5
59,51,86,110,46,5,1.5
55,49,83,106,48,5,1.5
51,47,80,102,48,0,1.5
51,48,80,104,48,0,1.5
51,47,84,104,48,0,1.5
49,48,86,105,48,0,1.5
49,49,90,106,47,0,1.5
49,50,96,108,46,0,1.5
49,49,105,108,46,0,1.5
47,50,104,110,46,0,1.5
47,51,104,110,46,0,1.5
47,51,104,112,44,5,1.5
45,51,98,108,46,5,1.5
45,52,92,106,46,5,3
43,51,86,102,46,5,3
41,52,80,100,46,5,3
41,54,76,98,46,5,3
41,50,70,96,298,5,3
41,50,66,94,154,0,3
41,54,66,100,52,0,3
41,56,66,107,46,0,3
41,57,66,114,46,0,3
43,61,66,124,48,0,3
43,70,68,136,48,0,3
43,71,68,150,50,5,3
45,64,65,156,50,5,3
47,60,62,166,46,5,3
47,54,58,178,46,5,3
49,48,55,198,43,5,3
53,44,52,270,46,0,3
56,44,54,298,43,0,3
58,44,56,298,45,0,3
61,44,58,298,50,0,1.5
60,44,60,298,50,0,1.5
58,44,62,298,51,0,1.5
58,44,64,298,54,0,1.5
56,44,66,274,54,0,1.5
56,44,68,248,56,0,1.5
53,44,70,200,58,0,1.5
52,44,73,168,57,0,3
52,45,78,126,61,0,3
50,44,86,102,65,0,3
47,46,94,86,67,0,1.5
48,46,98,78,273,5,1.5
44,44,100,80,63,5,1.5
42,42,100,79,61,5,1.5
40,40,102,80,56,5,1.5
37,38,103,80,48,5,1.5
36,38,108,78,37,5,1.5
34,36,110,78,39,5,1.5
32,36,117,76,39,5,1.5
30,36,126,75,41,5,1.5
30,34,137,74,41,5,1.5
28,35,154,73,41,5,1.5
28,34,192,72,43,5,1.5
28,34,298,70,43,5,1.5
26,34,298,70,43,5,0
26,32,298,70,45,5,0
24,30,298,71,45,5,0
24,30,298,74,47,5,0
22,28,298,76,47,5,0
22,27,298,78,49,5,0
20,27,298,78,49,5,0
20,24,298,80,51,5,0
18,22,298,81,51,5,0
18,22,294,84,53,5,0
18,22,290,84,53,5,0
16,20,284,86,53,5,0
16,20,280,86,53,5,0
16,20,274,86,55,5,0
16,20,270,86,55,5,0
14,18,264,88,55,5,0
14,20,260,86,55,5,1.5
14,18,250,83,57,5,1.5
14,19,244,81,57,5,1.5
14,22,232,80,57,5,1.5
14,22,228,78,56,5,1.5
16,24,214,76,57,5,1.5
16,24,210,72,57,5,1.5
18,29,196,70,55,5,1.5
18,28,192,67,55,5,0
20,32,182,66,55,5,0
20,32,180,66,55,5,0
20,36,174,62,53,5,0
20,36,170,62,53,5,0
24,41,164,62,53,5,0
24,41,160,62,51,5,0
26,49,154,59,49,5,0
26,52,150,59,49,5,0
26,60,144,58,47,5,0
28,60,140,58,47,5,-1.5
30,64,136,54,45,5,-1.5
30,63,130,55,45,5,-1.5
32,60,134,55,45,5,-1.5
32,69,130,58,44,5,-1.5
34,66,124,58,45,5,-3
36,63,128,58,43,5,-3
34,59,130,58,43,5,-3
34,63,126,62,43,5,-3
36,61,126,61,45,5,-3
36,56,124,66,48,5,-3
34,54,126,70,45,5,-3
34,51,126,74,50,5,-3
36,46,126,72,50,5,-3
32,42,126,75,51,5,-3
32,50,126,80,52,5,-3
29,46,126,74,53,5,-3
33,44,131,78,59,5,-3
32,40,130,80,58,5,-3
28,36,132,78,60,5,-3
28,44,135,78,65,5,-3
28,40,136,74,62,5,-3
24,36,141,76,66,5,0
25,40,136,74,62,5,0
28,40,131,74,67,5,0
24,46,126,70,63,5,0
28,44,121,68,63,5,0
24,52,117,68,66,5,0
25,60,112,64,62,5,0
28,62,107,62,62,5,0
28,258,100,58,58,5,0
32,254,94,56,56,5,0
32,243,90,52,56,5,0
35,240,84,50,52,5,0
38,235,80,50,52,5,0
38,222,74,46,48,5,0
42,218,70,44,46,5,-1.5
41,216,68,40,43,5,-3
41,222,69,38,42,5,-3
43,226,70,36,36,5,-3
45,232,72,34,36,5,-3
46,236,74,34,34,5,-3
45,235,76,33,30,5,-3
47,236,79,30,28,5,-3
47,236,82,30,26,5,-3
49,237,82,31,26,5,-3
49,242,88,30,24,5,-3
49,246,94,30,24,5,-3
49,241,96,32,24,5,-3
50,238,96,35,24,5,-3
49,235,102,36,24,5,0
53,232,98,34,24,5,0
53,225,92,34,24,5,0
55,223,88,34,26,5,0
55,223,82,31,26,5,0
57,215,78,31,26,5,0
61,210,72,31,24,5,0
61,208,68,28,26,5,0
67,202,62,28,22,5,0
67,196,58,28,22,5,-3
67,197,52,24,22,5,-3
67,193,58,25,20,5,-3
73,195,54,22,22,5,-3
73,187,59,24,18,5,-3
73,190,56,24,21,5,-3
71,182,63,21,16,5,-3
71,177,69,24,18,5,-3
71,171,67,21,17,5,-3
69,165,74,26,18,5,-3
67,161,80,22,18,5,-3
69,156,86,28,18,5,-3
71,151,91,24,20,5,-3
72,149,96,30,16,5,-3
73,144,98,28,22,5,-3
72,141,96,32,16,5,-3
71,137,98,30,24,5,-3
69,135,99,36,20,5,-3
67,131,104,42,25,5,0
67,127,98,38,25,5,0
67,123,92,36,25,5,0
62,119,90,40,31,5,0
65,115,83,36,26,5,0
291,111,77,34,26,5,0
169,105,72,36,28,5,-3
287,103,74,36,26,5,-3
281,99,77,38,30,5,-3
277,97,77,36,26,5,-3
273,93,70,34,31,5,-3
271,90,75,34,28,5,-3
267,87,69,34,30,5,-3
265,85,63,34,28,5,-3
263,81,63,33,28,5,-3
261,79,61,34,28,0,-3
247,83,61,36,28,0,-3
238,87,60,37,28,0,-3
227,91,61,39,28,0,-3
191,97,61,41,28,0,-3
127,103,61,46,28,0,-3
75,110,63,48,28,0,-3
77,113,63,47,28,0,-3
87,123,65,47,28,0,-3
101,135,65,49,28,0,-3
126,145,67,56,30,0,-3
287,161,69,55,29,0,-3
269,269,71,53,32,0,-3
254,265,73,53,31,0,-3
235,263,75,61,33,0,-3
219,261,79,61,34,0,-3
208,247,83,61,36,0,-3
195,238,87,60,37,0,-3
186,227,91,61,39,0,-3
178,191,97,61,41,0,-3
162,127,103,61,46,0,-3
152,75,110,63,48,5,-3
150,73,107,61,49,5,-3
148,69,113,59,54,5,-3
139,65,119,57,57,5,-3
140,61,119,56,56,5,-3
138,59,133,57,53,5,-3
136,55,241,57,51,5,-3
136,51,232,59,51,5,-3
130,47,225,59,49,5,-3
130,48,219,61,47,5,-3
130,43,207,61,47,5,-3
130,44,194,63,48,5,-3
130,42,189,65,47,5,-3
128,40,176,66,49,5,0
128,40,171,66,49,5,0
128,42,165,65,49,5,0
28,42,161,63,49,5,0
28,40,155,65,49,5,0
30,40,151,63,49,5,0
28,40,145,65,47,5,0
30,40,141,65,47,5,0
30,37,135,65,49,5,0
30,37,131,65,47,5,0
30,37,125,73,47,5,0
30,37,121,185,47,5,0
28,35,115,177,45,5,0
28,34,111,171,47,5,0
28,34,105,165,45,5,0
26,34,101,159,47,5,0
26,34,95,151,47,5,3
26,34,91,153,45,5,3
26,36,96,155,46,5,3
26,38,91,155,45,5,3
26,40,85,157,45,5,3
28,43,89,159,45,5,3
28,46,83,163,49,5,3
32,47,85,167,47,5,3
32,51,82,169,47,5,3
36,46,79,167,45,5,3
34,51,77,169,49,5,3
38,45,72,165,51,5,3
40,49,71,165,49,5,3
42,44,67,161,48,5,3
38,47,65,157,47,5,3
42,43,63,155,51,5,3
38,45,61,151,54,5,3
40,42,59,148,54,5,3
36,39,57,143,50,5,3
37,35,55,139,52,5,3
36,33,55,137,53,5,3
36,31,54,133,54,5,3
31,27,53,131,54,5,3
29,27,55,129,52,5,3
25,25,56,125,52,5,3
23,22,59,123,52,5,3
20,21,61,121,54,5,3
19,21,69,119,54,5,3
17,21,79,117,54,5,3
17,19,73,115,52,5,3
17,21,79,113,52,5,3
17,21,75,111,52,0,3
16,22,74,118,52,0,3
17,23,81,126,52,0,3
17,25,81,132,54,0,3
17,27,85,138,54,0,3
17,29,85,167,56,0,3
17,31,86,288,57,0,3
17,35,87,280,64,0,3
17,39,90,274,64,0,3
17,44,92,268,66,0,3
17,51,93,262,74,0,3
19,61,95,256,86,0,3
18,63,99,60,294,0,3
19,63,104,58,196,0,3
21,75,107,52,189,0,3
21,75,111,52,179,0,3
22,74,118,52,168,5,3
29,79,120,50,164,5,3
37,77,121,46,160,5,3
45,75,121,42,158,5,3
57,73,146,38,156,5,3
59,71,266,34,154,5,3
63,69,254,37,152,5,3
67,70,242,31,151,5,3
65,69,232,28,149,5,3
65,69,222,22,148,5,3
63,69,214,22,40,5,0
61,69,210,28,20,5,0
58,65,204,32,16,5,0
57,65,200,34,16,5,0
57,63,194,36,18,5,0
55,61,190,40,20,5,0
53,59,184,42,22,5,3
53,57,174,40,22,5,3
51,65,162,38,24,5,3
51,76,146,36,24,5,3
49,84,142,36,24,5,3
48,95,124,35,24,5,3
49,187,96,31,24,5,3
47,183,90,30,24,5,0
55,178,86,28,22,5,0
55,170,80,28,22,5,0
55,164,76,27,22,5,0
61,157,70,27,22,5,0
61,152,66,27,20,5,0
65,145,60,27,20,5,-3
67,144,56,26,20,5,-3
66,146,64,24,20,5,-3
65,145,58,26,20,5,-3
65,148,64,22,20,5,-3
65,150,72,22,20,5,-3
65,145,68,22,20,5,-3
69,140,74,22,16,5,-3
69,144,70,24,18,5,-3
69,141,66,24,16,5,-3
67,135,68,26,18,0,-3
69,141,70,26,19,0,-3
65,139,74,26,20,0,-3
67,143,78,26,20,0,-3
69,141,80,32,20,0,-3
69,143,84,36,20,0,-3
69,143,87,36,19,0,-3
73,144,92,36,18,0,-3
75,143,96,48,19,0,-3
75,143,102,48,18,0,-3
79,145,109,48,20,0,-3
80,147,117,60,22,0,-3
81,148,127,59,24,0,-3
95,65,129,60,26,0,-3
109,67,138,66,28,0,-3
123,67,135,68,26,0,-3
142,69,141,70,26,0,-3
171,65,139,74,26,0,-3
189,67,143,78,26,0,-3
197,69,141,80,32,5,-3
197,65,139,81,40,5,-3
203,61,133,85,48,5,-3
202,57,128,89,58,5,0
202,50,124,89,58,5,0
196,46,118,89,62,5,0
196,45,114,89,62,5,0
186,39,108,89,64,5,0
186,31,104,89,64,5,0
70,29,98,89,64,5,0
58,123,94,89,64,5,-3
45,123,89,84,64,5,-3
33,131,83,85,66,5,-3
31,243,79,80,66,5,-3
19,233,75,77,68,5,-3
19,225,71,74,70,5,-3
23,217,67,69,72,5,-3
47,211,62,65,75,5,-3
51,203,61,60,72,0,-3
47,199,61,57,72,0,-3
43,195,63,58,74,0,-3
37,193,65,57,70,0,-3
36,189,67,55,68,0,-3
26,181,71,55,70,0,-3
24,175,75,55,70,0,-3
23,166,77,56,65,0,-3
22,155,83,55,63,0,-3
22,143,85,55,67,0,-3
24,131,91,55,65,0,-3
24,101,93,57,63,0,-3
26,82,97,57,61,0,-3
27,67,213,57,62,5,-3
20,65,203,57,59,5,-3
22,61,193,55,56,5,-3
24,59,185,55,51,5,-3
28,57,177,55,49,5,-3
30,54,169,57,49,5,-3
30,52,159,57,47,5,-3
32,48,147,57,47,5,-3
32,48,143,57,45,5,-3
32,44,132,55,46,5,-3
32,42,125,77,47,5,0
32,42,121,183,47,5,0
32,42,115,177,47,5,0
30,39,111,169,47,5,0
30,39,105,162,47,5,0
30,39,101,157,47,5,0
30,39,95,149,41,5,0
30,38,91,143,49,5,0
30,38,85,135,49,5,0
30,38,81,128,49,5,0
30,38,77,123,53,5,0
28,38,71,115,55,5,3
28,34,66,115,64,5,3
30,38,61,113,63,5,3
30,31,63,113,63,5,3
30,36,57,113,63,5,3
28,31,53,113,73,5,3
29,37,49,113,73,5,3
26,31,51,115,73,5,3
28,29,47,115,74,5,3
28,30,43,119,73,5,3
29,25,39,119,169,0,3
28,24,43,127,73,0,3
26,25,45,127,69,0,3
24,29,45,137,65,0,3
24,29,47,135,67,0,3
22,29,50,141,67,0,3
23,30,53,142,64,0,3
24,29,57,145,63,0,3
26,29,61,149,67,0,3
27,29,65,149,66,0,3
28,29,69,151,68,0,3
27,35,75,155,74,0,3
25,35,83,157,76,0,3
25,37,93,162,78,0,3
26,37,106,165,104,0,3
25,39,119,169,120,0,3
24,43,127,73,144,0,3
25,45,127,69,178,0,3
29,45,137,65,198,5,3
29,49,131,62,208,5,3
33,49,131,60,208,5,3
34,53,126,55,218,5,3
37,57,125,51,226,5,3
37,61,121,49,226,5,0
39,61,119,48,226,5,0
39,61,111,45,218,5,0
41,63,109,175,66,5,0
41,63,101,167,52,5,0
41,65,99,160,44,5,0
41,65,91,152,44,5,0
43,66,85,143,36,5,3
43,65,85,146,34,5,3
44,67,82,149,34,5,3
47,59,77,152,30,5,3
49,63,73,164,38,5,3
51,55,70,173,38,5,3
55,57,65,274,36,5,3
53,51,64,298,42,5,3
55,49,61,298,44,5,3
51,44,59,298,44,5,3
51,43,55,298,47,5,3
49,39,53,298,50,5,3
41,35,50,298,55,5,3
41,32,50,266,50,0,3
38,33,51,230,52,0,3
37,33,56,208,50,0,3
35,33,58,186,48,0,3
36,35,63,164,46,0,3
37,35,68,132,46,0,3
35,36,76,112,48,0,3
34,37,84,96,47,0,3
35,37,96,84,46,0,3
33,39,112,76,46,0,3
32,39,276,72,44,0,3
33,41,298,66,52,0,3
33,43,298,60,50,5,3
31,44,298,59,52,5,3
33,46,298,55,44,5,3
34,47,264,52,44,5,3
33,50,210,50,44,5,0
33,50,204,50,40,5,0
35,51,200,48,40,5,0
35,51,194,46,40,5,0
35,51,190,46,36,5,0
35,51,184,46,36,5,0
35,54,180,46,36,5,0
35,54,174,46,36,5,0
35,54,170,46,36,5,0
35,54,164,46,34,5,0
37,54,160,44,34,5,0
37,60,154,44,34,5,0
37,60,150,44,34,5,0
37,60,144,44,34,5,0
37,62,140,43,32,5,0
37,66,134,43,32,5,0
37,75,130,43,32,5,0
37,84,124,43,32,5,0
41,96,120,43,32,5,0
41,101,114,43,32,5,0
41,101,110,43,32,5,0
43,108,106,40,30,5,-3
44,102,112,42,30,5,-3
43,92,298,44,32,5,-3
43,88,298,44,32,5,-3
41,83,298,47,32,5,-3
43,80,298,50,34,5,-3
43,75,280,52,36,5,-3
43,72,228,52,34,5,0
47,69,224,50,37,5,0
45,72,218,55,37,5,0
43,69,212,50,38,5,0
49,67,208,48,38,5,0
47,67,202,52,38,5,0
49,65,198,48,38,5,0
51,64,192,42,41,5,0
49,64,188,46,37,5,0
51,62,182,42,38,5,0
51,62,178,46,37,5,0
49,59,172,48,34,5,0
51,57,170,46,37,5,0
49,55,162,50,30,5,0
47,54,156,50,32,5,0
47,54,154,52,30,5,0
45,51,146,55,32,5,0
45,49,143,56,34,5,3
43,49,168,54,32,5,3
41,49,198,52,32,5,3
41,52,243,48,32,5,3
41,51,278,49,34,5,3
41,54,298,44,32,5,3
40,58,298,42,32,5,3
41,60,298,40,32,5,3
41,66,298,38,30,5,0
41,66,298,34,30,5,0
43,67,298,34,28,5,0
43,70,294,32,28,5,0
43,70,290,32,28,5,0
45,70,284,30,24,5,0
45,70,280,30,24,5,0
45,71,274,30,24,5,0
45,71,270,30,24,5,0
47,74,264,28,22,5,0
47,74,260,28,22,5,0
47,76,254,27,22,5,0
47,76,250,27,22,5,0
49,78,244,27,20,5,0
49,78,240,24,20,5,0
49,78,234,24,20,5,-3
49,73,224,26,20,5,-3
50,70,216,26,20,5,-3
49,66,202,28,20,5,-3
49,63,189,30,20,5,-3
49,60,174,34,20,5,0
47,60,170,37,22,5,0
47,57,163,40,22,5,0
45,55,158,42,24,5,0
45,55,154,44,24,5,0
45,55,150,47,24,5,0
43,53,144,53,26,5,0
43,52,140,54,26,5,0
41,52,134,60,30,5,0
41,52,130,64,30,5,0
41,50,124,66,32,5,0
39,50,120,74,32,5,0
39,47,114,192,34,5,0
39,47,110,186,36,5,0
37,46,104,180,38,5,3
37,45,110,182,38,5,3
37,46,114,182,42,5,3
36,47,108,185,42,5,3
37,46,112,188,42,5,3
37,49,106,192,40,5,3
37,52,106,196,42,5,3
37,52,102,194,40,5,3
39,58,104,198,40,5,3
37,58,100,190,40,5,3
39,60,98,190,42,5,3
42,66,96,184,42,5,0
43,60,90,182,40,5,0
42,56,86,181,42,5,0
43,60,81,174,42,5,0
42,54,76,170,42,5,0
43,49,72,168,46,5,3
47,52,68,160,44,5,3
45,48,68,162,46,5,3
46,47,66,158,49,5,3
46,42,63,155,52,5,3
40,42,63,154,49,5,3
43,38,60,152,51,5,3
37,36,59,148,54,5,3
36,34,56,144,55,5,3
32,30,56,140,58,5,3
30,30,54,138,55,5,3
28,28,52,134,55,5,3
26,26,53,132,55,5,3
26,26,55,130,57,5,3
22,24,56,128,57,5,3
20,22,57,124,57,5,3
20,22,61,122,57,5,3
18,20,66,122,58,5,3
18,20,76,120,57,5,3
16,20,70,118,57,5,3
16,20,78,116,57,5,3
16,20,72,114,59,5,3
16,21,68,112,58,5,3
16,24,68,111,57,5,3
16,24,64,110,57,5,3
18,28,58,109,63,5,3
18,32,60,109,67,5,3
20,34,56,109,67,5,3
22,34,52,108,67,5,3
24,36,48,111,67,5,3
28,31,44,111,71,5,3
24,32,42,117,72,5,3
28,26,36,119,75,0,3
28,26,37,149,69,0,3
30,26,40,297,67,0,3
30,26,40,297,69,0,3
28,26,42,297,65,0,3
26,32,44,284,63,0,3
26,32,48,275,65,0,3
24,32,49,259,69,0,3
25,32,53,229,79,0,3
25,32,57,182,91,0,3
26,32,63,146,221,0,3
28,32,69,123,215,0,3
28,34,77,106,209,0,3
26,34,88,89,203,0,3
26,36,102,79,195,0,3
26,36,119,75,191,0,3
26,37,149,69,184,0,3
26,40,297,67,183,5,3
32,40,293,65,177,5,0
30,40,287,61,182,5,0
30,40,283,61,182,5,0
30,37,277,61,184,5,0
30,37,273,61,186,5,0
30,37,267,61,188,5,0
30,37,263,61,191,5,0
28,35,257,63,47,5,0
28,35,253,66,47,5,0
28,34,247,69,47,5,0
28,34,243,69,43,5,0
26,34,237,69,45,5,0
26,34,233,69,43,5,0
26,32,227,71,43,5,0
26,32,223,71,43,5,0
24,30,217,73,45,5,0
24,30,213,73,45,5,0
24,30,207,75,47,5,0
24,30,203,75,47,5,0
22,27,197,77,49,5,0
22,26,193,77,49,5,0
22,26,187,77,49,5,0
20,26,182,79,51,5,0
20,26,178,79,51,5,0
20,24,171,81,51,5,0
20,24,167,81,51,5,0
18,22,161,83,53,5,0
18,22,157,83,53,5,0
18,20,151,85,53,5,0
16,20,147,85,53,5,0
16,20,141,85,55,5,0
16,20,137,85,55,5,0
14,20,133,83,55,5,0
14,20,127,83,55,5,0
14,24,123,85,57,5,0
16,24,117,79,57,5,0
14,30,113,81,57,5,0
18,40,107,81,57,5,0
18,140,103,75,59,5,-3
16,134,99,81,59,5,-3
20,128,95,73,61,5,-3
20,126,91,75,63,5,-3
26,128,87,75,62,5,-3
26,124,83,71,62,5,-3
24,118,80,71,65,5,-3
28,114,77,67,64,0,-3
26,120,79,69,67,0,-3
25,122,83,71,67,0,-3
25,126,85,69,65,0,-3
24,132,89,69,63,0,-3
26,132,93,69,65,0,-3
26,138,98,70,67,0,-3
28,138,104,69,63,0,-3
28,144,102,69,63,0,-3
27,28,108,69,69,0,-3
26,28,105,71,67,0,-3
26,29,110,71,65,0,-3
24,30,110,73,67,0,-3
26,31,112,74,68,0,-3
29,30,116,75,67,0,-3
32,28,114,77,67,0,-3
32,26,120,79,69,0,-3
32,25,122,83,71,0,-3
32,25,126,85,69,0,-3
42,24,132,89,69,0,-3
42,26,132,93,69,0,-3
56,26,138,98,70,0,-3
240,28,138,104,69,0,-3
258,28,144,102,69,0,0
258,28,144,102,69,5,0
56,22,138,102,69,5,0
30,17,134,102,71,5,0
22,17,128,94,71,5,0
12,12,124,91,71,5,0
12,5,118,91,71,5,0
2,12,114,88,73,5,0
10,298,110,84,73,5,0
10,186,104,78,73,5,0
20,174,100,78,73,5,0
18,167,94,76,75,5,0
28,158,90,70,75,5,0
38,150,84,66,75,5,0
38,142,80,66,75,5,0
48,135,74,59,71,5,0
48,126,70,53,71,5,0
58,118,64,53,73,5,-3
58,118,60,50,65,5,-3
68,118,60,46,57,0,-3
58,130,62,48,58,0,-3
58,142,62,47,57,0,-3
56,260,64,46,51,0,-3
50,255,68,45,49,0,-3
50,248,70,46,51,0,-3
50,242,72,48,51,0,-3
48,238,78,50,48,0,-3
46,230,80,48,46,0,-3
44,220,84,48,45,0,-3
46,210,88,48,48,0,-3
47,186,93,54,50,0,-3
46,94,97,54,46,0,-3
44,80,103,54,44,0,-3
43,68,110,54,43,0,-3
41,68,118,60,46,0,-3
44,58,130,62,48,0,-3
47,58,142,62,47,5,-3
46,56,255,64,44,5,-3
42,52,244,64,48,5,-3
41,47,234,68,50,5,0
43,47,230,65,50,5,0
37,50,225,63,48,5,0
37,44,220,63,52,5,0
33,47,214,60,50,5,0
36,47,210,58,48,5,0
37,47,205,56,50,5,0
31,50,200,55,48,5,0
33,47,194,52,50,5,0
33,50,190,52,48,5,0
31,54,186,50,46,5,0
33,55,180,48,46,5,0
31,60,174,46,43,5,0
33,64,170,44,40,5,0
36,67,166,42,40,5,-3
33,62,156,42,38,5,-3
33,60,148,42,36,5,-3
33,58,140,44,36,5,-3
35,56,132,44,34,5,-3
35,51,128,50,34,5,-3
34,50,118,181,34,5,0
34,50,114,172,34,5,0
34,50,108,166,34,5,0
34,50,104,158,34,5,0
34,50,98,151,34,5,0
34,50,94,144,38,5,3
35,51,88,145,38,5,3
35,52,88,146,44,5,3
37,58,84,148,42,5,3
37,52,80,150,42,5,3
39,56,76,152,42,5,3
41,50,74,152,46,5,3
44,54,70,151,49,5,3
43,48,66,154,47,5,3
42,52,65,148,45,5,3
44,48,62,152,44,5,3
39,45,60,148,49,5,3
43,42,56,142,52,0,3
44,42,59,144,49,0,3
42,42,63,144,48,0,3
40,44,65,146,45,0,3
42,44,68,146,48,0,3
44,44,72,146,51,0,3
46,44,78,146,52,0,3
43,45,84,148,49,0,3
42,44,90,149,47,0,3
42,46,101,152,51,0,3
40,48,112,156,55,0,3
40,48,126,64,56,0,3
43,50,128,60,53,5,3
42,52,132,56,53,5,3
42,52,134,54,55,5,3
40,53,128,50,55,5,3
42,56,124,48,45,5,3
40,56,120,46,45,5,3
42,59,116,44,46,5,3
44,64,112,39,35,5,3
44,68,106,37,35,5,3
44,74,102,37,33,5,3
46,82,98,36,29,5,3
48,78,94,33,27,5,0
50,83,88,145,25,5,0
50,78,84,143,23,5,0
52,75,80,135,23,5,0
54,73,74,127,23,5,0
54,73,70,121,23,5,0
57,67,64,111,39,5,0
57,62,58,107,115,5,0
59,56,54,97,135,5,0
60,52,50,91,151,5,3
56,46,46,85,142,5,3
58,42,40,83,137,5,3
52,36,38,83,131,0,3
55,37,38,91,117,0,3
56,36,40,103,105,0,3
54,34,39,113,91,0,3
50,34,41,125,81,0,3
49,34,44,241,69,0,3
46,34,46,237,65,0,3
45,34,47,232,57,0,3
43,34,50,225,53,0,3
41,34,53,219,51,0,3
40,34,57,211,47,0,3
40,34,61,197,45,0,3
40,36,67,189,43,0,3
38,36,73,171,43,0,3
38,36,80,147,43,0,3
36,38,83,131,41,0,3
37,38,91,117,40,0,3
36,40,103,105,43,0,3
34,39,113,91,49,0,3
34,41,125,81,57,0,3
34,44,241,69,165,0,3
34,46,237,65,165,0,3
34,47,232,57,166,0,3
34,50,225,53,165,0,3
34,53,219,51,163,0,3
34,57,211,47,157,0,3
34,61,197,45,159,5,0
36,63,193,45,157,5,0
36,65,187,45,159,5,0
38,68,182,45,163,5,0
38,63,177,42,35,5,0
40,65,173,47,35,5,0
40,65,169,45,33,5,0
42,63,163,49,31,5,0
42,65,159,47,33,5,0
44,65,153,49,31,5,0
44,63,149,47,31,5,0
45,65,145,47,33,5,0
47,63,139,49,33,5,0
44,61,135,47,35,5,0
45,63,129,47,35,5,0
47,63,125,45,33,5,0
44,192,121,45,35,5,-3
46,193,117,45,33,5,-3
46,196,121,44,35,5,-3
46,198,117,47,35,5,-3
44,195,120,49,36,5,-3
44,70,121,53,35,5,-3
42,66,117,57,37,5,-3
42,62,121,63,37,5,-3
41,60,117,69,39,5,-3
36,80,119,69,41,5,-3
34,76,117,69,43,5,-3
34,74,115,73,44,5,-3
33,70,114,67,49,5,-3
30,66,110,71,53,5,-3
30,62,109,73,57,5,-3
34,58,107,69,57,5,-3
30,54,108,71,59,5,-3
28,52,105,67,59,5,-3
31,48,105,71,57,5,-3
32,56,108,72,63,5,-3
28,52,108,69,59,5,-3
28,48,110,69,59,5,-3
30,44,111,65,61,0,-3
31,45,114,67,59,0,-3
28,40,122,67,57,0,-3
28,34,119,69,57,0,-3
28,34,129,70,63,0,-3
29,34,126,71,61,0,-3
34,37,134,73,59,0,-3
34,36,132,75,58,0,-3
34,34,136,77,63,0,-3
34,32,136,82,63,0,-3
34,30,138,83,63,0,-3
40,28,142,87,63,0,0
40,28,142,87,63,5,0
34,28,136,87,65,5,0
26,28,132,87,65,5,0
26,22,126,87,65,5,0
20,19,122,87,65,5,0
20,19,116,87,65,5,0
20,19,112,87,65,5,0
14,12,106,85,63,5,0
14,12,102,81,63,5,0
10,130,96,81,63,5,0
16,124,92,81,63,5,0
18,118,88,77,63,5,0
28,112,82,72,63,5,-3
28,110,78,74,62,5,-3
38,109,72,66,63,5,-3
48,108,68,67,63,0,-3
38,115,68,66,63,0,-3
38,124,70,63,65,0,-3
36,138,70,64,65,0,-3
30,252,72,65,63,0,-3
28,246,72,64,65,0,-3
28,241,74,63,65,0,-3
29,236,76,61,67,0,-3
30,230,78,66,65,0,-3
30,226,80,64,63,0,-3
28,214,84,64,65,0,-3
26,206,88,68,67,0,-3
24,194,92,68,66,0,-3
23,168,96,68,61,0,-3
24,50,102,68,66,0,-3
24,48,108,68,67,0,-3
26,38,115,68,66,0,-3
28,38,124,70,63,0,-3
29,36,138,70,64,0,-3
29,30,252,72,65,5,0
25,34,248,68,62,5,0
23,34,242,66,62,5,0
25,38,239,64,62,5,0
21,36,232,61,60,5,0
23,43,228,58,62,5,0
21,50,222,56,60,5,0
23,56,218,54,58,5,0
27,66,212,52,54,5,0
25,72,208,50,52,5,0
27,78,204,48,50,5,0
29,86,198,46,47,5,0
34,94,193,42,44,5,0
36,102,188,41,42,5,-3
37,93,178,38,40,5,-3
37,88,170,38,36,5,-3
37,80,160,37,34,5,-3
39,76,154,36,32,5,-3
40,72,144,36,30,5,-3
39,68,138,37,30,5,-3
41,64,132,38,30,5,-3
41,60,122,40,30,5,0
41,60,116,46,30,5,0
41,62,112,55,28,5,0
41,62,106,167,28,5,0
41,62,102,160,30,5,0
43,62,102,152,28,5,0
43,60,92,148,28,5,0
43,60,86,140,34,5,0
43,60,82,133,34,5,3
43,59,82,132,40,5,3
45,60,76,134,38,5,3
47,57,72,132,40,5,3
45,56,70,133,48,5,3
49,52,66,134,48,5,3
47,52,62,132,48,0,3
47,49,66,140,47,0,3
49,50,68,146,50,0,3
50,52,70,148,44,0,3
51,54,72,154,42,0,3
47,52,74,161,40,0,3
45,52,76,160,42,0,3
48,52,80,166,43,0,3
50,58,84,174,41,0,3
51,58,90,178,39,0,3
49,58,95,178,40,0,3
48,58,102,184,43,0,3
46,60,110,58,46,0,3
48,60,119,56,47,5,3
50,58,120,52,45,5,3
52,58,120,49,39,5,3
48,58,126,47,39,5,3
52,58,121,45,40,5,3
50,58,122,42,33,5,3
50,60,126,46,33,5,0
47,58,120,182,33,5,0
50,58,116,175,29,5,0
47,56,110,170,29,5,0
45,54,106,164,29,5,0
44,52,100,158,29,5,0
44,52,96,152,33,5,0
42,50,91,146,33,5,0
42,49,84,140,41,5,0
40,49,80,133,44,5,0
40,46,76,128,53,5,0
38,44,70,122,63,5,0
38,42,66,116,75,5,0
36,40,60,110,113,5,0
36,40,56,102,255,0,3
36,37,54,108,101,0,3
36,38,54,112,89,0,3
36,38,54,117,77,0,3
36,41,62,123,66,0,3
36,43,62,132,65,0,3
36,44,62,139,57,0,3
36,42,70,150,55,0,3
34,40,70,160,57,0,3
34,42,72,175,55,0,3
34,46,80,192,49,0,3
36,50,82,209,51,0,3
36,48,88,217,51,0,3
37,48,90,227,53,0,3
38,52,98,235,47,0,3
40,56,102,255,47,0,3
37,54,108,101,49,0,3
38,54,112,89,51,0,3
38,54,117,77,50,0,3
41,62,123,66,53,0,3
43,62,132,65,55,0,3
44,62,139,57,65,0,3
42,70,150,55,79,0,3
40,70,160,57,175,0,3
42,72,175,55,169,0,3
46,80,192,49,163,0,0
46,80,192,49,163,5,0
48,78,187,51,167,5,0
50,80,183,49,169,5,0
52,76,177,45,53,5,0
50,74,172,49,49,5,0
55,78,167,45,39,5,0
55,74,161,43,43,5,0
52,72,157,47,35,5,0
58,74,152,43,35,5,0
55,72,147,43,33,5,0
56,68,141,45,33,5,0
58,66,137,43,35,5,0
55,63,133,49,29,5,0
58,61,128,45,31,5,0
55,58,121,51,31,5,0
52,56,118,49,31,5,0
55,54,113,59,33,5,3
52,54,115,55,29,5,3
52,52,118,55,29,5,3
48,52,120,53,31,5,3
46,52,119,49,32,5,3
45,52,123,47,29,5,3
44,52,127,57,29,5,3
44,56,133,52,29,5,3
42,55,141,59,29,5,3
42,58,146,55,28,5,3
44,63,165,50,27,5,3
44,67,184,49,27,5,3
44,70,297,45,27,5,3
45,68,297,42,25,5,3
48,73,297,49,25,5,3
50,75,297,44,25,5,3
54,73,257,41,28,5,3
56,77,218,39,27,5,3
58,85,185,35,25,5,0
60,80,181,39,29,5,0
58,87,174,37,25,5,0
60,83,169,40,27,5,0
60,78,165,39,29,5,0
58,85,161,37,25,5,0
62,80,154,39,29,5,0
58,85,149,37,27,5,0
58,83,145,43,27,5,0
60,80,141,39,29,5,0
58,85,135,37,25,5,0
60,83,129,40,29,5,0
60,85,125,39,29,5,0
60,85,118,35,25,5,0
62,85,115,37,29,5,0
55,89,110,35,27,5,-3
56,83,125,35,29,5,-3
58,80,139,39,28,5,-3
58,73,159,41,29,5,-3
58,71,181,41,28,5,-3
58,68,221,45,31,5,-3
54,63,283,49,31,5,-3
54,59,297,51,31,5,0
56,59,297,51,33,5,0
50,56,297,51,33,5,0
50,58,297,51,35,5,0
50,58,295,51,35,5,0
46,56,291,49,33,5,0
46,56,285,49,37,5,0
42,56,281,47,35,5,0
42,51,275,47,37,5,0
44,53,271,51,37,5,0
40,51,265,51,37,5,0
42,53,261,49,35,5,0
40,53,255,49,35,5,0
40,56,251,47,35,5,0
40,56,245,47,35,5,0
38,56,241,47,33,5,0
38,56,235,47,37,5,0
38,58,231,47,35,5,0
38,53,225,47,35,5,0
38,56,221,44,35,5,0
40,56,215,43,33,5,0
40,56,211,43,35,5,0
40,58,205,43,33,5,0
40,56,201,43,33,5,0
42,56,195,41,33,5,0
40,56,191,41,33,5,-3
38,54,207,43,33,5,-3
38,50,214,45,32,5,-3
38,48,231,47,33,5,0
38,48,225,47,33,5,0
38,48,221,47,33,5,0
38,46,215,49,33,5,0
36,46,211,49,33,5,0
36,46,205,49,33,5,0
36,46,201,49,33,5,0
34,46,195,50,35,5,0
34,46,191,50,35,5,0
34,46,185,50,35,5,0
34,46,181,50,35,5,0
34,48,175,53,35,5,0
34,48,171,53,35,5,0
34,51,165,53,35,5,0
32,50,161,53,37,5,0
32,54,155,53,37,5,0
32,54,151,53,37,5,0
36,62,145,53,37,5,0
34,70,141,55,37,5,0
38,77,135,53,37,5,0
38,87,131,50,37,5,-3
36,74,125,55,39,5,-3
36,70,131,55,39,5,-3
38,66,136,57,39,5,-3
38,62,137,63,43,5,-3
37,60,133,63,40,5,-3
36,56,135,63,43,5,-3
38,52,138,69,43,5,-3
38,58,135,67,46,5,-3
36,54,137,69,49,5,-3
34,50,136,75,51,5,-3
37,46,136,80,55,5,-3
38,44,137,77,51,5,-3
34,40,138,81,57,5,-3
31,36,142,86,57,5,-3
34,40,142,81,57,5,-3
32,36,148,83,63,5,-3
28,32,147,85,61,5,0
28,28,141,83,69,5,0
28,34,138,80,65,5,0
25,30,131,80,65,5,0
27,26,126,75,69,5,0
20,34,121,73,65,5,-3
22,28,122,73,69,5,-3
24,32,114,71,63,5,-3
19,34,116,71,64,5,-3
18,29,107,70,65,5,-3
20,24,105,69,62,5,-3
18,144,100,69,62,5,-3
18,144,94,69,63,5,-3
20,143,93,72,61,5,0
16,137,88,69,59,5,0
26,130,84,68,59,5,0
38,122,78,68,57,5,0
52,117,74,65,57,5,0
114,110,68,61,55,5,0
298,102,64,59,55,5,0
298,96,60,59,53,5,-3
298,93,54,53,51,5,-3
298,90,48,49,51,5,-3
298,88,44,46,51,5,-3
298,84,46,36,50,0,-3
116,94,46,38,51,0,-3
102,103,46,40,47,0,-3
92,110,46,40,47,0,-3
80,118,46,37,49,0,-3
78,130,50,36,49,0,-3
70,147,52,36,49,0,-3
66,164,52,35,45,0,-3
60,186,54,40,42,0,-3
62,214,60,40,42,0,-3
60,248,62,40,43,0,-3
55,294,69,38,46,0,-3
53,298,73,38,43,0,-3
56,298,74,38,40,0,-3
55,298,80,40,38,0,-3
54,298,84,46,36,0,-3
50,116,94,46,38,0,-3
49,102,103,46,40,0,-3
52,92,110,46,40,0,-3
51,80,118,46,37,0,-3
49,78,130,50,36,0,-3
49,70,147,52,36,0,0
49,70,147,52,36,5,0
51,76,140,48,40,5,0
49,74,130,50,36,5,0
49,72,130,48,36,5,0
51,76,127,46,40,5,0
47,76,120,48,36,5,0
49,78,116,46,38,5,0
49,78,112,44,36,5,0
47,83,106,44,34,5,0
49,86,96,41,36,5,0
49,88,96,38,34,5,0
51,92,86,41,34,5,0
54,102,80,37,34,5,0
51,108,76,34,32,5,0
54,114,76,32,32,5,0
51,120,72,32,29,5,-3
51,110,74,31,30,5,-3
53,102,80,30,26,5,-3
53,96,86,28,26,5,-3
53,88,98,28,24,5,-3
53,84,116,28,24,5,-3
51,80,140,27,22,5,-3
51,74,175,28,22,5,0
53,76,170,27,22,5,0
49,76,164,30,22,5,0
51,78,160,28,20,5,0
51,78,154,28,20,5,0
49,78,150,27,20,5,0
49,78,144,27,22,5,0
51,84,140,27,20,5,0
51,86,134,24,20,5,-3
51,80,192,26,20,5,-3
52,75,298,26,20,5,-3
51,72,298,28,20,5,-3
51,67,298,32,20,5,-3
49,63,298,37,22,5,-3
49,59,260,40,22,5,0
49,59,256,42,24,5,0
46,57,252,44,24,5,0
46,57,246,46,26,5,0
44,57,242,46,26,5,0
43,57,236,46,28,5,0
43,55,232,46,28,5,0
43,55,228,49,30,5,0
43,54,222,49,30,5,0
41,54,218,50,32,5,0
41,51,212,52,32,5,0
39,51,208,54,34,5,0
41,49,204,54,32,5,0
39,49,198,54,34,5,0
39,48,194,56,34,5,0
39,48,188,56,34,5,0
37,46,183,58,36,5,0
35,43,174,62,38,5,0
35,41,170,64,38,5,0
33,41,164,64,41,5,3
35,43,212,58,38,5,3
33,44,268,56,38,5,3
33,46,298,55,38,5,3
34,47,298,50,38,5,3
33,50,298,48,38,5,3
35,56,298,44,36,5,0
35,56,298,42,36,5,0
37,58,298,41,34,5,0
37,59,298,41,32,5,0
39,62,298,38,30,5,0
39,62,294,38,30,5,0
39,62,290,38,30,5,0
39,62,284,38,30,5,0
41,64,280,36,28,5,0
41,64,274,36,28,5,0
41,66,270,34,28,5,0
41,66,258,34,28,5,0
43,67,260,34,26,5,0
43,70,254,32,26,5,0
43,70,250,32,26,5,0
45,70,244,30,24,5,0
45,70,240,30,24,5,0
45,71,234,30,24,5,0
45,71,230,32,24,5,0
47,74,224,30,22,5,0
47,74,220,30,22,5,0
47,74,214,30,22,5,0
47,74,210,30,24,5,0
49,76,206,28,22,5,0
49,76,200,28,22,5,0
49,78,196,27,22,5,0
49,78,190,27,22,5,0
51,78,186,27,20,5,0
51,78,181,27,20,5,0
51,80,175,27,20,5,0
51,80,170,27,20,5,0
53,78,164,24,18,5,0
51,78,160,28,18,5,0
53,80,154,27,18,5,0
53,76,150,30,18,5,0
53,78,144,30,20,5,0
55,78,140,36,20,5,0
55,74,134,36,20,5,0
55,76,130,41,22,5,3
55,72,126,136,22,5,3
57,78,122,134,20,5,3
58,80,120,128,24,5,3
60,76,116,124,24,5,3
60,80,114,118,22,5,3
61,80,110,116,26,5,3
64,78,109,112,24,5,3
64,80,108,108,22,5,3
63,78,104,104,30,5,3
70,78,105,100,136,5,3
66,80,103,96,138,5,3
66,76,102,92,140,5,3
70,74,90,92,142,5,3
63,70,90,88,144,5,3
66,68,84,84,148,5,3
68,64,76,80,150,5,3
63,62,70,78,155,5,3
66,60,64,74,159,5,3
62,58,58,70,165,0,3
62,61,56,72,185,0,3
60,62,61,76,227,0,3
58,63,61,78,297,0,3
58,64,59,80,297,0,3
58,66,58,86,297,0,3
56,68,58,89,297,0,3
56,63,62,94,297,0,0
56,63,62,94,297,0,3
56,63,62,97,123,0,3
56,65,62,108,86,0,3
56,64,62,113,73,0,3
56,63,64,120,59,0,3
56,60,64,128,51,0,3
58,62,66,137,49,0,3
59,60,70,151,49,0,3
58,58,70,165,51,0,3
61,56,72,185,51,0,3
62,61,76,227,51,0,3
63,61,78,297,241,0,3
64,59,80,297,217,0,3
66,58,86,297,201,0,3
68,58,89,297,185,0,3
63,62,94,297,173,0,3
63,62,97,123,162,0,3
65,62,108,86,155,0,3
64,62,113,73,145,0,3
63,64,120,59,139,0,3
60,64,128,51,133,0,3
62,66,137,49,129,0,3
60,70,151,49,125,0,3
58,70,165,51,121,5,3
60,72,179,47,121,5,3
57,72,215,43,119,5,0
58,74,210,37,123,5,0
57,72,203,39,125,5,0
57,69,201,39,125,5,0
57,68,195,37,127,5,0
54,66,189,41,129,5,0
57,64,185,39,31,5,0
54,62,180,45,27,5,0
52,64,176,41,27,5,0
54,62,171,45,25,5,0
52,60,165,45,27,5,0
52,56,159,47,29,5,0
52,56,157,49,27,5,0
50,54,151,55,29,5,0
48,52,145,55,29,5,3
44,50,207,53,31,5,3
46,50,297,49,31,5,3
45,52,297,47,31,5,3
42,52,297,45,29,5,3
42,53,297,43,29,5,3
42,54,297,41,31,5,0
40,54,297,41,29,5,0
40,51,297,43,29,5,0
40,55,297,43,29,5,0
38,54,297,45,31,5,0
38,58,297,45,31,5,0
38,62,297,45,31,5,0
38,60,297,47,31,5,0
38,66,297,47,31,5,0
40,66,297,47,31,5,0
42,63,297,47,33,5,0
42,63,297,45,33,5,0
42,70,297,43,33,5,0
44,73,297,45,33,5,0
44,73,297,41,33,5,0
48,75,297,41,33,5,-3
46,70,297,43,35,5,-3
46,66,297,45,31,5,-3
46,63,297,45,33,5,-3
44,60,297,49,32,5,-3
44,58,245,57,33,5,0
42,54,240,55,35,5,0
41,54,240,55,35,5,0
44,55,229,57,37,5,0
44,54,229,55,33,5,0
41,52,224,59,35,5,0
42,54,213,59,37,5,0
41,54,213,61,39,5,0
41,52,204,61,40,5,0
38,52,204,59,37,5,0
37,50,197,63,39,5,0
41,50,195,59,40,5,0
38,50,185,63,39,5,0
41,47,185,61,40,5,0
38,45,178,63,40,5,0
38,44,175,64,43,5,0
38,42,165,67,45,5,0
37,40,160,71,43,5,0
34,42,160,72,43,5,0
34,40,149,75,45,5,0
34,40,145,72,43,5,0
32,40,140,77,45,5,0
30,38,140,77,43,5,0
28,36,129,81,45,5,3
30,36,155,75,45,5,3
28,36,187,71,46,5,3
30,40,243,69,45,5,3
30,44,265,63,45,5,3
30,46,269,61,45,5,3
30,47,282,57,46,5,0
32,47,276,55,46,5,0
32,50,272,55,46,5,0
34,50,266,55,46,5,0
34,50,262,53,42,5,0
34,50,256,50,42,5,0
34,50,252,50,42,5,0
34,51,246,49,42,5,0
34,51,242,49,42,5,0
36,51,236,49,40,5,0
36,51,232,49,40,5,0
36,51,226,49,40,5,0
36,54,222,49,36,5,0
36,54,216,46,36,5,0
38,54,212,46,36,5,0
38,54,206,46,36,5,0
38,54,202,46,36,5,0
38,54,196,46,36,5,0
38,54,192,45,36,5,0
38,54,186,45,36,5,0
38,54,182,45,34,5,0
38,54,176,45,34,5,0
38,54,172,45,34,5,0
38,54,166,45,34,5,0
38,54,162,43,34,5,0
38,54,156,43,32,5,0
38,54,152,43,32,5,0
38,54,146,43,32,5,0
38,54,142,43,32,5,0
38,54,136,45,32,5,0
38,54,132,45,30,5,3
40,58,127,41,29,5,3
40,62,127,39,29,5,3
40,68,129,43,29,5,3
42,72,125,39,27,0,3
42,79,131,39,28,0,3
43,82,133,33,29,0,3
44,83,143,31,30,0,3
44,90,149,31,29,0,3
45,89,159,31,31,0,3
48,97,167,31,31,0,3
48,97,177,29,33,0,3
50,105,187,27,33,0,3
52,105,199,27,37,0,3
54,111,207,27,39,0,3
58,112,227,28,41,0,3
60,111,240,27,43,0,3
63,117,52,27,48,0,3
70,123,40,27,50,0,3
72,125,39,27,54,0,3
79,131,39,28,60,0,0
79,131,39,28,60,5,0
79,129,33,24,50,5,0
87,133,27,19,40,5,0
87,129,23,15,28,5,0
87,127,19,13,20,5,-3
87,123,15,9,12,0,-3
88,115,15,9,12,0,-3
84,109,17,9,12,0,-3
84,110,16,8,12,0,-3
81,103,17,9,12,0,-3
78,103,181,9,12,0,-3
76,99,175,9,10,0,-3
74,101,165,9,10,0,-3
72,101,155,9,9,0,-3
70,95,149,9,9,0,-3
68,97,141,9,10,0,-3
66,93,137,13,9,0,-3
66,91,131,13,9,0,-3
64,93,125,13,9,0,-3
64,87,123,15,9,0,-3
62,88,115,15,9,0,-3
62,88,115,15,9,0,0
62,88,115,15,9,5,0
64,85,109,25,9,5,0
64,80,105,225,11,5,0
64,78,99,217,11,5,0
66,80,95,209,17,5,0
66,73,89,195,19,5,0
66,67,85,185,27,5,0
66,67,79,177,37,5,0
66,66,75,165,39,5,0
66,59,69,157,49,5,0
68,53,65,145,59,5,0
62,53,59,137,71,5,3
64,47,55,137,72,0,3
56,46,55,159,67,0,3
56,45,63,175,59,0,3
58,49,62,200,60,0,3
58,47,65,223,51,0,3
52,47,71,253,51,0,3
52,45,71,295,51,0,3
52,45,73,297,49,0,3
54,49,80,297,46,0,3
53,49,85,297,41,0,3
49,49,93,197,44,0,3
48,49,101,119,43,0,3
50,50,111,94,41,0,3
51,53,119,81,39,0,3
49,55,129,77,37,0,3
47,55,137,72,40,0,3
46,55,159,67,43,0,3
45,63,175,59,44,0,3
49,62,200,60,42,0,3
47,65,223,51,42,0,3
47,71,253,51,40,0,3
45,71,295,51,43,0,3
45,73,297,49,48,0,0
45,73,297,49,48,5,0
49,77,297,47,40,5,0
49,77,297,41,42,5,0
47,79,297,43,36,5,0
51,77,297,43,36,5,0
49,77,293,41,36,5,0
56,79,289,43,33,5,0
53,77,283,41,36,5,0
51,79,279,37,29,5,0
56,79,275,39,32,5,0
53,77,271,39,32,5,0
56,77,263,35,29,5,0
56,77,259,37,32,5,0
53,75,255,35,28,5,0
56,73,247,35,28,5,0
56,71,243,37,28,5,0
53,71,239,33,24,5,0
56,71,231,37,26,5,0
53,71,227,37,24,5,0
58,69,225,35,24,5,0
56,71,221,37,26,5,0
53,69,213,35,24,5,0
56,69,209,33,26,5,0
53,69,204,35,26,5,0
51,65,197,37,26,5,0
51,69,193,39,26,5,0
49,67,189,41,22,5,0
51,65,185,43,24,5,0
49,63,177,41,26,5,0
49,63,173,43,26,5,0
51,61,171,43,26,5,0
49,59,163,43,28,5,0
49,57,159,45,29,5,0
47,57,155,43,32,5,0
45,55,146,47,29,5,0
47,53,143,47,32,5,0
47,51,139,45,32,5,3
45,53,149,43,30,5,3
43,53,155,41,30,5,3
43,55,173,40,30,5,3
43,57,235,38,32,5,3
42,59,230,36,30,5,3
43,65,221,34,28,5,0
43,65,215,34,28,5,0
43,65,211,39,26,5,0
43,65,205,46,26,5,0
45,65,201,43,24,5,0
45,65,195,50,24,5,0
45,65,191,50,24,5,0
45,65,185,55,30,5,0
45,61,181,54,28,5,0
45,61,175,62,32,5,0
45,61,171,66,32,5,0
45,55,165,66,32,5,3
47,59,159,62,36,5,3
47,57,156,58,34,5,3
49,62,149,54,34,5,3
47,61,144,52,34,5,3
49,63,133,47,37,5,3
47,67,111,46,36,5,0
49,71,107,44,34,5,0
47,71,101,42,38,5,0
49,77,95,40,36,5,0
51,135,90,38,34,5,0
47,128,88,38,36,5,0
49,123,81,34,34,5,0
51,119,75,32,32,5,0
49,113,70,30,31,5,0
51,109,65,28,29,5,-3
49,107,71,27,26,5,-3
47,103,75,28,25,5,-3
49,101,69,28,24,5,-3
49,98,69,26,22,5,-3
49,97,65,26,22,5,-3
49,95,61,26,22,5,-3
48,91,58,26,22,5,-3
47,89,53,27,22,0,-3
47,95,53,29,22,0,-3
49,103,55,31,22,0,-3
51,107,55,33,22,0,-3
51,113,57,37,22,0,-3
51,118,57,39,20,0,-3
56,119,59,46,20,0,-3
57,123,63,45,20,0,-3
59,127,64,45,21,0,-3
61,127,69,47,22,0,-3
68,127,71,51,21,0,-3
70,129,75,49,24,0,-3
80,47,77,49,24,0,-3
87,47,80,53,26,0,-3
92,48,84,52,26,0,-3
105,47,89,53,27,0,-3
118,47,95,53,29,0,-3
126,49,103,55,31,0,-3
136,51,107,55,33,0,-3
148,51,113,57,37,0,-3
164,51,118,57,39,0,-3
182,56,119,59,46,0,-3
208,57,123,63,45,0,-3
230,59,127,64,45,0,-3
260,61,127,69,47,0,-3
298,68,127,71,51,0,-3
298,70,129,75,49,0,0
298,70,129,75,49,5,0
298,63,123,73,51,5,0
298,52,119,71,51,5,0
298,46,113,71,53,5,0
282,36,109,71,51,5,0
262,30,103,69,51,5,0
250,24,99,67,51,5,0
232,15,93,67,53,5,0
218,10,89,67,53,5,0
14,4,83,65,53,5,0
4,4,77,65,53,5,0
2,2,73,59,51,5,0
4,5,67,59,51,5,0
6,83,63,57,51,0,0
6,83,63,57,51,5,0
12,78,59,53,49,5,0
28,72,53,51,49,5,0
270,65,49,47,47,5,0
250,60,43,43,47,5,0
236,53,39,43,47,5,0
218,47,33,35,45,0,0
218,47,33,35,45,0,-3
260,49,33,33,45,0,-3
298,51,35,33,43,0,-3
298,54,36,35,42,0,-3
172,58,37,35,43,0,-3
76,62,37,33,43,0,-3
68,66,37,33,39,0,-3
58,70,37,33,39,0,-3
48,76,39,35,41,0,-3
42,84,40,33,40,0,-3
40,92,39,33,37,0,-3
36,104,42,33,37,0,-3
34,118,42,33,37,0,-3
36,140,43,35,39,0,-3
32,164,46,33,36,0,-3
30,218,47,33,35,0,-3
30,260,49,33,33,0,-3
31,298,51,35,33,0,-3
32,298,54,36,35,0,-3
31,172,58,37,35,0,-3
30,76,62,37,33,0,-3
28,68,66,37,33,0,-3
28,58,70,37,33,0,-3
32,48,76,39,35,0,-3
32,42,84,40,33,0,-3
33,40,92,39,33,0,-3
31,36,104,42,33,0,-3
30,34,118,42,33,0,0
30,34,118,42,33,0,-3
36,36,140,43,35,0,-3
38,32,164,46,33,0,-3
116,30,218,47,33,0,-3
116,30,260,49,33,0,-3
114,31,298,51,35,0,-3
114,32,298,54,36,0,-3
114,31,172,58,37,0,0
114,31,172,58,37,0,3
114,32,298,54,36,0,3
114,31,298,51,35,0,3
116,30,260,49,33,0,0
116,30,260,49,33,5,0
38,30,250,48,35,5,0
30,27,250,48,35,5,0
26,27,240,48,35,5,0
22,27,240,48,35,5,0
22,24,230,45,35,5,0
18,24,230,45,35,5,0
20,27,222,44,35,5,0
18,24,222,44,35,5,0
18,27,212,44,33,5,0
18,24,212,41,33,5,0
20,27,202,40,33,5,0
18,20,202,40,33,5,0
18,24,192,40,31,5,0
16,27,182,37,31,5,0
16,27,182,37,29,5,0
18,28,174,35,29,5,0
18,30,164,34,27,5,-3
20,28,244,36,27,5,-3
20,26,298,37,28,5,-3
20,26,298,39,27,5,-3
18,22,298,42,27,5,0
18,22,298,44,29,5,0
18,22,298,42,29,5,0
16,22,298,44,29,5,0
18,22,298,44,29,5,0
16,20,298,45,29,5,0
16,20,298,48,31,5,0
16,20,298,48,29,5,0
14,18,298,48,31,5,0
14,17,298,49,31,5,0
12,17,298,52,33,5,0
12,17,298,49,33,5,0
12,17,298,52,35,5,0
12,18,298,48,35,5,0
12,17,298,48,35,5,0
14,18,298,48,35,5,0
12,20,294,48,37,5,0
14,20,290,48,35,5,0
14,18,284,48,35,5,0
14,18,286,49,37,5,0
14,18,274,49,35,5,0
12,17,276,52,35,5,0
14,17,264,52,35,5,0
12,17,266,53,33,5,0
12,17,254,53,33,5,0
12,14,256,53,35,5,0
12,14,244,53,35,5,0
10,12,246,56,35,5,0
10,12,234,53,35,5,0
10,12,236,56,37,5,0
10,12,224,53,37,5,0
10,12,220,56,37,5,0
10,12,214,53,37,5,0
10,12,210,52,37,5,0
10,17,204,52,37,5,0
10,17,200,49,39,5,0
10,18,196,48,37,5,0
12,18,190,48,39,5,0
14,18,186,48,37,5,0
12,18,181,48,37,5,0
12,17,181,48,39,5,0
14,18,170,48,37,5,0
12,17,170,48,35,5,0
14,17,160,48,35,5,0
12,20,160,49,35,5,0
12,20,150,48,35,5,0
14,20,150,48,35,5,0
14,20,140,45,33,5,0
14,22,140,48,35,5,0
16,24,130,45,33,5,0
14,22,124,45,35,5,0
16,27,120,42,35,5,0
18,30,114,44,33,5,0
18,34,110,42,31,5,0
22,29,118,48,32,5,0
20,29,115,45,32,0,0
38,53,298,81,60,5,0
38,53,298,81,58,5,0
38,53,298,78,58,5,0
38,53,298,70,58,5,0
38,53,298,64,58,5,0
38,45,298,64,58,5,0
38,43,298,64,58,5,0
38,36,298,64,58,5,0
38,33,298,64,58,5,0
38,33,298,64,46,5,0
30,33,298,64,46,5,0
24,33,298,64,46,5,0
24,36,298,64,46,5,0
24,39,298,64,46,5,0
26,39,298,61,46,5,0
28,39,298,60,46,5,0
28,41,298,58,46,5,0
28,41,298,58,44,5,0
30,41,298,58,44,5,0
30,41,298,55,42,5,0
30,43,298,55,42,5,0
30,46,298,55,42,5,0
30,50,298,55,42,5,0
30,55,298,55,40,5,0
34,59,298,55,40,5,0
34,83,298,54,40,5,0
34,94,298,54,40,5,-1.5
37,93,297,54,40,5,-1.5
37,91,297,51,40,5,-1.5
37,89,297,54,40,5,-1.5
39,87,297,51,42,5,0
37,87,297,53,40,5,0
41,87,297,51,40,5,0
39,88,297,51,40,5,0
45,91,297,49,38,5,0
47,91,297,49,40,5,0
51,91,297,48,36,5,0
53,91,297,45,38,5,0
59,88,297,44,38,5,0
61,87,297,41,38,5,0
61,87,297,37,36,5,0
63,87,297,37,34,5,0
61,85,297,35,32,5,0
63,85,297,35,32,5,0
63,83,297,37,28,5,0
65,83,297,37,26,5,0
63,83,297,37,28,5,0
65,83,297,37,26,5,0
63,81,297,37,26,5,0
63,81,297,34,26,5,0
63,79,297,34,28,5,0
63,79,297,31,28,5,0
61,79,297,34,28,5,0
61,79,297,34,26,5,0
61,77,297,35,24,5,0
59,75,297,37,24,5,0
59,75,297,40,26,5,0
57,73,297,40,26,5,0
57,73,297,41,28,5,0
57,73,295,41,28,5,0
55,71,289,44,28,5,0
55,71,285,44,28,5,0
55,69,279,45,30,5,0
55,69,275,45,30,5,1.5
53,69,273,45,30,5,1.5
53,71,277,43,30,5,1.5
53,72,279,43,30,5,1.5
54,74,280,41,30,5,1.5
53,77,281,40,30,5,1.5
53,79,279,39,30,5,1.5
55,82,279,37,30,5,0
55,82,275,37,30,5,0
55,85,271,36,28,5,0
55,85,265,36,28,5,0
55,85,259,36,28,5,0
57,87,255,36,28,5,0
57,87,249,36,28,5,0
57,87,245,34,26,5,0
57,87,239,34,26,5,0
57,87,235,34,26,5,0
59,89,231,32,26,5,0
59,89,225,32,26,5,0
59,90,221,32,24,5,0
59,90,215,32,24,5,0
59,90,209,32,24,5,0
61,93,205,29,24,5,0
61,93,199,29,24,5,0
61,90,195,29,24,5,0
61,93,189,28,22,5,0
61,90,185,28,22,5,0
63,93,181,28,22,5,0
63,93,175,28,22,5,0
63,90,169,28,22,5,0
63,90,165,25,20,5,0
63,89,159,25,20,5,0
65,89,155,24,20,5,0
65,87,149,24,20,5,0
65,87,145,24,20,5,0
65,87,139,24,18,5,0
65,87,135,24,18,5,0
65,87,131,22,18,5,0
65,87,125,22,18,5,0
65,85,119,50,18,5,0
65,81,115,128,16,5,1.5
65,79,111,128,16,5,1.5
65,75,110,124,18,5,1.5
65,73,109,120,22,5,1.5
65,69,111,115,24,5,1.5
65,67,119,114,26,5,1.5
65,65,123,112,28,5,1.5
67,63,133,110,32,5,1.5
67,63,149,106,32,5,1.5
62,59,149,106,37,5,1.5
61,57,159,102,40,5,1.5
57,55,163,98,44,5,1.5
52,51,163,98,48,5,1.5
51,49,165,96,48,5,1.5
50,47,167,92,50,5,1.5
49,45,165,90,52,5,1.5
45,41,162,88,54,5,1.5
43,41,160,84,56,5,1.5
40,39,157,84,56,5,1.5
39,41,155,80,56,5,1.5
33,43,152,78,58,5,1.5
33,47,150,74,58,5,1.5
31,49,148,74,59,5,1.5
31,53,148,70,59,5,1.5
31,57,146,68,58,5,1.5
33,63,144,66,58,5,1.5
35,67,142,64,58,5,1.5
36,70,142,60,55,5,1.5
37,73,140,58,55,5,1.5
41,75,138,56,55,5,1.5
43,79,137,52,52,5,1.5
47,79,138,50,50,5,1.5
49,81,138,46,49,5,1.5
51,81,136,44,47,5,1.5
53,79,131,42,44,5,1.5
54,75,130,41,42,5,1.5
57,75,128,66,40,5,1.5
59,71,124,66,38,5,1.5
61,69,123,136,34,5,1.5
61,67,122,132,32,5,1.5
63,66,123,128,29,5,3
63,65,126,126,26,5,3
63,65,118,124,26,5,3
59,66,112,123,28,5,3
57,66,104,120,31,5,3
55,68,98,118,32,5,3
55,69,92,117,34,5,3
55,70,88,114,34,5,3
55,70,82,113,34,5,3
55,70,78,113,34,5,3
55,70,72,110,34,5,3
55,77,68,110,32,5,3
58,76,64,109,40,5,3
59,66,58,109,52,5,3
59,59,56,110,58,5,3
57,54,50,110,64,5,3
57,46,46,110,68,5,3
61,42,44,114,70,0,3
64,40,44,134,64,0,3
66,40,47,164,58,0,3
68,40,48,233,54,0,3
63,40,49,298,50,0,3
59,40,51,298,48,0,3
55,40,55,298,43,0,3
54,40,56,298,41,0,3
50,40,60,298,39,0,3
48,40,64,230,38,0,3
48,40,69,166,38,0,3
46,40,74,130,46,0,3
43,40,81,106,49,0,3
43,42,90,90,53,0,3
42,42,100,79,57,0,3
42,44,114,70,61,0,3
40,44,134,64,65,0,3
40,47,164,58,201,0,3
40,48,233,54,178,5,3
38,49,298,52,173,5,3
38,51,298,48,169,5,3
38,52,298,46,169,5,0
38,52,298,46,55,5,0
38,50,298,48,33,5,0
36,50,298,48,33,5,0
36,48,298,50,35,5,0
36,48,296,50,35,5,0
36,48,290,50,35,5,0
36,48,286,50,35,5,0
36,48,280,50,35,5,0
36,48,276,50,35,5,0
36,48,270,50,35,5,0
34,46,266,51,35,5,0
34,46,260,51,35,5,0
34,46,256,51,35,5,0
34,48,250,51,35,5,0
34,48,246,51,35,5,0
34,50,240,51,35,5,0
34,50,236,51,35,5,0
34,50,230,51,35,5,0
34,50,226,54,37,5,0
34,50,220,54,37,5,0
34,50,216,54,37,5,0
34,50,210,54,37,5,0
36,50,206,54,37,5,0
36,55,200,50,37,5,0
36,55,196,50,37,5,0
38,55,190,50,37,5,0
36,55,186,50,37,5,0
36,55,180,50,37,5,0
36,56,176,50,37,5,0
36,56,170,48,37,5,0
38,60,166,48,35,5,0
38,60,160,48,35,5,0
38,65,156,48,35,5,0
38,65,150,48,35,5,0
38,68,146,48,35,5,0
40,68,140,48,35,5,0
40,72,136,48,33,5,0
40,72,130,43,33,5,0
44,81,126,43,33,5,0
44,236,120,43,33,5,0
44,230,116,43,33,5,0
46,222,110,43,33,5,0
46,215,106,43,33,5,0
50,208,100,40,31,5,0
50,200,96,40,31,5,-3
50,205,100,39,31,5,-3
52,210,94,42,31,5,-3
50,217,98,39,33,5,-3
50,224,94,43,32,5,-3
50,234,98,42,31,5,-3
48,240,96,48,31,5,-3
50,248,96,48,34,5,-3
54,254,93,46,33,5,-3
51,258,96,54,33,5,-3
50,264,98,50,37,5,-3
48,270,97,54,35,5,-3
48,274,100,50,39,5,0
50,272,94,54,38,5,0
46,262,90,50,39,5,0
53,256,84,46,43,5,0
52,252,80,46,38,5,0
53,238,74,44,38,5,-3
56,244,72,40,37,5,-3
55,250,72,40,38,5,-3
54,266,70,38,36,5,-3
51,272,75,40,36,5,-3
53,278,74,36,33,5,-3
56,282,76,36,34,5,-3
57,286,76,34,30,5,-3
57,290,78,32,32,5,-3
53,290,83,35,28,5,-3
53,110,88,32,30,5,-3
55,96,94,32,26,5,-3
55,90,106,33,27,5,-3
55,83,120,36,26,5,-3
56,78,130,35,26,5,-3
51,74,138,36,26,5,-3
51,70,144,36,28,5,-3
53,67,150,36,28,5,-3
51,64,156,41,28,5,-3
51,59,162,42,28,5,-3
49,56,180,47,30,5,-3
47,53,185,52,30,5,0
47,53,182,52,30,5,0
43,56,176,54,32,5,0
41,53,170,56,32,5,0
41,57,166,58,34,5,0
37,56,160,58,34,5,0
37,56,156,60,36,5,0
37,62,150,56,36,5,-3
36,57,156,62,38,5,-3
35,53,162,67,40,5,-3
35,51,166,64,42,5,-3
37,47,170,70,44,5,0
35,53,166,66,46,5,0
33,52,161,72,46,5,0
35,57,156,68,48,5,0
33,55,152,66,51,5,0
37,61,145,70,48,5,0
35,59,140,65,51,5,0
33,67,136,60,51,5,0
39,156,130,65,48,5,0
37,153,126,62,51,5,0
39,151,122,58,48,5,0
41,149,116,58,48,5,0
37,147,112,58,51,5,0
45,144,105,52,46,5,0
43,142,102,54,48,5,0
45,139,96,56,48,5,-3
47,136,92,49,46,5,-3
47,131,96,54,42,5,-3
45,125,94,48,44,5,-3
45,121,92,52,40,5,-3
47,117,90,48,47,5,-3
136,113,90,52,40,5,-3
137,109,87,54,44,5,-3
139,107,87,52,38,5,-3
141,103,87,54,44,5,-3
144,99,87,50,40,5,-3
148,95,89,52,44,5,-3
151,93,83,50,42,5,-3
155,89,83,48,42,5,-3
269,85,80,48,42,5,-3
265,83,73,46,42,5,-3
260,79,71,46,44,5,-3
259,77,69,43,40,5,-3
257,73,63,43,40,5,-3
255,69,58,44,38,5,-3
253,65,53,46,38,0,-3
249,69,53,48,38,0,-3
243,71,53,48,38,0,-3
229,75,53,45,38,0,-3
217,81,53,48,38,0,-3
199,85,53,49,38,0,-3
159,91,53,53,38,0,-3
125,97,53,52,37,0,-3
103,101,55,49,38,0,-3
71,109,55,47,40,0,-3
69,121,57,53,39,0,-3
71,129,57,55,40,0,-3
95,144,59,53,42,0,-3
273,257,61,53,43,0,-3
255,255,63,51,44,0,-3
241,253,65,53,46,0,-3
228,249,69,53,48,0,-3
214,243,71,53,48,0,-3
203,229,75,53,45,0,-3
193,217,81,53,48,0,-3
186,199,85,53,49,0,-3
174,159,91,53,53,0,-3
168,125,97,53,52,0,-3
160,103,101,55,49,0,-3
150,71,109,55,47,0,-3
140,69,121,57,53,0,-3
132,71,129,57,55,0,-3
120,95,144,59,53,0,-3
112,273,257,61,53,0,-3
110,255,255,63,51,0,-3
100,241,253,65,53,0,-3
100,228,249,69,53,5,0
100,228,245,69,53,5,0
110,228,239,67,51,5,0
110,228,235,67,51,5,0
118,229,229,65,51,5,0
118,51,225,65,51,5,0
126,45,219,65,51,5,0
128,41,215,63,49,5,0
134,45,209,63,49,5,0
134,48,205,61,49,5,0
134,51,199,57,49,5,0
140,51,195,57,49,5,0
142,54,189,57,47,5,0
30,54,185,53,47,5,0
34,54,179,53,47,5,0
34,54,175,53,47,5,0
34,54,169,51,45,5,0
38,55,165,47,45,5,0
38,55,161,47,45,5,0
38,58,155,47,41,5,0
38,58,151,44,41,5,0
38,58,145,44,39,5,0
40,59,141,43,37,5,0
40,59,135,43,37,5,0
40,59,131,43,35,5,0
40,62,125,47,33,5,0
40,62,121,55,33,5,0
42,62,115,178,31,5,0
42,62,111,170,31,5,0
42,62,105,163,31,5,0
42,59,101,155,29,5,0
42,59,95,147,33,5,0
44,59,91,141,33,5,0
44,55,85,133,39,5,0
44,55,81,124,39,5,3
44,56,75,124,39,5,3
46,53,71,125,47,5,3
44,52,67,127,47,5,3
46,51,63,127,49,5,3
46,47,61,132,53,5,3
48,41,57,135,57,0,3
46,45,57,137,53,0,3
42,48,59,149,49,0,3
43,47,61,153,49,0,3
44,45,63,151,50,0,3
46,45,65,153,48,0,3
45,51,69,151,45,0,3
43,51,71,151,43,0,3
40,51,75,151,46,0,3
41,51,81,151,48,0,3
46,51,85,153,48,0,3
48,53,91,153,48,0,3
46,53,99,65,46,0,3
43,55,109,59,51,0,3
43,55,121,55,54,0,3
41,57,135,57,53,0,3
45,57,137,53,60,0,3
48,59,149,49,74,0,3
47,61,153,49,134,0,3
45,63,151,50,172,0,3
45,65,153,48,220,0,3
51,69,151,45,230,0,3
51,71,151,43,236,0,3
51,75,151,46,236,0,3
51,81,151,48,236,0,3
51,85,153,48,238,0,0
51,85,153,48,238,5,0
53,87,147,43,236,5,0
53,87,143,35,236,5,0
55,89,137,35,236,5,0
55,91,133,33,234,5,0
55,91,127,28,234,5,0
57,91,123,24,36,5,0
57,91,117,24,26,5,0
57,93,112,20,26,5,0
59,95,108,14,18,5,0
59,95,101,14,18,5,0
59,95,97,14,12,5,0
61,89,91,10,10,5,0
61,89,87,10,10,5,0
61,91,81,15,8,5,0
63,85,77,246,6,5,0
63,79,73,148,12,5,0
63,77,67,130,40,5,0
65,75,63,116,78,5,0
65,69,57,100,113,5,0
65,62,53,82,126,0,3
67,63,53,106,111,0,3
67,61,53,134,86,0,3
67,59,55,228,73,0,3
68,57,55,222,60,0,3
71,57,57,218,54,0,3
72,55,57,214,48,0,3
67,55,59,210,42,0,3
69,53,61,206,40,0,3
71,53,63,202,36,0,3
71,53,66,196,34,0,3
67,53,68,184,32,0,3
67,53,72,172,30,0,3
69,53,76,150,29,0,3
65,53,78,136,24,0,3
62,53,82,126,25,0,3
63,53,106,111,23,0,3
61,53,134,86,22,0,3
59,55,228,73,22,0,3
57,55,222,60,21,0,3
57,57,218,54,22,0,3
55,57,214,48,24,0,3
55,59,210,42,28,0,3
53,61,206,40,26,5,0
53,60,202,42,20,5,0
51,57,196,47,22,5,0
49,55,192,47,26,5,0
49,54,187,48,26,5,0
47,54,181,50,28,5,0
47,52,176,53,28,5,0
45,49,172,55,31,5,0
43,46,166,58,32,5,0
43,52,162,61,32,5,0
41,52,156,62,34,5,0
41,49,152,64,34,5,0
39,54,147,64,37,5,0
36,54,142,64,37,5,0
33,55,136,66,40,5,0
31,54,132,61,40,5,0
36,60,126,61,42,5,0
35,60,122,62,42,5,0
35,149,118,58,44,5,0
39,148,112,58,44,5,0
36,140,106,61,46,5,0
41,137,102,55,46,5,0
39,137,96,56,46,5,0
39,134,92,58,48,5,0
43,125,86,53,42,5,0
43,123,82,50,44,5,0
43,122,78,55,42,5,0
123,117,72,48,42,5,0
121,108,66,47,44,5,0
121,106,62,48,40,5,-3
119,99,58,44,42,5,-3
121,97,54,46,38,0,-3
123,105,56,48,39,0,-3
127,104,56,46,38,0,-3
129,109,57,47,41,0,-3
133,108,60,46,40,0,-3
139,110,62,44,38,0,-3
143,112,63,48,36,0,-3
53,111,66,48,38,0,-3
49,115,70,48,41,0,-3
47,115,73,48,42,0,-3
51,115,77,48,44,0,-3
55,115,84,52,42,0,-3
55,115,89,52,42,0,-3
53,117,95,52,40,0,-3
56,119,98,54,41,0,-3
63,121,97,54,46,0,-3
63,123,105,56,48,0,-3
68,127,104,56,46,0,-3
73,129,109,57,47,0,-3
77,133,108,60,46,0,-3
83,139,110,62,44,0,-3
91,143,112,63,48,0,-3
187,53,111,66,48,5,0
89,143,107,66,48,5,0
83,135,101,66,50,5,0
73,131,97,63,50,5,0
61,123,91,63,50,5,0
49,117,87,63,50,5,0
39,111,81,62,48,5,0
37,103,77,62,48,5,0
193,97,71,62,48,5,0
193,90,67,62,48,5,0
201,85,61,56,48,5,0
203,77,57,50,46,5,0
209,70,51,50,46,5,0
209,65,47,48,46,5,0
215,57,41,41,46,5,0
215,51,37,36,46,5,-3
215,47,35,36,46,5,-3
209,43,29,28,40,0,-3
203,44,29,28,38,0,-3
195,47,29,25,38,0,-3
187,51,29,25,38,0,-3
176,55,29,27,37,0,-3
163,61,31,30,38,0,-3
141,67,31,29,36,0,-3
123,75,31,29,32,0,-3
110,86,33,27,30,0,-3
99,99,33,27,30,0,-3
89,108,34,27,32,0,-3
84,221,35,27,32,0,-3
76,219,37,27,33,0,-3
71,217,39,27,32,0,-3
61,215,39,29,29,0,-3
60,209,43,29,28,0,-3
62,203,44,29,28,0,-3
179,195,47,29,25,0,-3
174,187,51,29,25,0,-3
168,176,55,29,27,0,-3
162,163,61,31,30,0,-3
158,141,67,31,29,0,-3
154,123,75,31,29,0,-3
152,110,86,33,27,0,-3
148,99,99,33,27,0,-3
144,89,108,34,27,0,-3
138,84,221,35,27,0,-3
132,76,219,37,27,0,-3
132,71,217,39,27,0,-3
126,61,215,39,29,0,-3
126,60,209,43,29,0,0
126,60,209,43,29,5,0
126,58,205,43,29,5,0
126,58,199,43,29,5,0
132,64,195,43,29,5,0
130,64,189,43,31,5,0
134,64,185,43,31,5,0
134,64,179,43,31,5,0
134,64,175,43,31,5,0
140,64,169,43,31,5,0
42,64,165,43,31,5,0
42,64,159,43,31,5,0
46,64,155,43,31,5,0
46,64,149,45,31,5,0
46,64,145,43,31,5,0
46,64,139,43,31,5,0
46,64,135,43,31,5,0
46,64,129,37,31,5,0
46,64,125,37,31,5,0
46,64,119,45,31,5,0
46,61,115,53,31,5,0
46,61,109,159,31,5,0
46,61,105,155,31,5,0
46,61,99,149,27,5,0
46,61,95,141,33,5,0
46,58,89,135,33,5,0
46,58,85,129,33,5,0
46,58,79,120,37,5,0
44,51,75,115,49,5,0
44,48,69,107,49,5,3
44,50,65,107,59,5,3
46,48,65,104,145,5,3
42,49,59,103,147,5,3
44,43,55,105,147,0,3
44,43,57,113,59,0,3
40,47,61,123,59,0,3
40,50,61,125,52,0,3
39,47,63,129,50,0,3
40,48,65,131,51,0,3
42,46,67,135,51,0,3
43,47,69,139,46,0,3
41,51,71,137,43,0,3
42,51,75,141,46,0,3
44,51,77,139,48,0,3
46,51,81,143,48,0,3
48,55,85,143,46,0,3
48,55,90,143,48,0,3
46,55,97,145,52,0,3
43,55,105,147,56,0,3
43,57,113,59,54,0,3
47,61,123,59,54,0,3
50,61,125,52,70,0,3
47,63,129,50,82,0,3
48,65,131,51,94,0,3
46,67,135,51,110,0,3
47,69,139,46,134,0,3
51,71,137,43,164,0,3
51,75,141,46,176,0,3
51,77,139,48,186,5,0
51,77,135,41,188,5,0
55,77,129,39,176,5,0
53,75,125,39,166,5,0
57,75,119,36,142,5,0
57,75,115,29,48,5,0
55,73,109,31,36,5,0
57,73,105,29,28,5,0
55,73,99,137,30,5,0
55,73,95,131,22,5,0
55,73,89,124,22,5,0
55,70,85,117,24,5,0
55,70,79,112,30,5,0
53,67,75,104,30,5,0
53,63,69,97,54,5,0
53,63,65,91,236,5,3
53,57,63,89,224,5,3
53,55,57,86,198,0,3
53,57,57,91,116,0,3
53,55,57,97,78,0,3
53,53,58,106,57,0,3
55,51,59,114,56,0,3
55,56,59,123,47,0,3
57,55,61,138,44,0,3
57,55,61,166,44,0,3
53,53,65,288,41,0,3
55,53,67,298,36,0,3
57,55,69,298,36,0,3
59,55,71,298,36,0,3
55,55,76,298,39,0,3
53,55,77,258,38,0,3
53,57,82,236,36,0,3
55,57,86,198,34,0,3
57,57,91,116,32,0,3
55,57,97,78,34,0,3
53,58,106,57,42,0,3
51,59,114,56,154,0,3
56,59,123,47,149,0,3
55,61,138,44,146,0,3
55,61,166,44,143,0,3
53,65,288,41,139,0,3
53,67,298,36,136,0,3
55,69,298,36,134,0,3
55,71,298,36,134,0,3
55,76,298,39,132,5,3
57,77,254,32,132,5,0
57,77,248,29,132,5,0
57,77,244,29,132,5,0
55,75,238,29,28,5,0
55,75,234,24,28,5,0
57,74,228,26,22,5,0
57,74,224,24,22,5,0
57,74,218,22,18,5,0
55,74,214,22,18,5,0
55,74,210,22,18,5,0
55,74,204,22,16,5,0
55,71,200,24,16,5,0
55,71,194,22,16,5,0
53,70,190,24,18,5,0
53,70,184,24,18,5,0
53,70,180,24,16,5,0
53,70,174,26,18,5,0
53,74,170,26,18,5,0
51,71,164,29,18,5,0
51,74,160,29,18,5,0
51,74,154,29,18,5,0
51,71,150,29,20,5,0
51,75,144,29,20,5,0
49,82,140,30,20,5,0
49,82,134,30,20,5,-3
49,77,298,34,22,5,-3
47,73,298,38,22,5,-3
47,69,298,44,24,5,-3
49,66,290,48,25,5,0
47,72,282,48,28,5,0
47,69,280,50,28,5,0
47,77,276,48,30,5,0
45,74,268,52,32,5,0
43,77,266,48,32,5,0
45,75,258,52,34,5,0
43,74,254,54,32,5,0
49,77,250,48,34,5,0
47,74,243,48,36,5,0
45,74,240,50,34,5,0
50,72,234,44,36,5,0
49,72,230,42,34,5,0
55,69,222,46,36,5,0
53,69,219,41,38,5,0
53,69,216,36,32,5,0
55,66,208,41,34,5,0
53,66,206,38,36,5,0
53,64,198,41,32,5,0
53,61,194,41,32,5,0
50,61,188,41,28,5,0
50,59,184,42,28,5,0
50,59,180,41,30,5,0
47,55,174,46,28,5,0
49,55,169,46,30,5,0
47,53,162,50,28,5,0
45,51,160,52,30,5,0
45,51,156,54,30,5,0
43,47,148,54,30,5,0
43,47,145,56,32,5,0
41,45,138,60,32,5,0
39,43,134,62,34,5,3
39,43,160,58,34,5,3
37,43,198,56,34,5,3
35,46,224,54,36,5,3
35,48,256,51,36,5,3
35,50,270,48,36,5,0
35,48,264,48,34,5,0
35,48,260,48,34,5,0
35,48,254,48,34,5,0
35,48,250,48,34,5,0
35,48,244,48,34,5,0
35,48,240,48,34,5,0
35,48,234,48,34,5,0
35,48,230,48,34,5,0
33,45,224,50,36,5,0
33,45,220,50,36,5,0
33,45,214,50,36,5,0
33,45,210,50,36,5,0
33,45,204,50,36,5,0
33,45,200,50,36,5,0
33,45,194,50,36,5,0
33,45,190,52,36,5,0
33,45,184,52,36,5,0
33,45,180,55,36,5,0
33,45,174,55,36,5,0
33,45,170,56,36,5,0
33,45,164,56,36,5,0
33,45,160,60,36,5,0
33,45,154,60,36,5,0
31,43,150,66,38,5,0
31,43,144,66,40,5,0
31,43,140,70,40,5,0
31,43,134,70,40,5,0
31,43,130,77,40,5,0
31,43,124,84,40,5,0
31,41,120,206,44,5,0
31,41,114,200,44,5,0
31,40,110,193,44,5,0
31,38,104,186,48,5,3
31,40,108,188,48,5,3
31,39,102,192,46,5,3
31,42,106,196,46,5,3
31,44,102,202,48,5,3
32,48,102,200,46,5,3
31,51,98,200,46,5,3
34,51,100,196,44,5,3
34,58,96,192,44,5,3
38,60,96,191,46,5,3
38,58,94,188,46,5,3
41,62,95,182,43,5,3
41,56,94,179,41,5,3
48,60,94,174,42,5,3
45,56,95,170,44,5,3
51,56,92,166,41,5,3
48,54,92,162,38,5,3
50,54,95,158,39,5,3
50,52,94,156,42,5,3
48,50,97,152,41,5,3
48,48,98,150,37,5,3
43,50,104,148,40,5,3
46,50,110,146,40,5,3
42,51,114,142,39,5,3
42,48,114,142,37,5,3
40,48,114,140,37,5,3
41,50,109,138,39,5,3
40,51,108,136,39,5,3
40,50,102,135,35,5,3
40,52,102,136,35,5,3
40,55,98,134,37,5,3
40,58,94,134,35,5,0
40,58,88,128,33,5,0
40,58,84,120,33,5,0
40,58,78,112,33,5,0
40,58,72,105,45,5,0
40,58,68,98,57,5,0
40,50,62,91,217,5,0
40,50,58,83,229,5,0
42,52,54,76,241,5,0
42,48,48,70,253,5,3
42,40,44,65,241,5,3
42,39,38,62,223,5,3
38,33,34,57,203,5,3
40,30,30,54,175,5,3
36,26,24,49,161,0,3
31,26,26,53,137,0,3
32,25,26,61,121,0,3
32,24,26,69,107,0,3
33,25,28,81,97,0,3
32,24,27,99,85,0,3
30,24,28,127,77,0,3
29,24,30,283,73,0,3
26,24,32,281,67,0,3
24,24,32,281,67,0,3
24,24,33,267,63,0,3
26,24,36,259,61,0,3
29,24,38,251,65,0,3
28,24,41,227,61,0,3
26,24,46,197,59,0,3
26,24,49,161,59,0,3
26,26,53,137,65,0,3
25,26,61,121,78,0,3
24,26,69,107,210,0,3
25,28,81,97,205,0,3
24,27,99,85,199,0,3
24,28,127,77,195,0,3
24,30,283,73,193,0,3
24,32,281,67,189,0,3
24,32,281,67,185,0,0
24,32,281,67,185,5,0
24,32,275,63,185,5,0
24,32,271,65,191,5,0
24,32,265,65,191,5,0
24,32,261,65,193,5,0
24,32,255,65,193,5,0
24,32,251,69,53,5,0
24,32,245,69,53,5,0
24,32,241,69,47,5,0
24,32,235,69,47,5,0
22,29,231,69,47,5,0
22,29,225,69,47,5,0
22,29,221,69,47,5,0
22,29,215,69,47,5,0
22,29,211,69,47,5,0
22,29,205,69,47,5,0
22,29,201,69,49,5,0
22,28,195,71,49,5,0
22,28,191,71,49,5,0
22,28,185,71,49,5,0
22,28,181,71,49,5,0
22,28,175,71,49,5,0
22,28,171,71,49,5,0
22,28,165,71,49,5,0
22,28,161,71,49,5,0
20,25,155,72,51,5,0
20,25,151,72,51,5,0
20,25,145,72,51,5,0
20,28,141,72,51,5,0
20,28,135,72,51,5,0
20,28,131,72,51,5,0
20,33,125,72,51,5,0
22,40,121,71,51,5,0
20,147,115,69,51,5,0
20,147,111,69,51,5,0
24,145,105,67,51,5,0
24,140,101,65,51,5,0
30,131,95,65,51,5,-3
28,132,91,63,53,5,-3
36,132,85,67,53,5,-3
36,128,81,59,53,5,-3
34,122,77,63,53,5,-3
40,118,73,56,53,5,-3
42,122,71,59,55,5,-3
42,118,67,52,51,5,-3
41,114,63,53,55,5,-3
180,108,59,47,51,5,-3
184,104,57,49,49,5,-3
186,110,53,45,49,5,-3
190,106,52,41,45,5,-3
194,102,48,37,47,0,-3
203,102,50,37,43,0,-3
215,110,54,37,41,0,-3
226,118,56,37,39,0,-3
298,118,60,37,41,0,-3
56,128,64,37,43,0,-3
44,128,69,37,43,0,-3
44,136,76,37,41,0,-3
48,144,78,39,39,0,-3
51,152,82,39,39,0,-3
49,160,86,40,39,0,-3
49,165,86,41,37,0,-3
48,172,94,43,36,0,-3
57,178,94,43,37,0,-3
56,186,92,46,37,0,-3
56,194,102,48,37,0,-3
64,203,102,50,37,0,-3
64,215,110,54,37,0,-3
76,226,118,56,37,0,-3
292,298,118,60,37,0,-3
294,56,128,64,37,0,-3
298,44,128,69,37,0,-3
298,44,136,76,37,0,-3
297,48,144,78,39,0,-3
194,51,152,82,39,0,-3
178,49,160,86,40,0,-3
160,49,165,86,41,5,0
168,47,160,86,43,5,0
178,42,154,88,47,5,0
183,32,149,82,49,5,0
191,38,144,78,51,5,0
200,36,140,84,55,5,0
46,44,134,78,57,5,0
32,52,131,74,61,5,0
25,60,124,74,64,5,0
28,58,120,72,64,5,0
24,66,115,68,64,5,0
34,88,110,64,66,5,0
30,256,104,68,61,5,0
34,254,98,62,61,5,0
38,254,94,58,64,5,0
36,252,90,60,55,5,0
43,250,84,58,57,5,0
42,248,81,54,55,5,0
49,246,75,48,51,5,0
48,243,70,48,53,5,0
54,241,64,44,45,5,-3
58,234,64,40,46,5,-3
56,228,63,40,41,5,-3
53,220,59,36,39,0,-3
56,216,63,36,37,0,-3
55,206,65,42,36,0,-3
54,196,68,42,38,0,-3
50,186,72,42,39,0,-3
49,162,77,42,38,0,-3
53,116,82,42,36,0,-3
52,90,90,42,35,0,-3
51,84,98,47,34,0,-3
50,72,108,46,34,0,-3
53,72,122,48,38,5,0
50,68,117,46,36,5,0
52,74,110,46,34,5,0
47,72,108,46,38,5,0
50,74,103,44,36,5,0
50,79,98,42,34,5,0
47,84,92,39,36,5,0
50,90,88,36,34,5,0
45,96,82,34,34,5,0
47,100,77,32,32,5,0
50,105,72,30,30,5,0
50,110,66,28,27,5,-3
49,100,178,29,26,5,-3
51,96,172,26,24,5,-3
51,90,164,26,22,5,-3
50,84,154,26,22,5,-3
49,80,148,25,20,5,-3
49,74,142,26,20,5,-3
49,70,134,29,20,5,-3
49,67,130,29,20,5,-3
49,63,120,34,20,5,0
47,62,116,48,22,5,0
47,62,110,156,22,5,0
47,62,106,151,22,5,0
47,62,100,144,22,5,0
47,62,96,136,26,5,0
45,59,90,130,34,5,0
45,59,86,124,34,5,3
45,58,84,122,34,5,3
45,61,80,122,42,5,3
45,54,74,122,42,5,3
47,58,72,121,42,0,3
47,56,72,130,42,0,3
47,54,73,140,41,0,3
48,57,76,146,42,0,3
49,61,76,156,40,0,3
50,60,78,152,34,0,3
51,60,83,158,36,0,3
49,68,84,158,36,0,3
52,66,86,156,38,0,3
53,66,90,156,38,0,3
56,66,94,154,38,0,3
54,70,98,154,36,0,3
50,70,102,62,33,0,3
54,70,108,50,36,0,3
56,70,114,42,37,0,3
58,72,121,42,39,5,3
56,70,125,38,35,5,3
60,68,132,36,33,5,0
61,66,126,37,35,5,0
64,62,120,44,29,5,0
60,62,116,48,31,5,0
60,60,110,132,29,5,0
60,58,106,126,26,5,0
56,54,101,122,29,5,0
54,52,95,118,27,5,0
52,50,90,114,29,5,0
50,46,86,108,31,5,0
48,44,82,104,35,5,0
43,42,76,100,39,5,0
43,38,70,96,162,5,0
40,37,66,92,151,5,0
38,32,61,88,149,5,0
33,31,55,84,142,5,3
30,28,56,80,145,5,3
28,26,52,76,152,0,3
26,26,51,78,161,0,3
26,29,54,80,172,0,3
25,28,62,82,290,0,3
26,30,60,83,285,0,3
26,30,60,87,279,0,3
26,32,68,90,265,0,3
26,32,68,94,257,0,3
26,34,68,98,249,0,3
26,36,68,103,49,0,3
26,38,70,109,49,0,3
26,40,70,117,49,0,3
26,44,72,125,49,0,3
26,47,72,131,49,0,3
26,52,75,141,49,0,3
26,52,76,152,49,0,3
26,51,78,161,51,0,3
29,54,80,172,53,0,3
28,62,82,290,55,0,3
30,60,83,285,57,0,3
30,60,87,279,63,0,3
32,68,90,265,65,0,3
32,68,94,257,221,0,3
34,68,98,249,193,0,3
36,68,103,49,178,0,3
38,70,109,49,167,0,3
40,70,117,49,161,0,3
44,72,125,49,155,0,3
47,72,131,49,149,0,3
52,75,141,49,145,0,3
52,76,152,49,141,0,3
51,78,161,51,137,0,3
54,80,172,53,135,0,3
62,82,290,55,133,0,0
62,82,290,55,133,5,0
60,80,286,48,135,5,0
64,78,281,42,135,5,0
66,78,275,37,137,5,0
64,74,271,31,139,5,0
66,74,266,29,139,5,0
64,72,259,23,141,5,0
62,70,255,23,143,5,0
62,68,251,25,31,5,0
62,66,245,27,21,5,0
60,66,240,33,15,5,0
58,64,236,55,17,5,3
56,64,227,51,17,5,3
54,66,217,49,19,5,3
54,66,205,47,21,5,3
54,66,191,44,21,5,3
54,67,179,45,21,5,3
54,67,167,43,21,5,3
54,68,161,41,25,5,0
54,68,157,39,25,5,0
54,68,151,43,27,5,0
56,63,147,43,27,5,0
52,63,141,43,27,5,0
52,63,137,43,29,5,0
54,63,131,41,29,5,0
50,74,127,41,29,5,0
52,200,121,39,31,5,0
52,193,117,39,31,5,0
48,185,111,39,31,5,0
50,179,107,39,29,5,0
46,174,101,39,29,5,0
46,165,97,36,29,5,0
46,159,91,36,29,5,0
46,154,87,36,29,5,-3
46,154,81,37,27,5,-3
52,154,85,41,29,5,-3
52,156,79,43,29,5,-3
52,158,75,41,29,5,-3
50,161,77,45,31,5,-3
50,163,73,40,31,5,-3
58,164,77,41,33,5,-3
58,165,73,41,37,5,-3
56,160,69,41,35,5,-3
56,166,73,41,37,5,-3
56,162,69,35,31,0,-3
56,168,74,43,32,0,-3
58,172,78,41,33,0,-3
57,172,79,41,35,0,-3
55,174,83,41,35,0,-3
55,178,87,41,33,0,-3
58,178,91,49,31,0,-3
60,180,97,49,31,0,-3
59,80,104,49,32,0,-3
58,70,112,50,35,0,-3
62,71,122,57,39,0,-3
70,73,133,57,37,0,-3
86,62,145,59,37,0,-3
122,62,156,59,35,0,-3
139,62,156,67,35,0,-3
162,56,162,69,35,0,-3
198,56,168,74,43,0,-3
228,58,172,78,41,0,-3
236,57,172,79,41,0,-3
240,55,174,83,41,0,-3
240,55,178,87,41,0,-3
240,58,178,91,49,0,-3
240,60,180,97,49,0,0
240,60,180,97,49,5,0
240,55,174,100,49,5,0
240,46,170,100,57,5,0
240,44,164,100,57,5,0
238,42,160,102,63,5,0
238,34,154,102,63,5,0
238,32,150,102,63,5,0
238,32,144,102,67,5,0
44,29,140,102,67,5,0
32,22,134,104,67,5,0
24,22,130,104,67,5,0
24,22,124,100,67,5,0
16,14,120,102,69,5,0
16,10,114,102,69,5,0
8,9,110,97,69,5,0
8,9,104,90,69,5,0
4,5,100,90,69,5,0
2,12,94,91,71,5,0
10,136,90,85,71,5,0
8,129,84,79,71,5,0
18,122,80,79,71,5,0
30,114,74,78,71,5,0
40,106,70,70,73,5,0
64,98,64,63,73,5,0
128,90,60,66,73,5,-3
116,88,54,56,71,0,-3
84,94,54,54,71,0,-3
66,102,56,56,72,0,-3
54,112,56,56,65,0,-3
46,126,58,54,66,0,-3
42,232,58,52,67,0,-3
43,228,60,52,67,0,-3
40,224,62,56,61,0,-3
38,220,64,54,63,0,-3
34,216,66,54,66,0,-3
33,208,68,54,63,0,-3
36,202,70,54,59,0,-3
33,194,74,54,58,0,-3
32,184,78,54,61,0,-3
31,166,82,54,58,0,-3
29,116,88,54,56,0,-3
28,84,94,54,54,0,-3
29,66,102,56,56,0,-3
32,54,112,56,56,0,-3
33,46,126,58,54,0,-3
34,42,232,58,52,0,-3
31,43,228,60,52,0,-3
31,40,224,62,56,0,-3
32,38,220,64,54,0,-3
31,34,216,66,54,0,-3
39,33,208,68,54,0,-3
39,36,202,70,54,0,0
39,36,202,70,54,5,0
31,29,198,70,54,5,0
31,32,192,70,54,5,0
25,32,188,70,54,5,0
25,25,182,70,54,5,0
21,28,178,68,52,5,0
21,28,172,68,52,5,0
23,28,168,66,52,5,0
19,28,162,66,52,5,0
19,28,158,66,52,5,0
19,29,152,66,50,5,0
19,29,148,66,50,5,0
21,32,142,64,50,5,0
21,32,138,66,50,5,0
21,32,132,66,50,5,0
21,34,128,70,48,5,0
21,34,122,70,48,5,0
23,34,118,192,48,5,0
23,34,112,188,48,5,0
23,34,108,182,48,5,0
23,36,102,175,46,5,0
23,36,98,168,46,5,0
25,37,92,163,46,5,0
25,37,88,155,46,5,0
25,37,82,146,52,5,0
25,39,78,138,50,5,3
25,38,72,139,50,5,3
27,44,74,140,50,5,3
27,41,68,143,56,5,3
31,46,70,144,56,5,3
31,40,67,148,54,5,3
34,44,62,148,56,5,3
33,37,60,150,60,0,3
33,38,62,152,54,0,3
35,44,64,160,54,0,3
35,44,66,168,56,0,3
38,44,72,174,53,0,3
37,44,75,174,51,0,3
38,44,78,180,54,0,3
36,50,82,188,58,0,3
34,50,88,192,58,0,3
35,50,92,198,56,0,3
38,50,100,202,62,0,3
41,50,109,70,66,0,3
40,56,118,68,69,0,3
40,58,132,62,77,0,3
38,58,143,62,87,0,3
37,60,150,60,99,0,3
38,62,152,54,118,0,3
44,64,160,54,142,0,3
44,66,168,56,176,0,3
44,72,174,53,189,0,3
44,75,174,51,211,0,3
44,78,180,54,221,5,0
50,78,176,48,211,5,0
50,78,170,48,211,5,0
54,77,166,43,201,5,0
54,77,160,38,189,5,0
54,77,156,38,177,5,0
54,77,150,38,115,5,0
54,77,146,32,45,5,0
56,77,140,29,33,5,0
56,77,136,29,33,5,0
56,77,130,25,27,5,0
56,77,126,25,27,5,0
56,77,120,29,21,5,0
56,77,116,29,21,5,0
56,72,110,178,17,5,0
56,72,106,170,17,5,0
56,72,100,163,21,5,0
56,70,96,156,21,5,0
54,66,90,149,29,5,0
54,66,86,142,29,5,0
54,65,80,135,37,5,0
54,58,76,130,47,5,0
54,55,70,121,47,5,0
54,55,66,116,57,5,0
54,52,60,108,69,5,0
52,46,56,101,93,5,0
52,44,50,94,291,5,3
48,41,52,91,297,5,3
48,34,48,90,297,0,3
40,36,48,96,93,0,3
40,38,48,103,83,0,3
42,38,48,111,73,0,3
42,38,54,122,71,0,3
42,36,54,135,65,0,3
40,36,56,151,61,0,3
36,35,56,169,63,0,3
38,36,64,179,59,0,3
38,42,66,193,53,0,3
40,40,72,209,55,0,3
40,40,74,221,57,0,3
38,40,78,243,53,0,3
36,40,80,267,50,0,3
34,46,86,297,53,0,3
34,48,90,297,55,0,3
36,48,96,93,55,0,3
38,48,103,83,53,0,3
38,48,111,73,53,0,3
38,54,122,71,59,0,3
36,54,135,65,59,0,3
36,56,151,61,57,0,3
35,56,169,63,63,0,3
36,64,179,59,65,0,3
42,66,193,53,179,0,3
40,72,209,55,177,0,3
40,74,221,57,177,0,3
40,78,243,53,175,0,3
40,80,267,50,175,0,0
40,80,267,50,175,5,0
48,80,261,50,175,5,0
48,80,257,49,175,5,0
52,80,251,43,175,5,0
52,80,247,41,53,5,0
52,80,241,41,53,5,0
56,80,237,37,43,5,0
56,80,231,31,39,5,0
58,80,227,33,37,5,0
58,80,221,31,37,5,0
58,80,217,27,29,5,0
58,80,211,27,29,5,0
58,80,207,27,23,5,0
58,80,201,23,23,5,0
58,80,197,21,19,5,0
58,80,191,21,19,5,0
58,77,187,17,19,5,0
58,77,181,17,15,5,0
58,77,177,17,15,5,0
58,77,171,19,13,5,0
58,77,167,19,13,5,0
58,77,161,27,13,5,3
58,80,181,33,13,5,3
58,75,297,31,13,5,3
58,82,297,29,19,5,3
59,79,297,35,17,5,3
62,77,297,32,17,5,3
64,83,285,31,18,5,0
66,77,279,35,19,5,0
64,77,275,35,18,5,0
66,80,267,39,24,5,0
64,74,265,37,22,5,0
64,77,257,42,25,5,0
64,77,253,41,25,5,0
60,72,249,47,24,5,0
62,72,243,45,29,5,0
64,74,239,51,27,5,0
58,69,233,47,25,5,0
60,69,229,47,31,5,0
54,69,225,51,29,5,0
56,66,218,47,33,5,0
58,66,215,53,33,5,0
54,67,207,51,31,5,0
56,64,205,48,35,5,0
54,66,197,51,33,5,0
51,66,193,48,35,5,0
51,61,191,47,35,5,0
48,64,183,48,33,5,0
50,64,179,47,37,5,0
50,64,173,48,35,5,0
46,66,168,47,35,5,0
48,64,161,45,35,5,0
44,66,159,47,35,5,0
46,66,155,45,37,5,0
48,66,147,42,35,5,0
44,67,144,42,33,5,0
46,69,137,39,35,5,0
44,72,133,39,33,5,0
44,74,131,37,33,5,0
46,77,123,35,33,5,0
44,80,119,35,31,5,0
46,82,113,31,29,5,-1.5
48,77,119,35,28,5,-1.5
46,75,129,34,27,5,-1.5
45,74,139,33,25,5,-1.5
46,73,153,33,25,5,-1.5
46,72,173,33,27,5,-1.5
48,72,189,32,25,5,-1.5
48,70,197,33,25,5,-1.5
48,68,217,35,25,5,-1.5
48,66,223,33,25,5,0
48,63,217,33,25,5,0
48,63,213,33,25,5,0
50,66,207,33,25,5,0
50,66,203,33,25,5,0
46,66,197,33,25,5,0
46,66,193,33,25,5,0
48,66,187,31,23,5,0
48,66,183,31,23,5,0
48,66,177,31,23,5,0
46,66,173,31,23,5,0
46,67,167,29,23,5,-1.5
46,65,163,31,23,5,-1.5
46,64,170,31,22,5,-1.5
46,64,165,31,23,5,-1.5
46,60,171,35,23,5,-1.5
46,58,177,35,23,5,-1.5
44,59,171,39,25,5,0
44,59,167,39,25,5,0
44,62,161,39,25,5,0
44,62,157,39,25,5,0
42,66,151,41,27,5,0
42,66,147,41,27,5,0
42,64,153,43,27,5,0
42,70,137,43,27,5,0
44,78,143,44,29,5,-1.5
44,76,139,45,29,5,-1.5
42,73,135,47,29,5,-1.5
44,78,139,47,31,5,-1.5
45,76,136,49,31,5,-1.5
44,74,138,49,33,5,-1.5
44,80,133,51,35,5,-1.5
44,78,129,55,37,5,-1.5
42,73,131,53,35,5,-1.5
42,71,127,59,37,5,-1.5
44,76,123,55,37,5,-1.5
44,74,125,55,39,5,-1.5
42,70,121,55,39,5,-3
46,68,123,61,41,5,-3
46,64,121,57,41,5,-3
46,60,122,63,45,5,-3
44,56,121,69,40,5,-3
41,62,121,65,47,5,-3
44,60,121,69,45,5,-3
45,56,123,74,49,5,-3
40,52,126,71,50,5,-3
38,48,128,71,51,5,-3
38,44,134,73,57,5,-3
40,41,133,71,53,5,-3
36,36,138,73,59,5,-3
32,37,131,71,59,5,-3
34,38,132,74,59,5,-3
32,36,126,73,61,5,-3
26,32,123,73,59,5,0
28,32,118,72,61,5,0
21,34,114,69,59,5,0
24,30,110,67,59,5,0
26,148,104,65,59,5,0
22,140,98,64,57,5,0
24,134,94,62,57,5,0
21,130,90,62,57,5,0
32,122,83,59,55,5,0
56,116,78,57,53,5,0
298,110,74,55,51,5,0
298,104,70,54,51,5,0
294,98,63,51,49,5,0
283,92,58,51,47,5,0
268,80,54,49,45,5,0
256,76,50,43,43,5,0
246,66,43,42,43,5,0
230,60,38,39,39,5,0
214,50,34,36,39,5,0
203,46,30,27,37,5,0
186,40,24,23,35,5,-3
203,28,18,21,31,5,-3
229,22,14,12,29,5,-3
258,18,8,7,19,0,-3
298,18,8,8,19,0,-3
298,19,8,9,19,0,-3
298,21,8,10,18,0,-3
298,20,8,10,17,0,-3
298,32,8,8,9,0,-3
174,42,8,10,7,0,-3
140,46,8,10,7,0,-3
126,58,8,10,7,0,-3
116,74,8,8,7,0,-3
110,94,8,8,7,0,-3
106,112,8,8,8,0,-3
98,130,8,8,8,0,-3
94,164,10,8,7,0,-3
87,204,16,8,7,0,-3
92,258,18,8,7,0,-3
86,298,18,8,8,0,-3
84,298,19,8,9,0,-3
88,298,21,8,10,0,-3
84,298,20,8,10,0,-3
80,298,32,8,8,0,-3
83,174,42,8,10,0,-3
80,140,46,8,10,0,-3
93,126,58,8,10,0,-3
239,116,74,8,8,0,-3
230,110,94,8,8,0,-3
221,106,112,8,8,0,-3
215,98,130,8,8,0,-3
207,94,164,10,8,0,-3
197,87,204,16,8,0,-3
189,92,258,18,8,0,-3
180,86,298,18,8,5,-3
179,81,298,28,8,5,0
179,81,298,28,14,5,0
187,80,298,32,14,5,0
187,72,298,38,20,5,0
193,72,298,38,20,5,0
193,72,298,44,20,5,0
203,70,298,43,24,5,0
69,70,298,46,24,5,0
69,70,298,46,28,5,0
63,63,298,50,28,5,0
65,63,298,48,30,5,0
57,63,298,50,32,5,0
57,60,298,50,32,5,0
57,58,298,50,34,5,0
51,60,298,50,32,5,0
51,55,298,50,32,5,0
49,54,298,50,36,5,0
49,55,298,48,34,5,0
49,54,298,48,36,5,0
45,51,298,48,36,5,0
41,50,298,46,36,5,0
39,50,298,50,36,5,0
39,51,298,48,34,5,0
37,51,298,48,34,5,0
35,54,298,46,36,5,0
37,54,298,46,34,5,-3
36,51,298,48,34,5,-3
35,48,298,52,36,5,-3
35,48,298,56,36,5,-3
35,46,256,60,36,5,-3
33,41,188,69,38,5,0
33,41,183,66,38,5,0
31,39,178,69,41,5,0
31,39,174,69,41,5,0
29,37,170,69,42,5,0
31,39,164,70,42,5,0
29,37,160,72,45,5,0
29,36,154,75,45,5,0
27,36,150,72,46,5,0
27,36,146,75,48,5,0
25,33,140,75,48,5,0
27,33,136,76,48,5,0
25,31,130,78,48,5,0
25,30,126,80,48,5,0
25,30,122,82,50,5,0
23,30,116,82,50,5,3
23,30,148,78,50,5,3
21,29,212,74,52,5,3
23,30,290,70,52,5,3
22,31,298,66,52,5,3
23,34,298,63,52,5,0
23,34,298,63,50,5,0
23,36,298,63,48,5,0
23,36,298,60,48,5,0
25,36,298,58,46,5,0
25,36,296,58,46,5,0
25,38,292,58,44,5,0
25,38,286,58,44,5,0
25,38,282,58,44,5,0
25,38,276,58,44,5,0
27,39,272,56,42,5,0
27,39,266,56,42,5,0
27,39,262,56,42,5,0
27,39,256,56,42,5,0
27,42,252,55,42,5,0
27,42,246,55,42,5,0
27,42,242,55,42,5,0
27,42,236,55,42,5,0
29,42,232,55,40,5,0
29,42,226,56,40,5,0
29,42,222,56,40,5,0
29,42,216,56,40,5,0
29,43,212,55,40,5,0
29,43,206,55,40,5,0
29,43,202,55,40,5,0
31,46,196,55,38,5,0
31,46,192,55,38,5,0
31,46,186,55,40,5,0
31,46,182,55,40,5,0
31,48,176,52,40,5,0
31,48,172,55,40,5,0
31,46,166,55,40,5,0
31,46,162,58,40,5,0
33,48,156,56,38,5,0
33,48,152,56,38,5,0
33,48,146,60,38,5,0
33,48,142,60,38,5,0
33,48,136,67,38,5,0
33,48,132,74,38,5,0
33,48,126,172,38,5,3
33,49,130,170,40,5,3
35,56,126,163,40,5,3
35,55,131,158,38,5,3
37,58,132,155,38,5,3
40,64,130,148,38,5,3
39,64,128,146,40,5,3
43,66,127,140,38,5,3
43,72,124,136,36,5,3
48,76,122,130,34,5,3
49,70,122,128,39,5,3
52,76,121,124,36,5,3
56,80,120,120,34,5,3
54,76,122,118,31,5,3
61,80,123,116,34,5,3
60,84,112,114,31,5,3
62,80,113,110,29,5,3
66,79,102,106,33,5,3
61,76,96,102,36,5,3
66,74,90,100,209,5,3
70,74,83,100,231,5,3
66,72,81,96,255,5,3
70,72,75,92,297,5,3
68,72,68,90,297,5,3
66,72,62,88,297,5,3
64,69,60,84,297,5,3
62,64,54,82,297,5,3
62,56,50,78,297,0,3
62,55,50,81,297,0,3
62,55,52,85,250,0,3
62,55,52,96,119,0,3
62,52,52,102,93,0,3
62,50,52,108,80,0,3
62,49,54,116,69,0,3
64,52,56,127,61,0,3
64,50,58,139,57,0,3
66,50,58,155,55,0,3
66,48,60,176,49,0,3
60,48,64,229,49,0,3
58,50,66,297,49,0,3
60,50,72,297,51,0,3
60,50,76,297,53,0,3
56,50,78,297,193,0,3
55,50,81,297,181,0,3
55,52,85,250,171,0,3
55,52,96,119,162,0,3
52,52,102,93,155,0,3
50,52,108,80,149,0,3
49,54,116,69,143,0,3
52,56,127,61,139,0,3
50,58,139,57,135,0,3
50,58,155,55,131,0,3
48,60,176,49,127,0,3
48,64,229,49,124,5,0
50,64,240,46,124,5,0
48,64,233,49,129,5,0
50,62,213,46,131,5,0
48,62,211,49,133,5,0
46,60,204,49,135,5,0
48,58,213,49,43,5,0
46,55,195,53,33,5,0
46,54,191,49,33,5,0
46,55,185,53,35,5,0
46,54,195,49,33,5,0
46,52,175,53,35,5,0
46,52,171,55,33,5,0
44,50,165,59,35,5,0
41,47,160,59,37,5,0
41,45,155,61,35,5,0
41,44,149,63,37,5,0
41,42,145,67,35,5,3
38,42,267,61,35,5,3
36,42,297,60,37,5,3
36,43,297,57,37,5,3
34,44,297,55,37,5,3
34,46,297,50,37,5,0
34,43,297,53,39,5,0
34,43,297,53,37,5,0
34,43,297,53,35,5,0
32,42,297,53,37,5,0
32,46,297,55,37,5,0
32,50,297,55,37,5,0
30,48,297,57,39,5,0
30,50,297,57,39,5,0
34,50,297,57,39,5,0
32,54,297,59,39,5,0
32,54,297,57,39,5,0
36,54,297,53,39,5,0
34,54,297,53,41,5,0
36,60,297,50,41,5,0
36,63,297,50,41,5,0
40,63,297,50,41,5,0
40,62,297,50,41,5,0
40,63,297,50,41,5,0
40,63,297,49,39,5,0
40,70,297,43,39,5,0
44,68,297,45,37,5,0
44,73,297,45,37,5,0
46,75,297,45,35,5,0
46,75,297,43,37,5,-1.5
46,74,297,41,31,5,-1.5
46,74,297,43,33,5,-1.5
46,72,297,41,33,5,-1.5
44,68,297,45,33,5,-1.5
48,66,298,45,35,5,-1.5
48,63,297,47,31,5,-1.5
46,61,288,45,33,5,-1.5
48,60,255,47,31,5,0
48,58,247,45,32,5,0
46,56,243,47,32,5,0
48,58,239,47,32,5,0
46,56,232,47,35,5,0
44,56,228,49,32,5,0
46,56,225,47,32,5,0
44,54,217,51,35,5,0
42,52,213,53,32,5,0
42,52,209,55,35,5,0
40,52,205,55,32,5,0
42,50,197,55,35,5,0
40,52,193,57,35,5,0
40,50,189,57,35,5,0
40,48,181,61,37,5,0
38,50,177,59,37,5,0
38,48,174,61,39,5,1.5
37,48,189,61,39,5,1.5
38,48,207,57,39,5,1.5
38,48,225,55,37,5,1.5
36,48,225,55,39,5,1.5
38,48,232,55,39,5,1.5
38,48,235,51,39,5,1.5
36,48,229,51,39,5,1.5
36,51,235,49,39,5,0
38,51,229,49,37,5,0
38,51,225,49,37,5,0
36,50,221,50,39,5,0
36,50,215,49,35,5,0
36,51,211,47,35,5,0
36,51,205,47,35,5,0
38,50,201,49,35,5,0
38,50,195,49,35,5,0
38,50,191,49,35,5,0
36,50,185,49,37,5,0
36,50,181,49,37,5,0
38,50,175,49,35,5,0
38,50,171,49,35,5,0
36,48,165,50,35,5,0
36,48,161,47,35,5,0
36,48,155,47,35,5,0
36,48,151,47,35,5,0
36,46,145,49,35,5,0
36,46,141,49,35,5,0
36,46,135,53,35,5,0
36,46,131,53,35,5,0
34,46,125,59,35,5,0
34,46,121,232,35,5,0
34,46,115,223,35,5,0
34,46,111,215,35,5,0
34,43,105,209,35,5,0
34,43,101,201,37,5,0
34,43,95,195,37,5,0
32,42,91,185,39,5,0
32,42,85,179,43,5,0
32,42,81,167,43,5,0
32,42,75,161,51,5,0
32,39,71,149,61,5,0
32,39,65,143,61,0,0
32,39,65,143,61,0,3
32,41,66,155,62,0,3
32,43,65,169,57,0,3
32,44,73,182,51,0,3
32,41,73,201,51,0,3
32,46,73,225,53,0,3
32,49,79,249,47,0,3
32,51,80,275,45,0,3
34,49,89,297,47,0,3
34,49,91,297,47,0,3
34,51,99,297,49,0,3
36,58,101,175,45,0,3
36,57,113,111,48,0,3
36,55,121,85,50,0,3
37,65,131,71,51,0,3
39,65,143,61,51,0,3
41,66,155,62,54,0,0
41,66,155,62,54,0,3
43,65,169,57,55,0,3
44,73,182,51,59,0,3
41,73,201,51,63,0,3
46,73,225,53,68,0,3
49,79,249,47,78,0,3
51,80,275,45,86,0,3
49,89,297,47,100,0,3
49,91,297,47,112,0,0
49,91,297,47,112,5,0
57,95,297,42,98,5,0
56,91,297,39,82,5,0
60,89,297,42,66,5,0
63,95,297,35,52,5,0
60,93,297,29,42,5,0
65,95,297,35,36,5,0
63,93,297,32,28,5,0
61,91,297,25,30,5,0
65,95,297,27,26,5,0
63,91,297,27,24,5,0
67,89,293,25,24,5,0
65,91,287,29,20,5,0
63,89,281,25,22,5,0
67,91,279,23,18,5,0
65,89,273,27,20,5,0
65,87,267,23,22,5,0
67,89,263,27,18,5,0
65,87,257,27,20,5,0
70,87,253,21,18,5,0
67,87,249,25,18,5,0
65,85,243,23,20,5,0
67,83,237,23,15,5,0
65,81,233,25,18,5,0
65,79,229,21,20,5,0
65,77,223,25,15,5,0
63,75,217,25,18,5,0
65,75,213,27,15,5,0
63,75,209,27,18,5,0
61,73,203,27,20,5,0
63,73,199,32,18,5,0
61,71,193,27,20,5,0
61,68,187,29,20,5,0
60,68,185,32,20,5,0
57,67,179,35,22,5,0
56,65,173,39,20,5,0
53,65,167,43,22,5,0
53,63,161,42,24,5,0
53,63,159,46,24,5,0
51,61,153,43,26,5,0
53,59,147,47,28,5,3
51,59,153,45,28,5,3
49,57,159,43,29,5,3
47,59,165,39,30,5,3
49,59,173,37,28,5,3
49,61,201,35,28,5,0
47,61,191,37,30,5,0
47,61,191,34,26,5,0
47,59,181,34,28,5,0
45,57,173,35,26,5,0
45,57,227,35,26,5,0
45,57,163,45,24,5,0
45,57,217,51,24,5,0
43,55,153,59,26,5,3
43,57,207,55,26,5,3
44,60,200,54,26,5,3
43,65,191,50,26,5,3
45,65,187,48,30,5,3
45,69,181,52,30,5,3
46,67,173,48,28,5,0
49,69,169,46,30,5,0
49,65,163,52,30,5,0
50,67,159,49,28,5,0
50,67,155,48,32,5,0
53,62,149,52,30,5,0
53,62,145,49,34,5,0
50,65,139,49,34,5,0
50,60,133,48,32,5,0
46,60,130,48,36,5,0
49,62,123,46,36,5,0
49,59,119,46,34,5,0
46,60,113,43,36,5,0
46,60,109,42,36,5,0
43,60,105,42,36,5,0
43,62,99,39,34,5,0
44,122,95,39,34,5,-3
45,121,89,40,32,5,-3
41,119,85,40,32,5,-3
43,119,81,42,32,5,-3
42,113,78,41,32,5,-3
41,113,73,43,32,5,-3
39,111,69,48,32,5,-3
37,107,63,52,34,5,-3
37,104,63,54,34,5,-3
37,103,57,53,33,5,0
33,97,53,49,36,0,0
33,97,53,49,36,0,-3
33,103,57,49,36,0,-3
35,103,57,47,36,0,-3
37,106,59,49,38,0,-3
39,111,61,49,38,0,-3
39,109,63,47,40,0,-3
41,111,65,49,39,0,-3
46,113,67,49,41,0,-3
