32,43,142,68,62,W
32,43,136,71,62,W
32,43,132,287,56,W
32,43,126,282,54,W
32,41,122,272,54,W
32,39,116,266,52,W
32,39,112,258,50,W
30,39,106,249,50,W
30,36,102,242,50,W
30,36,96,235,50,W
30,35,92,228,50,W
28,33,86,219,52,W
28,33,82,214,54,W
28,31,76,204,58,W
26,29,72,198,64,W
26,29,66,190,72,W
24,25,62,181,82,W
22,25,56,174,106,W
22,22,52,166,208,W
0,0,0,0,0,W
32,43,136,71,62,W
32,43,132,287,56,W
32,43,126,282,54,W
32,41,122,272,54,W
32,39,116,266,52,W
32,39,112,258,50,W
30,39,106,249,50,W
30,36,102,242,50,W
30,36,96,235,50,W
30,35,92,228,50,W
28,33,86,219,52,W
28,33,82,214,54,W+A
29,33,87,220,54,W+A
27,33,89,226,54,W+A
27,33,93,235,56,W+A
25,33,95,247,58,W+A
25,33,99,260,59,W+A
27,35,102,278,61,W+A
27,37,104,298,62,W+A
27,39,107,298,62,W+A
26,39,108,298,65,W+A
29,43,107,298,64,W+A
29,43,107,298,66,W+A
30,45,109,298,66,W+A
31,49,110,298,66,W+A
33,51,111,298,67,W+A
33,54,113,298,69,W+A
35,55,116,298,68,W+A
39,59,120,298,68,W+A
39,59,126,276,68,W+A
41,61,133,212,69,W+A
43,61,140,186,70,W+A
44,61,152,166,70,W+A
47,63,168,154,68,W+A
49,63,190,144,70,W+A
49,64,218,134,70,W
51,62,214,136,70,W
49,62,208,138,72,W
49,59,204,140,72,W
49,59,198,140,74,W
49,57,196,142,74,W
47,55,188,144,76,W
47,55,185,147,76,W
45,54,178,148,79,W
45,54,176,150,79,W
43,51,170,156,80,W
43,49,162,160,82,W
43,47,160,162,84,W
39,47,154,166,86,W
39,45,150,168,86,W
37,43,143,173,88,W
37,43,140,176,90,W
35,42,134,182,92,W
35,39,130,184,92,W
33,37,123,188,94,W
33,37,120,190,96,W
31,36,114,198,96,W
29,34,108,202,98,W
29,31,104,204,98,W
27,31,98,208,100,W
27,29,94,208,100,W
25,27,88,211,103,W
23,25,86,211,103,W
20,23,78,212,104,W
20,23,76,214,106,W
19,21,68,214,108,W
15,16,52,218,112,W+A
13,15,62,204,112,W+A
13,15,74,194,112,W+A
11,15,104,184,112,W+A
13,16,260,174,110,W+A
13,18,252,167,110,A
12,20,252,158,110,A
13,19,250,150,110,A
13,22,248,144,110,A
13,24,248,136,112,A
13,24,248,132,114,A
13,26,248,128,114,A
13,29,242,124,118,A
14,32,234,120,120,A
13,38,224,119,124,A
13,46,212,116,128,A
13,56,201,114,132,A
15,74,193,112,136,A
15,110,182,112,141,A
16,254,172,110,148,A
18,252,167,110,154,A
20,252,158,110,161,A
19,250,150,110,172,A
0,0,0,0,0,W
32,43,136,71,62,W
32,43,132,287,56,W
32,43,126,282,54,W
32,41,122,272,54,W
32,39,116,266,52,W
32,39,112,258,50,W
30,39,106,249,50,W
30,36,102,242,50,W
30,36,96,235,50,W
30,35,92,228,50,W
28,33,86,219,52,W
28,33,82,214,54,W
28,31,76,204,58,W
26,29,72,198,64,W
26,29,66,190,72,W
24,25,62,181,82,W
22,25,56,174,106,W
22,22,52,166,208,W
20,21,46,157,298,W
18,19,42,150,298,W
16,16,36,142,298,W
14,15,32,133,298,W
12,12,26,126,298,W
10,9,22,118,298,W
8,9,16,109,298,W
6,5,12,102,298,A
7,5,13,108,298,A
7,7,15,118,298,A
7,7,17,128,236,A
5,5,17,142,198,A
5,5,21,158,160,A
5,7,27,177,136,A
5,7,30,202,122,A
5,7,37,232,112,A
5,7,43,280,104,A
5,7,51,298,98,A
5,9,63,298,94,A
5,9,75,298,93,A
5,9,88,298,90,A
5,11,93,298,88,A
5,12,102,298,89,A
5,13,108,298,86,A
7,15,118,298,86,W
7,17,113,298,86,W
11,23,110,298,86,W
12,25,103,298,86,W
15,27,99,298,86,W
15,27,94,298,88,W
17,29,89,298,88,W
17,29,84,298,92,W
19,29,78,298,95,W
19,29,74,298,96,W
19,29,70,298,98,W
21,27,64,298,103,W
21,27,59,298,106,W
21,27,56,298,108,W
19,23,48,298,113,W
19,23,44,298,117,W
19,21,40,298,118,W
19,17,34,298,122,W
15,15,30,298,126,W
15,13,24,298,130,W
11,11,20,298,135,W
7,7,13,298,138,W
5,5,8,298,142,A
5,5,10,298,136,A
5,5,10,298,132,A
5,5,10,298,128,A
5,5,14,298,124,A
5,5,16,298,122,A
5,5,18,262,121,A
5,5,24,232,118,A
5,5,32,210,117,A
5,6,44,194,116,A
5,7,72,182,116,A
5,8,144,172,116,W
5,8,144,170,116,W
5,8,134,172,116,W
5,8,134,170,116,W
5,8,126,172,116,W
5,8,126,172,114,A
5,9,298,162,116,A
6,10,298,156,116,A
5,10,298,150,118,A
5,10,298,144,118,A
5,12,298,141,120,A
5,12,298,134,122,A
5,12,298,130,126,A
5,16,298,127,132,A
7,18,296,124,142,A
0,0,0,0,0,W
32,43,136,71,62,W
32,43,132,287,56,W
32,43,126,282,54,W
32,41,122,272,54,W
32,39,116,266,52,W
32,39,112,258,50,W
30,39,106,249,50,W
30,36,102,242,50,W
30,36,96,235,50,W
30,35,92,228,50,W
28,33,86,219,52,W
28,33,82,214,54,W
28,31,76,204,58,W
26,29,72,198,64,W
26,29,66,190,72,W
24,25,62,181,82,W
22,25,56,174,106,W
22,22,52,166,208,W
20,21,46,157,298,A
19,21,51,169,134,A
19,23,55,182,98,A
19,23,61,196,86,A
19,23,69,216,78,A
19,23,77,236,74,A
19,25,85,264,72,A
19,27,93,298,68,A
19,27,104,298,66,A
19,29,111,298,65,A
19,31,119,298,64,A
18,33,125,298,64,A
19,37,133,298,64,A
19,39,142,298,66,A
21,43,150,298,67,A
21,46,157,298,69,A
21,51,169,134,72,W
23,55,166,172,67,W
26,59,160,200,64,W
29,59,154,222,60,W
31,61,150,268,60,W
33,61,145,298,60,W
35,61,140,298,60,W
37,63,136,298,60,W
37,61,132,298,63,W
38,61,126,298,64,W
41,61,120,298,64,W
41,61,116,298,67,W
41,59,109,298,70,W
43,59,105,298,72,W
43,57,101,298,76,W
43,53,96,298,80,W
43,51,89,298,84,W
43,49,85,298,88,W
41,45,80,298,92,W
41,43,75,298,94,W
41,41,72,298,98,W
41,37,66,298,104,W
38,35,60,298,109,W
37,33,55,298,112,W
33,29,50,298,116,W
31,27,46,298,121,W
29,25,42,298,124,A
27,25,44,298,120,A
27,25,48,298,115,A
27,25,52,298,110,A
25,25,56,298,108,A
25,27,64,287,104,A
25,28,74,246,102,A
25,27,84,214,100,A
25,29,102,193,98,A
23,29,124,174,98,A
23,31,164,162,98,A
23,33,243,152,98,A
23,34,298,144,96,A
25,36,298,137,98,A
24,40,298,132,98,A
25,42,298,124,98,A
25,44,298,120,100,A
25,48,298,115,102,A
25,52,298,110,106,W
27,54,298,110,102,W
27,57,298,108,100,W
29,61,298,108,98,W
31,63,298,106,95,W
33,66,298,104,93,W
33,68,298,104,91,W
35,70,298,102,90,W
37,74,298,102,88,W
40,76,298,100,86,W
40,78,298,99,86,W
41,81,298,96,84,W
44,84,294,94,82,W
44,86,290,93,82,W
45,90,284,90,80,W
47,90,280,90,80,W
49,92,274,86,78,W
49,94,271,86,78,W
51,98,264,84,76,W
53,99,260,82,76,W
53,102,254,80,74,W
55,105,250,80,74,W
55,107,244,78,72,W
57,110,240,78,72,W
59,111,236,76,70,W
61,116,229,75,68,W
61,117,223,72,66,W
63,120,218,72,64,W
65,123,212,70,62,W
65,125,208,69,60,W
67,130,204,69,60,W
69,131,198,66,58,W
69,294,194,66,56,W
71,290,188,64,56,W
71,284,184,64,54,W
73,279,179,62,54,W
75,274,174,62,51,W
75,270,170,60,51,W
77,264,164,60,50,W
77,258,160,58,50,W
79,252,154,58,47,W
82,246,150,56,47,W
82,240,144,54,45,W
83,234,140,54,44,W
83,228,134,54,44,W
85,222,131,52,44,W
88,216,124,52,42,W+D
87,218,128,53,42,W+D
87,221,134,52,40,W+D
87,223,138,55,42,W+D
88,228,142,55,42,W+D
87,232,142,56,42,W+D
87,233,140,59,42,D
86,244,142,63,42,D
87,252,146,66,42,D
87,258,149,70,44,D
89,261,152,72,44,D
90,264,158,78,44,W+D
91,259,156,84,47,D
93,257,162,88,48,D
95,111,168,96,48,D
97,99,173,102,49,D
101,95,182,110,50,D
105,89,188,116,52,W
101,89,186,116,56,W
97,89,179,116,59,W
95,89,174,116,60,W
91,89,170,116,63,W
87,93,164,114,66,W
83,229,160,110,68,W
79,227,153,108,71,W
75,223,148,104,72,W
73,219,145,102,74,W
69,217,140,98,76,D
71,217,145,100,78,D
74,216,153,100,79,D
79,217,162,102,80,D
83,219,171,102,82,W
77,215,164,98,84,W
71,211,159,96,86,W
66,207,156,94,88,W
61,203,149,92,90,W
59,197,145,90,90,W
57,193,139,86,92,W
55,188,135,84,90,W
55,186,130,80,88,W
55,181,124,78,86,W
55,177,120,76,84,W
57,173,116,72,82,W
61,169,110,70,81,W
285,165,105,68,76,W
277,161,102,64,74,W
271,155,94,60,71,W
263,151,89,58,66,D
285,153,94,58,66,D
297,155,99,60,64,D
297,159,104,59,62,D
297,161,111,60,60,D
71,164,117,62,60,D
65,169,123,64,58,D
62,173,129,64,58,D
63,181,133,66,59,D
63,187,137,68,58,D
63,197,141,72,56,D
65,213,143,74,58,D
69,223,147,77,58,D
72,234,148,81,58,D
79,249,149,84,58,D
297,263,151,89,58,D
297,285,153,94,58,W
297,277,149,94,60,W
75,267,145,94,60,W
65,259,139,94,62,W
61,251,135,92,62,W
57,241,129,92,62,W
55,233,125,92,64,W
57,224,119,92,64,W
59,217,115,89,66,W
63,207,109,88,66,W
72,199,105,85,66,W
78,191,99,83,66,W
87,183,95,82,68,W
97,173,89,78,66,W
109,165,85,75,66,W
123,156,79,72,66,D
107,169,79,74,68,D
97,183,81,74,68,D
91,203,82,73,68,D
83,227,85,73,68,D
80,259,87,74,68,D
77,297,89,73,67,D
73,297,93,75,68,W
77,297,87,71,70,W
81,297,83,69,70,W
85,297,77,65,70,W
89,297,73,61,70,W
93,283,69,58,68,W
99,259,63,51,66,W
105,243,57,49,64,W
109,227,53,45,62,W
117,209,47,41,58,D
109,265,49,40,57,D
104,297,51,39,56,D
102,297,52,39,53,D
96,297,55,39,51,D
94,298,57,40,50,D
92,297,63,41,48,D
89,297,66,41,48,D
88,297,73,41,46,D
87,297,80,41,46,D
86,269,91,41,43,D
86,175,117,43,43,D
88,151,131,43,42,D
88,136,147,43,42,D
92,126,171,44,40,D
98,117,209,47,41,D
256,109,265,49,40,W
102,111,259,47,40,W
90,111,255,47,40,W
88,111,251,45,37,W
84,113,245,45,37,W
82,113,241,45,35,W
82,113,235,42,35,W
80,113,231,42,35,W
80,116,227,41,33,W
78,116,221,41,33,W
78,117,217,41,31,W
78,119,211,41,31,W
78,122,207,41,31,W
78,123,203,41,31,W
78,125,197,41,29,W
78,130,193,45,29,W
78,133,187,45,29,W
78,140,182,42,29,W
78,149,177,41,29,W
78,158,173,41,29,W
78,160,169,39,29,W
80,163,163,39,31,W
80,167,159,36,31,W
82,171,149,35,29,W
82,173,145,33,29,W
82,175,139,33,27,W
84,175,135,31,27,W
84,177,129,29,25,W
86,177,125,29,25,W
86,177,121,27,23,W
88,177,115,27,23,W
88,175,111,25,21,W
90,175,105,23,21,W
91,173,101,23,19,D
92,167,259,23,19,D
90,161,251,25,19,D
90,154,245,25,19,D
90,146,238,26,20,D
90,140,231,29,19,D
90,134,225,31,19,D
90,128,219,33,19,W
90,128,215,35,21,W
88,126,209,37,21,W
88,126,205,37,21,W
88,124,199,39,23,W
86,124,195,40,25,W
86,121,189,43,25,W
86,120,185,45,27,W
86,120,181,45,27,W
86,118,175,45,27,W
86,118,171,47,29,A
88,120,174,44,29,A
88,123,179,41,29,A
90,126,186,39,28,A
92,129,191,37,29,A
92,134,197,37,29,A
0,0,0,0,0,W
32,43,136,71,62,W
32,43,132,287,56,W
32,43,126,282,54,W
32,41,122,272,54,W
32,39,116,266,52,W
32,39,112,258,50,W
30,39,106,249,50,W
30,36,102,242,50,W
30,36,96,235,50,W
30,35,92,228,50,W
28,33,86,219,52,W
28,33,82,214,54,W
28,31,76,204,58,W
26,29,72,198,64,W
26,29,66,190,72,W
24,25,62,181,82,W
22,25,56,174,106,W
22,22,52,166,208,W
20,21,46,157,298,W
18,19,42,150,298,W
16,16,36,142,298,W
0,0,0,0,0,W
32,43,136,71,62,W
32,43,132,287,56,W
32,43,126,282,54,W
32,41,122,272,54,W
32,39,116,266,52,W
32,39,112,258,50,W
30,39,106,249,50,W
30,36,102,242,50,W
30,36,96,235,50,W
30,35,92,228,50,A
29,35,101,244,50,A
29,39,109,260,50,A
29,39,119,280,50,A
29,41,130,297,50,A
28,43,139,298,50,A
29,46,149,298,52,A
29,49,157,298,54,A
29,51,165,86,56,A
31,55,172,66,58,A
31,58,178,58,62,A
31,65,185,56,64,A
33,71,196,52,68,A
33,77,203,52,78,A
33,83,214,50,82,A
35,92,228,50,86,A
35,101,244,50,90,A
39,109,260,50,96,A
39,119,280,50,105,A
41,130,297,50,112,A
43,139,298,50,122,A
46,149,298,52,129,A
49,157,298,54,132,A
51,165,86,56,140,A
55,172,66,58,154,A
58,178,58,62,168,A
65,185,56,64,188,A
71,196,52,68,214,A
77,203,52,78,260,A
83,214,50,82,298,A
92,228,50,86,298,D
83,214,50,82,298,D
77,203,52,78,260,D
71,196,52,68,214,D
65,185,56,64,188,D
58,178,58,62,168,D
55,172,66,58,154,D
51,165,86,56,140,D
49,157,298,54,132,D
46,149,298,52,129,D
43,139,298,50,122,D
41,130,297,50,112,D
39,119,280,50,105,D
39,109,260,50,96,D
35,101,244,50,90,W
41,103,237,46,84,W
43,107,233,42,78,W
47,107,228,40,64,W
49,107,223,40,55,W
53,109,220,38,46,W
55,109,214,38,38,W
59,109,208,38,34,W
59,109,203,40,31,W
63,107,198,42,28,W
65,107,194,44,26,W
65,107,190,52,26,W
69,105,184,70,26,W
71,105,178,86,28,W
71,103,174,134,28,W
72,99,167,158,31,W
75,97,163,174,31,W
75,95,160,230,34,W
75,91,154,298,36,W
77,89,147,298,40,W
77,87,144,298,43,W
77,83,138,298,46,W
77,81,133,298,50,W+A
77,79,138,298,52,W+A
77,78,144,232,53,W+A
77,75,152,184,54,W+A
75,75,160,156,54,W+A
71,75,172,141,56,W+A
68,75,190,130,56,W+A
67,75,216,120,58,W+A
67,77,254,112,56,W+A
65,77,298,104,57,W+A
65,80,298,99,58,W
63,80,298,99,58,W
63,80,298,100,60,W
61,77,298,102,62,W
61,75,298,104,62,W
61,74,298,104,64,W
59,74,298,106,64,W
59,74,298,108,66,W
59,72,298,110,66,W
57,72,298,112,68,W
57,69,298,114,68,W
57,69,298,114,70,W
55,68,298,117,70,W
55,68,298,118,70,W+A
53,68,298,112,70,W+A
53,73,298,104,70,W+A
55,75,292,98,70,W+A
54,81,284,93,70,W+A
55,85,276,88,70,W+A
55,94,264,84,68,W+A
57,101,246,80,68,W+A
59,114,224,76,68,W+A
61,126,203,72,68,W+A
65,296,178,68,66,W+A
70,284,158,64,63,W+A
73,274,140,61,64,W
75,268,134,58,62,W
77,264,130,57,57,W
80,257,124,54,56,W
83,252,120,52,54,W
85,248,115,50,52,W
87,244,110,48,50,W
89,236,105,46,46,W
92,232,100,44,44,W
95,227,96,43,42,W
97,220,90,40,40,W
99,216,86,38,38,W
102,210,81,36,35,W
105,206,76,34,34,W
107,200,70,32,32,W
111,194,66,31,30,W
119,188,60,29,28,W
129,183,56,26,26,W
288,178,50,24,23,W
288,172,47,22,22,W
288,168,40,20,20,W
289,160,34,18,18,W
289,156,30,15,16,W
288,148,26,13,13,W
286,142,21,10,10,W
286,137,16,8,8,D
289,141,15,8,8,D
291,148,18,8,8,D
290,154,20,10,8,D
289,160,22,8,8,D
145,169,26,8,8,D
133,178,30,9,8,D
127,187,40,10,8,D
124,198,50,11,8,D
121,210,62,10,8,D
121,223,76,10,8,D
121,237,94,12,8,D
123,252,110,13,8,D
125,266,124,14,8,D
124,277,132,14,8,W
123,271,128,17,10,W
123,263,122,17,10,W
121,257,118,19,12,W
119,251,112,20,12,W
119,243,108,20,12,W
117,233,102,22,14,W
117,228,98,22,14,W
117,220,92,24,16,W
119,210,88,24,16,W
119,201,81,24,16,W
121,193,78,24,16,W
124,183,72,24,16,W
129,172,68,24,16,W
279,161,61,24,16,W
275,152,58,24,18,W
275,141,52,22,16,W
271,129,48,20,16,W
271,118,41,19,16,D
277,133,44,21,16,D
285,151,46,20,16,D
139,171,47,21,17,D
129,193,50,22,16,D
127,213,52,24,16,D
127,227,56,26,16,D
127,239,58,26,17,D
127,245,62,28,19,D
131,250,65,30,16,D
137,253,72,32,19,D
147,255,78,34,17,W+D
149,253,80,36,20,W+D
153,253,85,36,25,W+D
155,251,88,36,26,W+D
163,251,95,36,28,W+D
167,251,104,36,28,W+D
179,253,111,34,29,W+D
189,255,123,34,28,W+D
204,259,139,36,29,D
42,39,62,127,298,W
40,35,56,122,298,W
38,33,52,112,298,W
34,29,46,105,298,W
32,26,42,98,298,A
31,26,43,104,298,A
29,29,45,112,288,A
29,29,47,121,204,A
29,29,51,133,164,A
27,29,53,146,132,A
27,31,57,164,114,A
27,31,61,185,102,A
27,31,65,216,93,A
26,33,69,254,86,A
27,32,73,298,80,A
27,33,77,298,76,A
27,37,82,298,73,A
27,39,83,298,71,A
26,39,92,298,68,W
29,39,87,298,70,W
29,39,81,298,72,W
29,39,75,298,78,W
29,37,72,298,80,W
29,35,66,298,84,W
29,33,62,298,90,W
26,31,55,298,94,W
26,29,51,298,98,W
25,29,46,298,102,W
23,25,42,298,109,A
25,26,44,298,103,A
23,27,48,298,100,A
23,27,49,298,95,A
23,27,56,298,93,A
23,27,61,298,90,A
23,28,66,261,88,A
23,29,76,218,86,A
22,30,90,190,86,A
23,32,102,174,84,A
23,31,120,158,84,A
23,33,147,144,84,A
25,33,198,132,84,A
25,36,282,122,86,A
25,37,298,114,88,A
25,42,298,109,90,A
26,44,298,103,94,A
27,48,298,100,100,W
29,50,298,97,92,W
29,50,298,97,88,W
29,51,298,97,86,W
31,54,298,97,84,W
33,54,298,94,80,W
33,55,298,94,78,W
33,55,298,94,76,W
35,58,298,94,76,W
35,60,298,92,74,W
37,60,298,92,74,W
37,60,298,92,72,W
39,62,298,92,70,W
41,66,298,90,68,W
41,66,298,88,68,W
43,68,298,88,66,W
43,68,298,86,66,W
43,70,298,84,66,W
45,72,298,84,66,W
45,72,298,82,66,W
47,73,298,80,64,W
47,73,294,80,64,W
47,73,290,80,64,W
49,77,284,80,62,W
49,77,280,80,62,W
49,77,274,80,62,W
51,77,270,78,60,W
51,80,264,78,60,W
51,80,260,78,58,W
51,80,254,78,58,W
53,81,250,76,58,W
53,84,244,76,58,W
53,84,240,78,58,D
52,78,242,82,58,D
53,73,246,86,58,D
53,70,248,92,58,D
53,68,252,100,58,D
53,65,256,108,58,D
53,63,260,118,59,W
53,61,256,120,60,W
51,59,252,122,62,W
49,57,246,124,64,W
49,57,242,124,64,W
49,55,236,124,66,W
47,55,230,126,68,W
45,53,226,128,70,W
45,51,222,128,70,W
43,49,216,128,72,W
43,49,211,130,74,W
41,47,205,130,74,W
41,47,200,130,76,W
39,43,196,130,78,W
39,43,192,130,80,W
37,43,186,130,80,W
35,41,182,130,82,W
35,39,176,130,84,W
32,39,170,130,84,W
31,39,166,130,87,W
31,43,162,128,87,W
31,47,156,126,87,W
28,192,152,126,89,W
27,190,146,126,89,W
27,186,140,124,89,W
28,184,136,122,90,W
31,179,132,120,90,W
32,176,126,118,90,W
35,173,122,114,92,W
39,170,116,110,92,W
169,164,110,108,92,W
167,160,106,104,92,W
167,156,102,100,92,W
165,151,96,94,92,W
163,146,91,90,92,W
163,140,86,86,92,W
161,134,80,80,92,W
159,130,76,76,92,D
161,133,78,76,90,D
164,138,80,74,91,D
169,141,81,75,90,D
173,145,84,72,90,D
181,146,86,72,90,D
189,147,90,72,90,D
201,147,92,72,90,D
211,149,96,72,88,D
220,151,99,72,88,D
231,152,103,72,86,D
244,151,108,74,84,D
61,153,113,74,82,D
57,155,118,74,80,D
54,157,123,76,78,D
55,159,130,76,76,D
55,161,133,78,76,D
55,164,138,80,74,D
57,169,141,81,75,D
59,173,145,84,72,D
61,181,146,86,72,D
65,189,147,90,72,D
69,201,147,92,72,D
77,211,149,96,72,D
127,220,151,99,72,W
73,213,145,97,72,W
65,207,139,97,72,W
57,201,135,96,74,W
53,193,131,96,74,W
49,186,125,93,72,W
49,177,119,92,74,W
49,169,115,92,74,W
53,161,111,89,74,W
63,153,105,87,72,W
33,47,151,63,60,W+A
33,47,159,62,60,W+A
33,51,165,58,60,W+A
35,54,171,54,60,W+A
35,57,176,52,54,W+A
37,61,179,50,52,W+A
39,67,180,46,50,W+A
41,73,182,42,47,W+A
43,77,182,40,44,W+A
47,85,184,38,42,W+A
49,89,187,36,40,W+A
51,95,189,34,37,W+A
55,101,193,32,34,W+A
59,109,198,30,31,W+A
63,114,205,28,26,W+A
67,119,214,28,24,W+A
71,121,224,26,22,W+A
75,125,235,24,20,W+A
80,125,252,22,18,W+A
85,127,270,22,18,W+A
89,127,298,21,17,W+A
93,129,298,20,16,W+A
97,131,298,18,15,W+A
101,133,298,17,14,W+A
105,137,298,16,12,W
107,137,298,16,12,W
109,137,298,18,12,W
107,133,298,20,12,W
109,133,298,20,12,W
107,131,298,22,14,W
107,129,298,24,14,W
107,129,298,26,14,W
105,127,298,28,16,W
105,125,298,30,16,W
105,125,298,32,18,W
105,123,298,34,18,W
103,123,298,38,20,W
103,121,298,40,20,W
101,121,298,42,22,W
101,117,298,46,25,W
99,117,298,48,25,W
99,117,298,48,26,W
99,115,298,48,26,W
97,113,298,50,29,W
97,113,298,52,30,W
95,111,298,52,32,W
93,109,298,56,34,W
93,107,298,58,34,W
90,105,298,62,36,W
90,103,298,64,36,W
89,103,298,66,36,W
87,103,298,68,36,W
87,101,292,72,38,W
85,99,288,74,40,W
85,99,282,76,40,W
83,95,278,80,42,W
81,95,272,84,42,W
81,95,268,86,44,W
81,93,262,88,44,W
79,91,258,92,46,W
77,91,252,96,48,W
77,89,248,98,48,W
75,87,242,102,50,W
75,87,237,104,52,W
73,85,232,104,52,W
73,83,228,108,54,W
71,81,222,108,57,W
71,81,218,108,59,W
69,81,211,108,59,W
67,79,207,110,62,W
67,77,202,112,62,W
67,77,198,112,64,W
65,75,192,112,66,W
63,73,188,112,68,W
63,73,182,112,68,W
63,77,176,112,70,W
61,79,172,114,72,W
58,244,168,112,72,W
57,242,162,112,74,W
57,236,158,112,74,W
55,233,152,110,76,W
55,230,146,110,76,W
53,225,142,110,78,W
53,222,138,108,78,W
51,216,132,106,78,W
53,211,128,104,78,W
55,206,122,102,78,W
57,200,116,100,78,W
57,195,112,100,78,W+D
59,195,110,98,80,W+D
59,196,107,96,82,W+D
61,194,106,92,82,W+D
61,193,104,86,83,W+D
63,191,102,82,82,W+D
62,189,102,78,84,W+D
65,187,99,74,86,W+D
65,185,98,72,84,W+D
67,181,97,68,84,W+D
69,178,98,66,79,W+D
69,175,97,64,74,W+D
73,171,99,62,71,W+D
77,170,99,60,66,W+D
85,167,99,58,60,W+D
297,167,102,56,58,W+D
297,165,103,54,55,W+D
297,163,104,54,52,W+D
99,160,107,54,50,W+D
99,161,107,52,48,W+D
99,159,109,52,46,W+D
94,159,109,54,46,W+D
97,161,109,53,44,W+D
97,160,107,53,44,W+D
97,162,105,54,44,W+D
98,165,104,55,44,W+D
95,171,101,58,44,W+D
95,177,97,59,44,W+D
95,189,95,60,44,W+D
97,195,91,61,45,W+D
97,201,87,63,46,W+D
95,211,85,62,48,W+D
95,227,83,61,48,W+D
95,243,79,60,50,W+D
95,271,77,60,52,W+D
95,297,75,56,50,W+D
95,297,73,55,52,W+D
95,297,71,51,52,W+D
95,297,69,49,52,W+D
96,297,65,47,50,W+D
95,298,67,44,50,W+D
96,297,65,41,46,W+D
94,297,63,39,44,W+D
94,297,65,35,40,W+D
94,297,67,35,37,W+D
94,293,67,32,33,W+D
93,259,75,31,31,W+D
94,194,91,29,29,W+D
93,170,106,29,28,W+D
94,155,119,29,25,W+D
94,145,135,27,24,W+D
93,136,163,27,23,W+D
94,128,217,27,21,W
92,125,223,27,21,W
92,128,217,27,21,W
92,130,205,25,21,W
90,131,199,25,19,W
90,131,205,27,19,W
90,133,199,27,19,W
90,138,185,29,19,W
90,138,179,29,19,W
90,141,173,29,19,W
87,150,179,33,19,W
87,157,173,30,21,W
87,160,159,29,21,W
90,166,153,29,21,W
87,167,159,29,23,W
90,172,153,27,23,W
90,172,147,25,21,W
90,176,135,25,21,W
90,176,127,23,19,W
90,176,135,23,19,W
92,176,127,23,19,W
92,178,115,20,17,W
94,178,109,19,17,W
94,178,103,19,15,W
94,176,109,19,15,W
96,173,95,17,15,W
98,173,89,17,13,W
98,172,83,15,13,W
100,172,89,15,13,W
100,169,83,13,11,W
104,169,77,13,11,W
106,167,63,13,9,W
110,166,57,11,9,W
110,162,63,11,9,W
114,160,57,9,9,W
116,160,45,9,7,W
118,156,39,7,7,W
118,153,45,7,7,W
120,150,39,7,5,W
122,147,25,5,5,W
122,146,19,3,3,W
32,43,136,71,62,W
32,43,132,287,56,W
32,43,126,282,54,W
32,41,122,272,54,W
32,39,116,266,52,W
32,39,112,258,50,W
30,39,106,249,50,W
30,36,102,242,50,W
30,36,96,235,50,W
30,35,92,228,50,W
28,33,86,219,52,W+A
29,35,91,228,50,W+A
27,34,95,236,52,W+A
27,35,99,246,52,W+A
27,35,103,258,54,W+A
27,35,105,270,54,W+A
27,39,109,292,56,W+A
27,39,111,298,57,W+A
29,41,114,298,58,W+A
29,43,113,298,60,W+A
31,47,115,298,60,W+A
31,49,116,298,60,W+A
33,51,118,298,63,W+A
33,53,117,298,63,W+A
35,57,120,298,63,W+A
36,58,122,298,65,W+A
38,61,126,298,64,W+A
41,63,130,298,64,W+A
43,65,136,239,64,W+A
45,67,143,192,64,W+A
47,67,152,172,64,W+A
49,67,165,156,65,W+A
51,67,182,144,64,W+A
53,68,204,132,64,W+A
55,69,238,122,66,W
55,69,234,124,66,W
55,67,228,129,66,W
55,65,224,129,68,W
53,64,218,134,68,W
53,64,214,134,68,W
51,62,208,136,70,W
51,62,204,136,70,W
51,59,198,140,72,W
51,59,196,140,72,W
49,57,188,144,74,W
47,54,182,148,76,W
47,54,178,150,79,W
45,51,172,156,80,W
45,51,170,158,80,W
43,49,162,162,84,W
43,49,160,165,84,W
40,47,154,168,86,W
39,45,150,173,88,W
37,43,143,178,90,W
37,43,140,180,90,W
35,42,134,184,92,W
35,39,128,190,94,W
33,37,123,193,94,W
31,36,118,198,94,W+A
31,35,140,180,94,W+A
29,36,298,166,94,W+A
29,37,298,156,94,W+A
29,40,298,146,94,W+A
29,39,292,138,94,W+A
28,44,286,130,94,W+A
31,48,278,122,94,W+A
31,49,272,117,94,W+A
31,58,266,112,94,W+A
33,63,254,106,93,W+A
35,72,240,102,94,W
37,76,233,100,91,W
39,80,229,98,88,W
41,82,224,96,88,W
43,88,218,94,84,W
43,90,214,94,84,W
45,92,210,94,82,W
45,96,204,92,82,W
49,260,198,90,80,W
49,256,194,88,78,W
51,250,188,88,78,W
53,246,182,86,76,W
56,242,178,86,74,W
56,236,175,84,74,W
58,230,168,82,72,W
59,224,164,80,70,W
61,220,160,80,70,W+D
61,219,160,80,68,W+D
61,222,163,83,66,W+D
61,224,162,84,66,W+D
63,225,158,84,66,W+D
62,228,154,86,66,W+D
61,227,152,90,68,W+D
61,229,148,92,68,W+D
61,230,146,95,68,W+D
61,229,143,99,70,W+D
61,230,140,102,70,W+D
59,228,138,104,72,W+D
59,225,137,108,75,W+D
59,221,136,110,76,W
55,217,132,108,76,W
56,213,126,105,78,W
56,210,120,102,78,W
59,205,117,100,78,W
59,201,110,96,81,W
61,197,107,92,81,W
63,191,100,88,81,W
68,187,98,84,81,W
223,181,90,80,81,W
221,173,86,75,81,W
217,169,80,72,81,W+D
220,169,78,66,80,W+D
227,169,76,62,80,W+D
237,169,74,58,78,W+D
243,169,72,54,74,W+D
247,167,70,52,68,W+D
255,165,68,48,60,W+D
263,164,68,46,56,W+D
271,163,66,42,50,W+D
282,161,63,40,46,W+D
297,159,63,38,42,W+D
297,157,65,36,40,W+D
297,155,65,33,36,W+D
297,153,64,32,32,W+D
297,153,65,30,30,W+D
297,150,67,30,29,W+D
297,151,67,27,26,W+D
297,149,69,28,25,W+D
297,147,73,28,24,W+D
297,146,73,26,22,W+D
297,147,77,27,22,W+D
159,149,77,26,22,W+D
146,149,78,27,22,W+D
135,149,79,30,22,W+D
131,152,75,29,22,W+D
127,156,75,30,22,W+D
123,163,75,31,22,W+D
121,173,73,33,22,W+D
120,193,71,34,24,W+D
120,205,67,35,26,W+D
117,221,67,37,26,W+D
118,239,63,36,26,W+D
115,275,63,37,28,W+D
116,297,59,35,28,W+D
114,297,59,35,30,W+D
113,297,55,33,30,W+D
113,297,53,33,30,W+D
112,298,53,32,30,W+D
114,297,49,29,27,W+D
112,297,49,27,26,W+D
114,297,47,25,26,W+D
114,297,45,23,24,W+D
114,297,45,21,21,W+D
111,286,49,20,21,W+D
112,215,49,19,20,W+D
112,189,51,17,17,W+D
114,175,55,17,15,W+D
114,161,69,17,13,W+D
114,151,125,15,13,W+D
116,141,159,15,13,W+D
116,134,297,17,13,W+D
116,128,297,17,11,W+D
118,122,298,16,12,W+D
276,116,297,21,13,W
112,116,297,21,13,W
108,114,297,23,13,W
106,114,297,23,15,W
102,111,297,26,15,W
100,111,297,29,17,W
98,111,297,29,17,W+D
96,106,297,41,19,W+D
98,101,295,45,19,W+D
96,96,279,53,23,W
94,94,273,54,25,W
91,92,270,57,29,W
89,90,263,59,31,W
84,90,259,60,33,W
82,87,253,62,35,W
80,86,249,65,35,W
78,86,245,67,37,W
76,84,239,67,37,W
76,84,235,69,39,W
74,81,229,71,39,W
72,80,223,75,41,W
70,80,219,77,41,W
68,80,213,79,43,W
68,80,209,80,43,W
66,78,203,83,44,W
64,80,199,85,46,W
64,80,195,86,46,W
62,81,189,89,49,W
62,81,185,89,49,W
60,84,180,91,50,W
60,84,173,95,53,W
58,84,169,99,53,W
58,84,163,103,55,W
58,81,159,107,55,W
56,80,153,115,57,W
56,80,149,281,59,W
56,78,145,275,59,W
58,78,139,265,61,W
58,78,133,259,61,W
58,74,130,251,63,W
58,74,123,245,63,W
58,72,119,237,65,W+A
58,72,117,243,65,W+A
60,74,117,250,65,W+A
60,73,117,261,65,W+A
60,74,118,271,66,W+A
60,72,119,283,65,W+A
60,71,117,297,65,W+A
60,72,119,297,65,W+A
62,72,119,297,65,W+A
62,71,121,297,63,W+A
60,72,121,297,63,W+A
60,71,125,89,63,W+A
62,70,127,81,61,W+A
60,69,129,77,62,W+A
62,69,133,73,61,A
60,71,141,67,63,A
60,73,153,65,63,A
62,77,165,63,66,A
60,79,177,61,70,A
61,82,193,60,71,A
62,85,211,59,75,W
62,83,207,57,72,W
62,81,201,55,66,W
62,81,195,51,60,W
63,81,191,49,55,W
62,79,185,49,54,W
62,77,181,47,48,W
62,77,177,45,46,W
62,73,171,47,42,W
62,73,165,49,39,W
62,71,161,51,38,W
60,69,155,57,36,W
60,67,150,61,34,W
58,65,145,71,34,W
58,65,141,77,34,W
58,63,135,89,34,W
55,61,131,109,36,W
54,59,125,297,38,W
54,57,121,297,38,W
51,53,115,295,42,W
50,53,111,289,42,W
50,51,107,285,43,W+A
48,51,111,285,45,W+A
46,49,117,283,46,W+A
43,49,127,283,48,W+A
41,49,135,283,48,W+A
42,49,149,283,50,W+A
39,51,167,107,50,W+A
39,51,185,95,49,W+A
40,53,197,89,50,W+A
39,55,203,85,50,W+A
40,57,207,80,50,W+A
41,61,211,73,50,W+A
41,65,211,70,50,W+A
43,71,211,66,50,W+A
46,77,212,64,50,W+A
47,84,209,60,48,W+A
49,93,209,56,48,W+A
51,103,207,53,48,W+A
55,115,207,52,46,W+A
58,129,207,48,44,W+A
62,139,205,44,44,W+A
67,147,205,42,43,W+A
73,150,205,38,40,W+A
77,153,205,36,40,W+A
85,155,206,32,36,W+A
91,155,208,30,34,W+A
101,155,209,26,30,W+A
109,153,211,24,28,W+A
116,153,215,22,26,W+A
125,152,218,18,21,W+A
128,151,225,18,19,W+A
133,149,229,16,17,W+A
137,149,237,14,12,W+A
137,149,247,14,10,W+A
137,149,256,12,10,W
139,147,250,12,10,W
137,144,246,16,10,W
137,141,240,14,10,W
137,139,236,16,12,W
137,137,230,16,12,W
135,133,226,20,12,W
133,131,220,20,12,W
131,129,216,25,14,W
131,127,210,25,14,W
129,123,206,29,16,W
129,121,200,30,16,W
125,117,194,34,18,W
125,116,190,36,18,W
123,111,186,40,20,W
121,109,180,44,22,W
117,107,176,48,22,W
115,105,170,52,24,W
113,101,164,59,26,W
111,99,160,62,28,W
107,95,156,70,30,W
107,93,150,78,32,W
103,89,146,90,34,W
101,88,140,98,34,W
97,83,134,110,36,W
95,82,130,117,38,W+A
89,80,136,104,40,W+A
85,77,141,96,40,W+A
81,75,146,90,40,W+A
75,75,156,84,42,W+A
73,75,168,80,42,W+A
71,74,183,75,42,W+A
67,75,206,70,44,W+A
67,76,250,66,44,W+A
65,77,298,64,44,W+A
64,78,298,60,44,W+A
63,81,298,56,42,W+A
63,84,298,54,42,W+A
63,88,298,50,42,W+A
63,92,298,49,40,W+A
63,98,298,44,40,W
65,100,298,42,38,W
65,100,298,40,36,W
67,102,298,36,33,W
67,102,298,36,32,W
67,102,298,34,32,W
69,104,298,32,28,W
69,104,298,30,26,W
69,104,298,28,26,W
69,106,298,26,24,W
69,106,298,26,22,W
71,110,293,22,20,W
71,110,288,22,20,W
71,112,282,22,18,W
71,112,278,20,18,W
71,116,274,20,16,W
71,116,268,18,16,W
71,116,262,18,14,W
73,118,258,16,14,W
73,118,252,16,14,W
73,118,248,16,12,W
73,122,244,14,12,W
73,122,238,14,12,W
75,124,233,14,12,W
75,126,229,16,12,W
75,256,222,16,12,W
77,252,218,18,12,W
77,248,214,20,12,W
79,244,208,20,12,W
79,240,203,26,14,W
79,234,198,28,16,W
82,230,192,32,16,W
82,226,188,34,18,W
82,222,184,36,20,W
82,216,178,40,20,W
83,212,172,42,22,W
83,206,168,44,24,W
83,202,162,48,24,W
86,196,158,48,26,W
86,192,154,50,28,W
88,186,148,52,28,W
88,182,142,54,32,W
91,176,138,54,32,W
93,170,132,56,33,W+D
93,170,128,62,34,W+D
93,169,126,66,36,W+D
93,170,122,74,40,W+D
93,169,118,80,42,W+D
94,170,116,84,46,W+D
93,169,112,90,48,W+D
93,171,108,90,52,W+D
93,172,106,93,56,W+D
92,171,104,90,60,W+D
93,170,100,86,64,W+D
93,169,96,83,68,W+D
93,170,93,81,72,W+D
91,167,92,76,76,W+D
93,165,90,72,78,W+D
93,163,88,70,78,W+D
91,161,86,66,76,W+D
91,160,83,62,74,W+D
91,159,81,60,71,W+D
91,157,80,58,67,W+D
91,158,79,54,62,W+D
91,157,77,52,58,W+D
91,155,78,50,56,W+D
91,155,78,46,50,W+D
89,157,77,45,49,W+D
91,157,75,44,44,W+D
89,157,77,41,42,W+D
89,159,77,40,40,W+D
89,160,79,40,38,W+D
91,163,78,38,37,W+D
89,167,77,38,34,W+D
89,171,77,36,32,W+D
89,177,78,36,32,W+D
89,185,77,37,32,W+D
89,193,75,38,32,W+D
88,199,74,37,30,W+D
89,207,71,38,30,W+D
89,217,67,37,30,W+D
89,223,65,37,30,W+D
88,231,63,37,30,W+D
88,239,63,37,28,W+D
87,251,59,36,30,W+D
88,267,59,37,30,W+D
87,287,59,33,30,W+D
87,297,59,31,29,W+D
87,297,61,31,30,W+D
87,297,59,27,28,W+D
88,297,61,27,26,W+D
88,297,63,25,24,W+D
85,297,65,25,24,W+D
85,298,73,24,21,W+D
84,297,80,25,21,W+D
86,297,85,23,19,W+D
83,263,98,23,20,W+D
84,231,113,23,18,W+D
84,205,125,25,17,W+D
82,185,136,27,18,W+D
81,171,147,27,20,W+D
82,157,159,31,19,W+D
80,144,177,33,21,W+D
80,137,197,39,21,W+D
78,127,231,41,23,W+D
78,121,287,47,25,W+D
76,113,297,55,27,W+D
76,108,297,61,31,W+D
74,102,298,70,34,W+D
32,43,142,68,62,W
32,43,136,71,62,W
32,43,132,287,56,W
32,43,126,282,54,W
32,41,122,272,54,W
32,39,116,266,52,W
32,39,112,258,50,W
30,39,106,249,50,W
30,36,102,242,50,W
30,36,96,235,50,W
30,35,92,228,50,W
28,33,86,219,52,W
28,33,82,214,54,W
28,31,76,204,58,W
26,29,72,198,64,W
26,29,66,190,72,W
24,25,62,181,82,W
22,25,56,174,106,W
22,22,52,166,208,W
20,21,46,157,298,A
19,21,51,169,134,A
19,23,55,182,98,A
19,23,61,196,86,A
19,23,69,216,78,A
19,23,77,236,74,A
19,25,85,264,72,A
19,27,93,298,68,A
19,27,104,298,66,A
19,29,111,298,65,A
19,31,119,298,64,A
18,33,125,298,64,A
19,37,133,298,64,A
19,39,142,298,66,A
21,43,150,298,67,A
21,46,157,298,69,A
21,51,169,134,72,W
23,55,166,172,67,W
26,59,160,200,64,W
29,59,154,222,60,W
31,61,150,268,60,W
33,61,145,298,60,W
35,61,140,298,60,W
37,63,136,298,60,W
37,61,132,298,63,W
38,61,126,298,64,W
41,61,120,298,64,W
41,61,116,298,67,W
41,59,109,298,70,W
43,59,105,298,72,W
43,57,101,298,76,W
43,53,96,298,80,W
43,51,89,298,84,W
43,49,85,298,88,A
43,49,94,298,84,A
43,51,99,298,83,A
45,51,110,284,78,A
43,53,120,222,78,A
44,53,136,186,76,A
45,56,154,166,74,A
44,57,176,151,75,A
45,59,208,138,72,A
47,61,260,126,74,A
46,65,298,114,74,A
47,68,298,106,74,A
47,71,298,100,76,A
49,75,298,94,78,A
33,47,151,63,60,W+A
33,47,159,62,60,W+A
33,51,165,58,60,W+A
35,54,171,54,60,W+A
35,57,176,52,54,W+A
37,61,179,50,52,W+A
39,67,180,46,50,W+A
41,73,182,42,47,W+A
43,77,182,40,44,W+A
47,85,184,38,42,W+A
49,89,187,36,40,W+A
51,95,189,34,37,W+A
55,101,193,32,34,W+A
59,109,198,30,31,W+A
63,114,205,28,26,W+A
67,119,214,28,24,W+A
71,121,224,26,22,W+A
75,125,235,24,20,W+A
80,125,252,22,18,W
83,123,247,24,16,W
85,121,241,26,16,W
86,119,235,26,16,W
89,117,232,30,16,W
89,115,226,34,18,W
91,111,222,45,18,W
91,111,217,50,18,W
93,107,211,56,22,W
95,105,206,68,25,W
95,103,202,82,26,W
95,101,198,92,28,W
95,99,192,104,31,W
95,95,185,112,34,W
95,93,180,118,36,W
93,91,178,126,38,W
91,88,172,137,40,W
89,85,166,150,44,W
89,83,161,160,46,W
85,82,158,174,50,W
83,77,152,194,54,W
80,75,146,212,58,W
79,73,142,223,60,W
77,71,136,232,64,W
73,67,131,242,66,W
71,65,125,246,70,W
69,63,122,252,72,W
67,61,116,256,75,W
62,57,111,260,78,W
62,57,107,262,80,W
59,53,102,266,82,W+A
55,51,106,244,82,W+A
51,51,114,225,83,W+A
49,49,124,206,84,W+A
44,49,137,190,84,W+A
45,49,162,173,82,W+A
41,49,298,160,82,W+A
39,49,298,148,82,W+A
41,52,296,138,82,W+A
39,53,288,130,82,W+A
39,55,280,122,82,W+A
40,60,272,114,82,W+A
41,63,266,109,82,W
41,63,260,110,82,W
43,66,256,109,80,W
43,66,250,109,80,W
43,66,246,109,80,W
43,66,240,109,80,W
43,70,236,109,80,W
45,70,230,109,80,W
45,70,226,109,80,W
45,70,220,109,80,W
45,72,216,109,78,W
47,72,210,109,78,W
47,72,206,109,78,W
47,73,200,109,78,W
47,75,196,104,78,W
47,77,190,104,78,W
49,247,186,104,78,W
49,244,180,102,78,W
49,240,176,100,78,W
49,233,170,100,78,W
51,228,166,100,78,W
51,223,160,97,76,W
51,216,156,97,78,W
51,210,150,94,78,W
53,206,146,94,78,W
53,198,140,92,76,W
55,194,136,90,76,W
59,186,130,88,76,W
61,182,126,88,76,W+D
62,181,122,89,76,W+D
65,184,118,88,74,W+D
65,186,114,88,72,W+D
65,186,110,90,72,W+D
67,187,108,90,72,W+D
69,190,104,90,72,W+D
67,192,102,90,74,W+D
69,192,100,88,75,W+D
71,194,98,84,74,W+D
71,193,96,80,76,W+D
71,191,94,76,78,W+D
73,191,92,70,76,W+D
75,189,92,68,76,W+D
77,187,89,64,76,W+D
77,185,89,62,76,W+D
77,182,88,60,70,W+D
79,179,89,56,67,W+D
81,177,89,54,63,W+D
85,175,92,52,58,W+D
85,173,92,51,54,W+D
93,171,91,48,50,W+D
89,169,95,48,48,W+D
97,167,95,48,44,W+D
93,167,99,46,43,W+D
93,167,102,45,42,W+D
93,165,105,46,40,W+D
92,165,105,46,41,W+D
93,165,107,46,38,W+D
93,165,105,48,38,W+D
93,169,105,48,38,W+D
96,171,104,50,38,W+D
95,174,101,50,38,W+D
95,182,99,53,38,W+D
93,197,99,55,40,W+D
93,203,94,57,40,W+D
93,211,93,59,40,W+D
93,223,89,59,41,W+D
95,237,87,59,42,W+D
93,259,85,60,44,W+D
95,285,81,60,45,W+D
93,297,79,58,48,W+D
93,297,79,57,48,W+D
94,297,77,55,50,W+D
94,297,75,53,49,W+D
93,297,72,49,50,W+D
92,298,73,48,50,W+D
93,297,71,45,48,W+D
94,297,71,43,45,W+D
94,297,73,41,43,W+D
92,297,75,39,41,W+D
94,283,77,37,39,W+D
93,202,85,35,36,W+D
92,173,111,35,34,W+D
93,157,119,33,31,W+D
94,146,133,33,29,W+D
94,137,155,33,28,W
91,137,151,31,28,W
91,141,143,31,25,W
89,143,139,29,25,W
89,145,135,27,24,W
88,147,131,27,24,W
89,153,123,25,21,W
89,157,119,25,21,W+D
88,143,149,27,19,W+D
90,133,191,27,19,W
90,138,185,27,19,W
87,138,191,29,19,W
87,140,185,29,19,W
87,147,179,30,19,W
87,153,167,30,19,W
87,157,173,30,21,W
87,162,167,29,21,W
87,167,159,29,23,W
90,172,147,27,23,W
90,172,141,25,21,W
90,172,147,25,21,W
90,173,141,25,21,W
90,176,127,23,19,W+D
90,166,283,25,19,W+D
90,155,271,25,19,W+D
90,147,260,25,18,W+D
90,138,247,29,19,W+D
90,130,237,31,19,W
88,130,231,31,21,W
88,132,227,31,21,W
88,130,221,34,21,W
88,130,217,34,21,W
86,130,211,37,23,W
86,130,207,37,23,W
86,128,201,39,23,W
86,128,197,39,25,W
86,125,191,39,25,W
86,125,187,39,25,W
88,124,182,41,27,W
88,121,176,41,27,W
90,120,171,43,27,W
92,118,165,44,27,W
92,116,161,47,29,W
92,113,157,47,29,W
92,112,151,49,29,W
94,110,147,51,29,W
94,107,141,55,31,W
94,106,137,59,31,W
94,102,131,69,33,W
92,98,125,236,33,W
92,96,121,228,35,W
92,91,115,221,35,W
92,89,111,213,37,W+A
90,87,109,219,37,W+A
90,84,108,227,38,W+A
88,81,107,237,39,W+A
84,78,103,247,39,W+A
81,75,103,260,39,W+A
80,74,103,275,40,W+A
78,71,101,291,39,W+A
74,69,99,297,40,W+A
72,68,101,297,39,W+A
68,65,101,297,39,W+A
65,63,103,297,39,W+A
62,61,103,297,39,W+A
60,59,103,297,39,W+A
58,57,107,297,40,W+A
56,57,109,297,40,W+A
54,57,115,297,39,W+A
51,56,118,298,40,W+A
50,55,125,115,39,W+A
49,55,133,97,40,W+A
50,55,143,89,40,W
47,55,137,97,41,W
46,53,133,109,43,W
46,51,127,127,43,W
46,49,123,297,46,W
43,47,117,291,48,W
43,45,113,287,50,W
41,43,107,283,52,W
40,43,103,279,53,W+A
37,41,110,277,54,W+A
37,41,119,277,56,W+A
36,43,133,279,54,W+A
35,43,147,279,56,W+A
35,43,167,279,56,W+A
33,44,181,282,56,W+A
35,47,191,283,56,W+A
33,51,197,95,56,W+A
35,51,199,92,56,W+A
37,57,201,83,56,W+A
37,61,203,79,56,W+A
38,65,202,75,56,W+A
41,72,203,70,56,W+A
43,81,203,66,54,W+A
45,91,201,62,54,W+A
49,103,201,60,54,W+A
51,115,199,58,52,W+A
55,127,199,54,50,W+A
59,135,199,50,50,W+A
65,141,199,48,48,W+A
69,145,199,43,46,W+A
75,145,201,42,44,W+A
83,147,202,38,42,W+A
91,147,204,36,40,W+A
98,147,207,34,38,W+A
107,147,210,32,34,W
111,145,206,34,31,W
113,141,199,36,28,W
115,139,196,38,24,W
116,135,190,46,22,W
119,133,186,52,24,W
121,129,179,64,24,W
121,127,175,70,26,W
121,123,169,86,28,W
123,121,166,104,31,W
123,117,162,126,31,W
121,115,155,298,34,W+A
121,112,156,144,36,W+A
119,109,160,106,36,W+A
115,107,164,96,38,W+A
111,105,166,88,38,W+A
109,103,172,82,40,W+A
105,103,178,76,40,W+A
103,102,183,72,40,W+A
99,101,194,68,40,W+A
97,102,208,64,40,W+A
95,101,222,63,41,W+A
93,101,240,58,40,W+A
91,104,264,54,41,W+A
89,105,298,53,40,W+A
87,107,298,50,40,W+A
87,109,298,46,40,W+A
88,113,298,45,38,W+A
87,117,298,43,38,W+A
87,124,298,38,36,W
87,124,298,38,34,W
87,124,298,34,32,W
89,124,298,34,30,W
87,124,298,32,30,W
89,124,298,30,28,W
87,121,298,30,26,W
89,121,298,28,24,W
87,120,298,28,24,W
89,121,298,27,22,W
87,120,298,27,22,W
89,120,298,24,20,W
87,118,298,24,20,W
87,118,298,22,20,W
87,118,298,22,18,W
87,116,298,22,18,W
87,116,298,20,16,W
85,113,298,20,16,W
87,113,298,18,14,W
85,113,298,18,14,W
85,113,298,17,14,W
85,113,298,17,12,W
85,112,298,17,12,W
85,112,298,14,12,W
85,110,298,14,12,W
85,110,298,12,10,W
83,110,298,12,10,W
83,110,298,12,8,W
81,107,298,12,8,W
81,107,294,10,8,W
81,107,288,10,8,W
81,110,284,10,8,W
79,107,278,10,8,W
79,110,274,10,8,W
79,107,268,10,8,W
79,110,264,10,8,W
77,107,258,12,8,W
79,107,254,12,8,W
77,107,248,12,8,W
77,107,244,12,8,W
77,106,238,17,10,W
77,106,234,17,10,W
77,107,228,20,10,W
75,106,224,22,12,W
75,107,218,30,12,W
75,107,214,38,16,W
77,110,208,42,16,W
75,113,204,50,20,W
77,232,198,54,22,W
75,228,194,60,24,W
77,226,188,66,26,W
75,221,183,71,30,W
77,218,179,74,30,W
75,214,175,76,34,W
75,210,168,81,36,W
75,206,164,84,38,W
75,199,158,86,40,W
75,196,154,88,42,W
75,192,148,90,44,W
75,186,144,92,46,W
75,182,138,92,48,W
75,175,134,95,50,W
77,170,128,95,52,W+D
77,169,126,100,56,W+D
78,170,122,104,58,W+D
77,167,118,106,62,W+D
77,167,114,106,66,W+D
77,167,110,102,70,W+D
79,166,108,99,74,W+D
77,164,104,96,80,W+D
79,161,100,90,84,W+D
79,160,98,88,86,W+D
79,157,96,82,90,W+D
79,155,93,79,90,W+D
81,151,90,74,90,W+D
83,149,87,70,88,W+D
83,147,86,66,83,W+D
85,145,84,64,78,W+D
84,145,84,62,74,W+D
87,144,81,58,69,W+D
87,143,79,56,67,W+D
87,141,80,54,63,W+D
87,141,80,50,56,W+D
89,141,77,47,54,W+D
93,139,75,46,50,W+D
89,141,75,43,46,W+D
33,47,151,63,60,W+A
33,47,159,62,60,W+A
33,51,165,58,60,W+A
35,54,171,54,60,W+A
35,57,176,52,54,W+A
37,61,179,50,52,W+A
39,67,180,46,50,W+A
41,73,182,42,47,W+A
43,77,182,40,44,W+A
47,85,184,38,42,W+A
49,89,187,36,40,W+A
51,95,189,34,37,W+A
55,101,193,32,34,W+A
59,109,198,30,31,W+A
63,114,205,28,26,W+A
67,119,214,28,24,W+A
71,121,224,26,22,W+A
75,125,235,24,20,W+A
80,125,252,22,18,W+A
85,127,270,22,18,W
87,125,266,20,16,W
89,123,260,22,16,W
91,121,256,25,16,W
93,119,250,29,16,W
93,116,246,32,16,W
95,114,240,40,18,W
97,111,236,44,18,W
97,109,230,50,20,W
97,107,226,57,22,W
99,105,220,66,24,W
99,103,216,74,26,W
99,101,210,87,28,W
97,99,206,94,32,W
95,97,200,100,34,W
95,95,196,102,36,W
93,91,190,110,38,W
91,89,186,114,40,W
89,88,180,124,44,W
87,86,176,132,46,W
85,82,170,145,50,W
83,79,166,152,52,W
81,77,160,164,56,W
79,75,156,175,58,W
77,73,150,186,62,W
73,71,146,198,64,W+A
69,69,157,172,65,W+A
67,70,173,154,66,W+A
65,69,195,139,66,W+A
32,43,136,71,62,A
31,45,149,66,62,A
31,47,161,62,62,A
31,49,175,60,62,A
31,53,185,60,62,A
32,55,195,58,64,A
33,61,204,55,64,A
33,67,210,56,66,A
33,71,217,56,66,A
35,77,225,54,68,A
35,85,233,54,70,A
36,92,243,56,72,A
39,103,254,56,76,A
39,113,265,56,78,W
43,117,261,52,74,W
47,119,258,48,71,W
51,121,251,44,66,W
52,123,245,40,63,W
57,123,242,36,59,W
59,125,235,32,54,W
61,125,232,28,49,W
65,125,225,24,38,W
66,125,221,20,30,W
69,125,218,18,24,W
71,125,211,14,20,W
73,125,206,12,14,W
75,123,201,10,10,W
77,123,196,8,9,W
79,121,191,8,6,W
81,119,186,8,6,W
83,119,181,12,6,W
83,117,178,14,9,W
85,115,171,22,9,W
85,113,166,298,10,W
87,111,161,298,12,W
87,109,156,298,17,W
87,105,152,298,18,W
88,103,145,298,24,W
88,99,142,298,28,W
88,95,135,298,32,W
88,93,132,298,38,W
88,89,127,298,42,W
88,87,121,298,49,W
87,83,116,298,52,W
87,79,112,298,59,W
85,75,105,298,64,A
84,77,111,298,60,A
84,76,118,298,59,A
83,77,126,298,55,A
83,77,134,298,52,A
83,80,146,232,53,A
80,79,158,170,50,A
79,82,172,138,48,A
79,83,192,121,48,A
77,85,218,110,47,A
76,87,252,100,46,A
77,89,298,90,46,A
77,93,298,82,46,A
75,98,298,75,45,W
75,95,298,76,45,W
75,95,298,78,46,W
75,95,298,80,46,W
75,93,298,82,48,W
73,92,298,84,48,W
73,92,298,86,50,W
73,90,298,86,50,W
71,90,298,86,52,W
71,87,298,88,54,W
69,85,298,88,54,W
69,85,298,90,56,W
69,83,298,90,56,W
67,83,298,93,58,W
67,83,298,94,58,W
65,80,298,99,60,W
65,80,298,100,60,W
65,77,298,102,60,W
63,77,298,104,62,W
63,77,298,106,62,W
63,75,298,108,62,W
61,74,294,112,62,W
61,74,290,114,64,W
59,74,286,114,64,W
59,72,280,117,64,W
59,72,274,118,66,W
57,69,270,122,66,W
57,68,264,124,68,W
55,68,260,126,68,W
55,68,254,128,70,W
55,65,250,130,70,W
53,65,244,130,72,W
53,63,240,130,72,W
50,63,236,132,74,W
50,63,229,132,74,W
50,61,224,132,76,W
49,59,220,132,76,W
49,59,214,132,78,W
49,57,210,132,80,W
46,57,204,132,80,W
44,55,200,134,82,W
43,54,196,134,84,W
43,54,190,134,84,W
43,54,185,132,86,W
41,51,180,132,89,W
41,51,174,130,89,W
39,54,170,130,91,W
39,57,164,128,91,W
39,65,160,128,92,W
37,219,154,126,92,W
37,216,150,126,94,W
37,213,146,124,94,W
35,210,140,122,94,W
37,204,134,120,94,W
39,199,130,118,94,W
41,195,124,114,94,W
43,189,120,114,94,W+D
45,187,116,110,94,W+D
45,187,114,109,94,D
43,189,116,108,96,D
43,191,120,106,96,D
43,193,124,106,96,D
41,191,126,104,98,D
42,191,130,104,99,D
43,191,136,104,100,D
43,191,142,104,103,D
43,191,145,104,102,D
43,190,152,106,104,D
43,191,159,106,104,D
44,193,166,108,106,D
47,51,172,108,108,D
51,49,179,110,108,D
55,47,184,112,108,D
59,45,187,114,109,D
67,43,189,116,108,D
73,43,191,120,106,W
61,41,187,117,105,W
53,39,181,115,105,W
41,39,176,114,102,W
37,39,171,112,102,W
35,191,167,110,100,W
31,184,162,107,100,W
27,179,157,106,98,W
27,172,151,104,96,W
27,167,145,102,96,W
27,160,141,100,96,D
27,167,141,104,94,D
27,175,141,104,94,D
27,187,143,107,92,D
27,193,141,111,92,D
27,201,141,113,92,D
29,209,143,117,92,D
28,220,142,122,92,D
31,232,143,125,92,D
31,249,143,127,92,D
33,267,145,131,94,D
35,39,147,136,93,D
41,33,148,138,96,D
47,31,153,139,96,D
297,29,155,141,98,D
298,27,160,141,100,D
297,27,167,141,104,D
297,27,175,141,104,D
275,27,187,143,107,W
284,25,181,139,110,W
291,21,175,136,111,W
28,21,171,132,114,W
18,21,166,127,116,W
15,27,159,123,117,W
15,37,154,119,120,W
15,297,151,115,122,W
18,297,145,111,122,W
19,297,141,109,122,W
24,297,135,103,123,W
25,297,129,99,123,W
30,297,125,95,122,W
33,297,121,91,122,W
37,297,117,88,122,W
43,297,109,82,117,W
48,297,104,79,116,W
51,297,101,75,114,W
57,297,97,71,111,S
51,297,101,75,114,S
48,297,104,79,116,D
46,297,111,78,114,D
44,297,115,77,110,D
42,297,119,77,105,D
40,298,125,78,102,D
39,285,133,79,99,D
40,259,141,79,95,D
38,115,151,79,92,D
37,91,163,81,90,D
36,77,179,81,87,D
36,67,199,85,85,D
38,61,221,87,83,D
36,57,267,89,81,D
36,54,297,95,80,W
36,55,297,95,78,W
36,59,297,93,75,W
36,62,297,89,73,W
38,67,297,87,71,W
40,72,297,85,69,W
40,73,297,83,69,W
40,77,297,81,67,W
41,80,297,79,67,W
43,85,297,77,67,W
43,91,297,77,67,W
46,111,297,75,67,W
46,119,297,72,67,W
48,128,297,71,67,W
50,135,297,69,65,W
50,137,297,67,63,W
52,141,297,64,61,W
54,144,293,63,60,W
56,146,289,61,57,W
56,146,283,61,57,W
58,147,279,59,55,W
60,147,273,57,53,W
63,147,269,57,51,W
66,147,263,55,51,W
70,147,259,53,49,D
66,141,249,55,47,D
66,136,239,57,47,D
64,128,231,59,47,D
64,121,223,61,47,D
64,116,215,63,47,D
64,108,208,67,46,D
62,104,201,71,47,W
64,104,197,71,47,W
62,101,191,71,47,W
64,104,187,71,49,W
64,101,181,71,49,W
66,101,177,72,49,W
66,99,171,75,49,W
68,99,167,77,49,W
70,99,161,77,49,W
70,97,157,77,49,W
70,96,151,83,51,W
72,93,147,83,51,W
72,92,141,89,51,W
74,89,137,95,51,W
74,87,131,269,51,W
74,85,127,261,53,W
74,84,121,252,53,W
74,81,117,244,53,W
72,77,111,237,55,W
72,75,107,228,55,W
72,73,101,220,55,W
72,70,97,211,57,A
72,71,100,229,56,A
70,72,103,249,55,A
70,73,107,268,55,A
68,73,113,292,55,A
68,75,117,297,55,A
68,77,123,297,56,A
68,77,129,77,55,A
68,80,137,71,57,A
68,81,143,67,59,A
70,83,153,65,59,A
70,86,161,63,61,A
68,88,171,59,63,A
70,91,185,59,65,W
70,89,177,57,62,W
70,87,173,55,60,W
70,85,169,53,55,W
70,83,163,53,52,W
70,83,159,51,50,W
70,80,153,49,47,W
70,78,146,51,46,W
68,75,143,53,43,W
68,73,137,55,41,W
68,72,133,61,40,W
66,69,127,75,37,W
66,67,123,297,36,W
63,63,117,297,36,W
62,63,113,297,36,W
60,59,107,297,36,W
60,57,103,297,37,W
58,55,97,297,40,W
56,51,93,297,41,W
53,49,87,297,46,W
52,47,83,295,47,W
50,45,77,289,52,W
46,43,73,285,55,D
48,41,69,279,57,D
50,41,65,269,61,D
52,41,61,255,64,D
52,42,59,237,68,D
54,42,55,209,74,D
56,42,53,181,80,D
59,41,51,157,89,D
64,41,49,139,101,A
59,41,51,157,89,A
56,42,53,181,80,A
54,42,55,209,74,A
52,42,59,237,68,A
52,41,61,255,64,A
50,41,65,269,61,A
48,41,69,279,57,A
46,43,73,285,55,A
45,43,79,289,53,A
46,43,84,295,51,A
44,46,91,298,50,A
43,45,101,297,50,A
44,47,111,297,48,A
43,47,125,127,48,A
41,49,139,101,48,A
41,51,157,89,46,W
41,49,151,93,48,W
41,49,147,101,48,W
39,47,141,109,50,W
39,47,137,116,50,W
39,45,131,295,52,W
37,45,127,290,52,W
35,41,121,286,54,W
35,41,117,279,56,W
35,39,111,275,58,W
33,39,107,271,58,W
33,37,101,265,62,W
31,35,97,261,62,W
31,32,91,257,64,W
29,32,87,251,66,W
27,31,81,247,70,W
27,28,77,241,72,W
25,27,71,237,74,A
25,27,83,241,72,A
25,29,95,247,72,A
23,29,115,254,70,A
25,31,139,261,68,A
24,33,159,268,68,A
23,35,173,275,68,A
25,35,185,286,68,A
25,39,193,296,68,A
25,41,201,101,68,A
26,43,208,92,70,A
25,47,215,85,70,A
25,52,219,81,70,A
25,57,225,78,72,A
27,65,231,76,74,A
27,71,237,74,76,A
27,83,241,72,79,A
29,95,247,72,80,W
33,103,243,68,78,W
35,111,238,66,72,W
39,119,233,64,70,W
41,123,229,62,68,W
43,127,224,60,64,W
47,131,217,57,61,W
51,133,213,56,58,W
53,133,207,54,54,W
55,133,203,54,52,W
59,133,199,52,50,W
62,133,194,50,48,W
65,133,187,54,44,W
67,133,183,66,43,W
69,131,177,298,43,W
71,127,173,298,40,W
75,127,169,298,38,W
76,125,163,298,36,W
81,123,157,298,36,W
81,121,153,298,38,W
83,116,148,296,40,W
87,113,143,286,43,W
89,111,139,278,46,W
90,109,134,268,52,W
90,105,127,260,57,W
93,103,123,252,62,W
93,99,118,242,68,A
95,99,121,264,64,A
95,99,126,289,60,A
95,101,129,298,58,A
97,101,133,298,56,A
97,101,138,298,56,A
97,101,143,298,54,A
97,103,150,298,52,A
97,104,156,298,50,W
97,100,150,298,55,W
97,98,146,298,55,W
97,96,142,298,59,W
97,92,136,298,59,W
94,90,132,298,62,W
94,88,126,298,65,W
91,84,122,298,66,W
91,80,116,298,69,W
89,78,112,298,72,W
87,74,105,298,74,W
83,72,102,298,79,W
80,68,95,298,80,W
79,64,92,298,84,W
74,60,85,298,86,W
73,58,81,298,89,W
67,54,75,298,93,W
65,52,71,298,96,W
63,48,65,298,100,W
57,44,61,298,103,A
57,45,66,298,100,A
55,45,70,298,96,A
51,45,72,298,95,A
51,45,78,298,93,A
49,45,82,298,90,A
49,47,90,225,88,A
47,47,98,190,88,A
47,49,107,168,86,A
45,49,120,150,86,A
45,51,136,138,87,A
44,54,154,128,86,A
45,55,178,118,88,A
45,58,210,113,88,A
45,58,250,109,90,A
44,61,298,103,92,A
45,66,298,100,92,A
45,70,298,96,94,A
45,72,298,95,98,A
45,78,298,93,100,W
47,78,298,90,98,W
47,80,298,86,93,W
49,80,298,86,90,W
49,81,298,84,86,W
51,81,298,80,84,W
51,84,298,80,82,W
51,84,298,78,80,W
53,84,298,76,76,W
53,86,298,75,74,W
53,86,298,72,72,W
55,86,298,70,70,W
55,86,298,69,68,W
55,87,298,69,66,W
55,87,298,66,62,W
57,87,298,64,62,W
57,87,298,64,60,W
57,90,298,62,58,W
57,90,298,60,56,W
59,90,298,60,54,W
59,90,298,58,51,W
59,90,298,56,50,W
61,90,298,54,47,W
61,90,298,52,44,W
61,92,298,50,42,W
61,92,298,49,42,W
63,92,298,49,40,W
63,92,298,46,40,W
63,92,298,46,38,W
63,92,298,44,38,W
63,92,298,42,36,W
63,92,298,40,34,W
63,92,298,38,32,W
63,92,298,36,32,W
63,92,298,36,30,W
63,92,298,34,28,W
65,92,298,32,26,W
65,92,296,32,26,W
65,94,290,31,26,W
65,94,286,31,24,W
65,96,280,31,24,W
65,98,274,28,22,W
65,99,271,28,22,W
65,99,264,28,22,W
65,99,260,28,20,W
65,102,256,28,20,W
65,102,250,28,20,W
65,102,246,28,20,W
65,102,240,31,20,W
65,102,236,31,20,W
65,104,230,34,20,W
67,104,224,36,20,W
67,105,220,40,22,W
67,107,214,44,22,W
69,114,210,49,22,W
69,234,206,52,24,W
69,229,200,54,26,W
69,226,196,58,28,W
69,222,190,62,30,W
71,217,186,64,32,W
71,214,181,69,34,W
71,208,174,72,34,W
71,204,170,75,36,W
71,198,164,76,38,W
71,196,160,78,40,W
73,190,156,78,42,W
73,185,150,78,42,W
75,180,146,80,44,W
75,175,140,80,44,W
77,170,134,82,47,W
82,164,131,84,50,W
197,158,124,84,50,W
197,154,120,84,51,W
195,148,116,84,51,W
193,142,110,84,54,W
193,136,106,82,54,W
191,130,100,82,56,D
193,136,102,84,56,D
197,140,102,88,58,D
201,145,102,90,58,D
206,150,104,93,60,D
213,157,106,94,60,D
89,164,106,96,62,D
85,169,108,96,62,D
85,173,110,99,64,D
85,178,112,98,66,D
87,179,114,98,68,D
87,182,116,98,70,D
89,183,120,98,74,D
93,185,124,98,76,D
97,187,126,100,78,D
101,191,130,100,82,D
107,193,136,102,84,D
111,197,140,102,88,W
106,193,135,98,90,W
101,187,130,96,92,W
93,182,124,92,95,W
91,178,120,88,95,W
85,171,116,86,95,W
81,167,110,84,95,W
77,161,106,80,92,W
75,157,102,76,90,W
73,151,96,72,88,W
77,145,89,70,86,W
257,141,86,66,82,D
77,145,87,66,80,D
74,148,92,66,79,D
75,155,96,66,76,D
77,159,99,66,74,D
79,164,104,68,73,D
86,171,109,68,72,D
93,179,113,70,70,D
107,187,119,70,70,D
127,196,123,72,68,D
153,205,127,74,68,D
203,217,129,76,66,D
297,229,131,78,66,W
283,221,127,76,66,W
227,215,123,74,66,W
159,207,117,72,64,W
131,201,114,70,64,W
89,193,107,70,64,W
73,185,101,66,62,W
65,177,97,64,60,W
65,169,93,64,59,W
67,163,88,62,59,W
71,153,82,58,57,D
69,165,83,60,56,D
65,177,87,60,54,D
65,191,87,62,54,D
67,203,91,63,54,D
72,214,94,64,54,D
297,227,97,66,54,D
297,239,99,70,54,D
297,255,105,70,54,D
297,273,109,74,54,D
260,295,113,74,54,D
225,297,119,77,54,D
205,297,127,80,56,D
192,297,135,79,56,W
199,297,128,77,57,W
205,297,125,75,60,W
211,297,119,71,60,W
217,297,115,70,60,W
227,297,109,67,62,W
65,297,105,65,62,W
55,297,99,60,62,W
55,297,95,57,62,W
55,293,89,56,62,W
55,279,85,53,60,W
57,270,79,49,60,W
71,257,75,47,56,W
81,247,71,44,52,W
93,235,65,42,50,D
83,265,69,41,47,D
77,297,73,41,46,D
69,297,79,41,46,D
63,297,87,43,43,D
59,297,93,43,44,D
60,297,103,45,42,D
60,298,115,46,41,D
62,291,125,47,42,D
62,235,139,49,40,W
59,245,133,49,40,W
59,255,129,47,40,W
59,263,123,45,40,W
66,277,117,43,37,W
70,285,113,43,37,W
74,291,109,41,35,W
78,297,103,39,35,W
81,297,98,39,34,W
86,297,93,37,34,W
89,297,88,35,31,D
86,275,97,37,31,D
84,239,104,37,31,D
80,209,113,39,31,D
78,187,125,40,31,D
76,167,137,43,32,D
74,153,153,45,31,D
74,141,175,49,31,D
72,131,201,51,31,D
72,122,241,54,31,D
70,114,297,59,31,D
70,107,297,65,33,W
70,110,297,65,35,W
72,107,297,65,35,W
72,110,297,66,37,W
72,110,297,69,39,W
74,110,297,69,39,W
74,110,297,69,41,W
74,110,297,69,43,W
76,110,297,66,43,W
76,110,297,66,45,W
76,110,297,65,45,W
76,110,297,65,47,W
76,110,297,63,47,W
76,110,297,61,49,W
78,110,297,61,49,W
78,110,297,59,47,W
78,110,297,57,47,W
78,107,297,57,47,W
78,110,297,55,45,W
78,107,297,55,45,W
78,107,297,52,43,W
78,107,297,51,43,W
78,107,297,51,41,W
78,107,297,49,41,W
78,107,297,47,39,W
78,105,297,47,39,W
78,105,297,47,37,W
78,105,297,43,37,W
78,103,297,43,37,W
78,103,297,43,35,W
78,102,297,43,35,W
78,102,297,39,33,W
76,102,297,39,33,W
78,102,297,39,31,W
76,102,297,39,31,W
76,102,297,37,31,W
76,99,297,37,31,W
76,99,297,34,29,W
76,98,297,34,29,W
76,98,297,33,27,W
74,98,297,33,27,W
74,95,297,33,27,W
74,95,297,33,25,W
74,94,297,31,25,W
74,94,297,29,23,W
74,94,291,29,23,W
74,94,287,27,23,W
72,91,281,27,23,W
72,91,277,25,21,W
72,89,271,25,21,W
72,89,267,25,19,W
70,88,261,25,19,W
70,88,257,23,19,W
70,85,251,23,19,W
70,85,247,23,17,W
68,83,241,23,17,W
68,83,237,21,17,W
68,81,231,21,17,W
68,81,227,21,17,W
66,80,221,21,17,W
66,80,217,21,15,W
64,78,211,21,15,W
64,78,207,21,15,W
64,76,201,21,15,W
62,73,197,21,15,W
62,73,193,21,15,W
62,71,186,25,15,W
60,71,181,247,15,W
60,70,175,243,17,W
60,70,171,239,17,W
58,67,167,233,19,W
58,66,161,227,21,W
56,63,157,221,27,W
56,62,151,217,33,W
54,62,147,209,41,W
54,59,141,203,49,A
52,62,155,211,45,A
51,63,159,219,41,A
52,67,161,227,39,A
52,69,161,233,37,A
52,71,161,237,37,A
52,75,165,237,35,A
52,80,167,235,34,A
52,86,169,231,33,A
54,91,171,225,31,A
53,95,175,221,31,A
56,105,181,219,31,A
55,113,185,215,30,A
58,122,190,68,30,A
58,131,197,57,30,A
59,141,203,49,30,A
62,155,211,45,30,A
63,159,219,41,30,A
67,161,227,39,32,W
69,157,221,41,30,W
73,153,217,41,28,W
77,151,211,43,28,W
81,146,207,43,28,W
83,143,201,49,30,W
87,139,197,56,28,W
91,137,191,181,30,W
93,133,187,179,30,W
97,129,181,174,32,W
99,127,177,171,32,W
101,123,171,167,34,W
105,121,167,163,34,W
107,115,161,159,38,W
109,113,157,155,40,W
113,109,151,151,48,W
115,107,147,149,238,W
115,103,141,146,232,W
117,101,137,141,222,A
121,101,141,141,244,A
123,101,145,141,268,A
120,101,147,143,63,A
115,103,149,146,54,A
111,105,148,148,50,A
109,107,149,151,50,A
107,108,147,153,48,A
105,111,145,159,46,A
103,113,145,163,46,A
102,117,144,170,46,A
101,119,143,178,46,A
101,123,141,186,46,W+A
99,125,135,188,46,W+A
99,129,130,192,45,W+A
101,131,127,198,44,W+A
99,131,122,206,44,W
101,127,115,194,44,A
101,128,118,214,44,A
101,129,119,238,44,A
103,127,119,276,44,A
103,127,121,298,44,A
107,123,125,298,46,A
107,123,128,298,48,W+A
111,117,125,298,46,W+A
115,111,123,298,44,W+A
118,106,123,298,42,W+A
123,101,123,298,40,W+A
123,95,124,96,41,W
120,91,118,298,38,W
120,87,113,298,38,A
119,87,120,128,38,W+A
113,83,123,92,38,W+A
107,79,124,87,36,W+A
99,78,130,79,37,W+A
91,75,138,75,36,W+A
85,73,146,70,36,W+A
79,72,160,68,37,W+A
75,71,182,64,36,A
73,72,228,56,36,A
71,73,296,53,36,A
69,76,298,50,38,A
69,79,298,48,38,A
68,81,298,45,40,A
67,84,298,43,40,W
67,84,298,43,38,W
67,84,298,43,34,W
65,84,298,40,34,W
65,84,298,40,32,W
63,81,298,43,32,W
63,84,298,40,30,W
63,81,298,40,30,W
61,81,298,40,30,W
61,80,298,43,30,W
61,81,298,40,30,W
61,80,298,43,30,W
59,80,298,43,30,W
59,80,298,44,30,W
57,80,298,44,30,W
59,80,298,44,30,W
57,80,298,46,30,W
57,80,298,48,32,W
57,80,298,50,32,W
57,80,298,52,34,W
57,81,298,52,34,W
57,81,298,55,34,W
57,81,298,56,34,W
55,81,298,58,36,W
57,84,298,58,36,W
57,84,298,63,38,W
55,84,298,63,38,W
57,84,298,63,38,W
57,84,298,67,40,W
57,84,298,70,42,W
57,85,298,70,42,W
57,85,298,74,44,W
59,87,298,74,44,W
59,87,298,76,44,W
59,87,298,76,46,W
59,87,298,80,48,W
59,89,298,80,48,W
59,87,298,82,48,W
59,87,298,84,50,W
59,87,298,86,50,W
61,89,298,86,50,W
61,87,298,88,52,W
61,87,298,90,52,W
61,87,296,92,54,W
61,87,292,92,54,W
61,87,286,94,56,W
61,87,282,97,56,W
61,85,276,98,58,W
63,87,272,98,58,W
61,85,266,100,58,W
61,85,262,100,60,W
63,85,258,100,60,W
63,84,252,104,62,W
61,84,246,104,62,W
61,84,242,106,64,W
63,84,238,106,64,W
61,84,232,109,64,W
61,81,226,109,66,W
61,80,222,112,68,W
61,80,218,110,68,W
61,80,212,112,68,W
61,77,206,112,70,W
59,77,202,114,70,W
61,77,198,114,70,W
59,75,192,116,72,W
59,73,186,116,72,W
59,72,182,116,74,W+A
57,76,190,110,72,W+A
57,78,202,105,72,W+A
59,80,210,99,72,W+A
58,82,220,94,72,W+A
60,86,232,88,72,W
60,86,225,88,72,W
60,86,220,88,70,W
60,86,216,86,70,W
61,86,210,86,70,W
60,84,205,84,70,W
61,84,200,83,68,W
61,82,196,83,68,W
61,82,190,83,68,W
61,82,186,83,66,W
61,80,180,83,66,W
61,80,176,83,63,W
61,78,170,84,63,W
61,76,166,86,63,W
60,73,160,88,63,W
60,73,156,88,60,W
60,72,150,94,60,W
60,70,146,96,58,W
57,67,141,106,60,W
57,67,136,110,58,W
57,65,132,124,58,W
55,64,126,298,58,W
55,62,121,298,58,W+A
53,62,124,299,58,W+A
51,60,128,122,60,W+A
54,61,134,106,58,W+A
51,62,138,100,58,W+A
51,64,146,91,57,W+A
52,64,154,86,58,W+A
51,66,164,82,56,W
49,64,158,84,56,W
51,64,154,84,56,W
49,62,149,88,56,W
49,60,146,92,53,W
49,58,138,98,53,W
48,58,135,102,53,W
48,56,128,110,56,W
48,54,125,120,56,W
45,52,118,132,56,W
44,50,113,152,56,W
44,50,110,172,56,W
44,48,106,298,58,W
41,46,98,298,58,W
40,44,95,298,59,W
40,42,88,298,62,W+A
38,40,92,298,62,W+A
36,40,98,192,64,W+A
34,40,106,156,62,W+A
34,40,117,134,62,W+A
31,40,128,122,63,W+A
31,41,152,112,63,W+A
32,42,172,106,63,W
32,42,170,106,63,W
32,40,162,112,63,W
32,40,158,114,63,W
30,38,152,120,63,W
30,38,150,122,63,W
28,36,142,128,65,W
28,36,140,132,65,W+A
27,37,150,123,65,W+A
28,36,168,114,65,W+A
28,38,188,106,65,W+A
28,42,212,100,65,W+A
28,44,236,92,65,W+A
30,49,266,87,63,W+A
32,53,298,83,63,W+A
32,59,298,80,63,W+A
36,67,298,75,63,W+A
38,76,298,71,62,W
38,79,298,70,62,W
40,79,298,70,60,W
42,82,298,68,58,W
44,84,298,68,58,W
46,84,298,68,56,W
48,84,298,65,54,W
48,86,298,65,54,W
50,86,298,64,52,W
52,89,298,64,52,W
54,89,298,64,50,W
56,89,298,61,48,W
58,89,298,61,48,W+A
60,94,298,58,47,W+A
62,100,298,56,45,W+A
64,108,298,52,45,W+A
66,117,298,48,43,W+A
68,126,174,45,43,W
70,126,174,43,41,W
72,130,164,41,39,W
74,130,160,39,37,W
74,130,156,39,35,W
76,130,152,37,35,W
78,132,144,35,32,W
78,134,140,33,31,W
80,134,136,33,28,W
80,136,128,31,27,W
82,136,124,29,25,W
82,136,120,27,25,W
84,136,116,27,23,W
84,138,110,25,21,W
87,138,106,23,21,W
87,138,106,21,19,W
89,138,94,19,17,W
89,140,89,19,17,W
89,140,86,19,15,W
90,140,78,17,13,W
92,140,74,15,13,W
92,140,70,13,13,W
92,140,66,13,11,W
94,142,58,11,9,W+D
94,134,106,12,9,W+D
94,126,298,12,9,W+D
92,120,298,12,9,W+D
92,114,298,14,9,W+D
92,108,298,16,10,W+D
92,104,292,18,11,W+D
92,100,250,20,11,W+D
92,96,218,24,13,W
90,95,212,30,15,W
87,93,206,33,17,W
85,88,202,36,17,W
85,88,200,38,19,W
84,86,192,43,21,W
80,83,186,46,23,W
78,80,182,52,23,W
78,80,180,53,25,W
76,78,174,58,27,W
74,76,168,63,29,W
72,73,163,70,31,W
70,70,157,73,33,W
68,68,155,80,33,W
66,66,148,83,35,W
64,64,142,92,37,W
62,63,136,99,39,W+A
60,63,150,89,39,W+A
56,60,166,85,41,W+A
56,60,192,79,42,W+A
54,63,298,75,41,W+A
52,63,298,71,43,W+A
52,66,298,65,41,W
50,64,298,68,43,W
50,63,298,72,43,W
48,63,298,73,43,W
48,60,298,75,45,W
48,60,298,78,45,W
48,60,298,82,45,W
46,58,298,85,45,W
46,58,298,101,47,W
46,58,298,108,47,W
46,58,298,114,47,W
44,56,298,118,49,W
44,54,298,120,51,W
44,54,298,121,51,W
42,54,298,123,51,W
42,53,298,123,53,W
40,50,298,128,55,W
40,50,298,128,57,W
40,50,294,128,57,W
40,48,290,128,59,W
38,47,284,128,63,W
38,47,280,128,67,W
38,47,274,128,71,W
38,47,270,128,73,W
36,47,266,128,75,W
36,44,260,128,77,W
34,44,256,128,79,W
34,42,250,125,83,W
34,42,245,123,83,W
32,40,240,125,85,W
32,40,234,123,86,W
32,40,230,123,86,W
32,38,224,121,86,W
30,38,220,120,86,W
30,37,214,120,89,W
28,37,210,118,89,W
28,37,204,118,89,W
28,37,200,115,89,W
28,37,194,114,89,W
26,37,190,114,91,W
26,37,186,111,91,W
26,38,180,109,89,W
26,42,176,108,89,W
26,44,170,105,89,W
26,48,165,104,89,W+D
26,49,164,105,87,W+D
26,48,166,105,89,W+D
26,45,166,108,88,W+D
26,44,168,108,87,W+D
26,42,170,110,89,W+D
26,40,178,109,89,W+D
26,38,186,111,90,W
26,40,181,107,90,W
26,42,176,105,90,W
26,44,170,104,90,W
26,46,166,102,90,W
28,49,162,99,90,W
28,52,156,98,88,W
30,54,152,94,88,W
30,58,146,92,88,W
32,62,142,90,85,W
32,66,134,86,85,W
34,70,131,81,83,W
36,75,124,80,83,W
36,78,120,76,82,W
38,82,116,74,79,W
40,86,110,70,77,W
42,93,106,66,77,W+D
42,82,112,64,73,W+D
43,80,123,60,69,W+D
42,76,298,60,67,W+D
44,72,292,56,61,W+D
44,68,278,56,59,W+D
44,64,262,56,55,W+D
43,62,248,54,51,W+D
43,58,231,54,50,W+D
44,54,214,56,48,W+D
42,52,191,58,46,W+D
41,48,166,62,44,W+D
42,46,140,68,43,W+D
40,42,118,76,44,W
37,40,113,80,45,W
35,40,106,84,45,W
34,38,103,94,48,W
31,36,96,266,48,W
31,34,92,262,48,W
29,32,88,256,48,W
27,30,84,250,48,W
26,30,76,244,49,W
24,28,74,238,52,W
24,26,66,232,53,W
22,24,63,226,56,W
19,22,56,220,56,W
19,20,54,212,58,W
17,20,49,206,59,W
16,18,44,200,62,W
13,16,38,192,66,W
12,12,34,186,70,W
9,10,27,179,74,W
8,10,22,170,78,A
7,10,26,180,73,A
7,10,28,192,71,A
7,10,36,202,70,A
8,10,42,214,67,A
8,10,58,224,68,A
8,12,69,236,65,A
8,12,88,248,65,A
8,12,101,258,65,A
8,13,112,270,65,A
8,14,121,279,65,A
8,14,130,288,67,A
8,14,140,98,67,A
8,16,150,90,69,A
8,18,161,82,72,W
10,22,155,83,67,W
14,28,150,83,65,W
16,30,146,89,63,W
16,34,140,96,61,W
18,37,136,286,61,W
20,40,130,280,59,W
22,42,126,274,57,W
24,44,120,267,57,W
26,44,116,261,57,W
26,44,110,256,57,W
28,47,106,250,57,A
30,49,112,260,57,A
30,50,120,268,57,A
30,55,128,276,58,A
30,56,136,281,59,A
32,60,144,88,59,A
32,63,152,78,59,A
32,66,164,72,61,W+A
36,70,168,69,61,W+A
41,72,174,65,59,W+A
44,78,180,61,59,W+A
48,80,184,57,56,W+A
52,86,192,53,53,W+A
56,89,198,51,53,W+A
58,91,202,49,51,W
58,91,196,49,47,W
60,91,192,47,45,W
62,89,188,47,41,W
64,89,182,47,39,W
64,86,175,47,36,W
64,86,172,47,35,W
66,84,166,49,33,W
66,84,161,51,33,W
66,82,158,53,33,W
66,80,152,55,33,W
66,78,146,61,33,W
64,76,142,65,33,W
64,76,136,71,33,W
64,74,131,79,35,W
64,72,128,85,35,W
62,68,122,222,36,W
62,68,116,215,39,W
62,66,111,207,39,W
60,64,107,203,41,W
60,62,102,197,42,W
58,58,96,189,45,W
56,56,92,183,47,W
54,54,86,178,51,W
52,52,81,169,53,W
52,50,78,163,54,D
52,48,74,155,57,D
55,48,70,149,59,D
56,48,68,141,61,D
57,48,66,133,65,D
58,48,63,128,67,D
60,48,59,121,73,D
62,49,58,113,77,D
64,47,56,109,89,D
68,49,56,103,225,D
72,48,54,97,211,D
76,50,54,94,202,A
72,48,54,97,211,A
68,49,56,103,225,A
64,47,56,109,89,A
62,49,58,113,77,A
60,48,59,121,73,A
58,48,63,128,67,A
57,48,66,133,65,A
56,48,68,141,61,A
55,48,70,149,59,A
52,48,74,155,57,A
52,50,78,163,54,A
50,50,82,173,53,A
50,50,84,182,52,A
48,52,87,191,50,A
50,54,94,202,50,A
48,54,97,211,49,A
49,56,103,225,49,A
47,56,109,89,49,A
49,58,113,77,49,A
48,59,121,73,49,A
48,63,128,67,49,A
48,66,133,65,51,A
48,68,141,61,51,A
48,70,149,59,51,W
48,70,143,59,51,W
50,67,140,57,49,W
50,67,133,57,47,W
50,65,127,57,47,W
50,64,123,55,45,W
50,62,117,57,45,W
50,62,113,57,43,W
50,60,107,57,43,W
50,60,103,59,40,W
50,55,98,72,40,W
50,54,93,297,39,D
50,54,90,253,39,D
50,54,83,219,39,D
50,52,82,199,39,D
52,52,77,183,41,D
52,51,74,169,41,D
53,50,72,157,40,D
54,50,70,147,43,D
55,50,66,139,43,D
56,50,64,130,43,D
58,50,62,123,47,D
60,48,62,115,47,D
63,48,60,109,51,A
60,48,62,115,47,A
58,50,62,123,47,A
56,50,64,130,43,A
55,50,66,139,43,A
54,50,70,147,43,A
53,50,72,157,40,A
52,51,74,169,41,A
52,52,77,183,41,A
50,52,82,199,39,A
50,54,83,219,39,A
50,54,90,253,39,A
50,54,93,297,39,A
48,56,97,61,41,A
50,57,103,54,41,A
48,60,109,51,41,A
48,62,115,47,43,A
50,62,123,47,43,A
50,64,130,43,44,A
50,66,139,43,45,A
50,70,147,43,47,A
50,72,157,40,49,A
51,74,169,41,51,A
52,77,183,41,53,A
52,82,199,39,57,W
52,80,193,37,51,W
54,80,189,33,45,W
56,77,185,31,41,W
56,77,179,29,36,W
56,75,173,26,31,W
58,75,169,23,27,W
58,73,165,23,25,W
58,72,159,21,20,W
58,72,155,19,18,W
58,69,149,21,15,W
58,69,145,21,13,W
56,65,139,25,13,W
56,64,135,261,13,W
56,62,129,271,15,W
56,59,124,273,18,W
54,57,119,279,20,W
54,55,115,281,25,W
52,54,109,283,29,W
50,51,104,287,36,W
50,49,99,287,43,W
48,47,95,289,49,W
46,45,89,289,60,W
43,42,82,289,67,W
43,42,79,289,73,W
40,37,73,289,81,D
40,37,67,297,89,D
42,37,63,297,97,D
42,36,59,297,105,D
44,37,55,297,115,D
46,36,53,297,127,A
44,37,55,297,115,A
42,36,59,297,105,A
42,37,63,297,97,A
40,37,67,297,89,A
40,37,73,289,81,A
38,39,81,275,75,A
38,39,91,257,71,A
38,40,105,237,67,A
36,41,131,217,63,A
36,41,297,199,59,A
36,43,297,181,57,A
35,45,295,163,56,A
36,47,293,149,54,A
36,50,295,138,51,A
36,53,297,127,50,A
37,55,297,115,48,A
36,59,297,105,48,A
37,63,297,97,48,A
37,67,297,89,48,W
39,71,291,91,48,W
39,71,287,93,50,W
41,73,281,95,50,W
43,77,275,95,52,W
43,77,271,97,52,W
43,79,267,97,54,W
45,83,261,97,56,W
47,87,257,97,58,W
47,87,251,97,58,W
49,95,245,97,60,W
49,99,241,97,62,W
51,107,237,97,62,W
51,271,231,97,64,W
53,267,227,95,64,W
55,259,221,97,66,W
55,253,215,95,66,W
57,247,211,95,68,W
57,243,207,93,68,W
59,235,201,93,70,W
61,229,197,93,70,W
63,225,191,93,70,W
65,217,185,89,70,W
67,213,181,89,70,W
69,206,177,88,70,W
71,201,173,88,70,W
73,193,167,86,68,W
77,189,161,86,70,W
79,183,157,83,68,D
77,191,161,88,68,D
75,199,163,89,68,D
73,209,163,93,67,D
72,219,165,97,68,D
71,232,165,104,68,D
72,247,165,107,70,D
70,265,163,113,70,D
72,283,163,119,72,D
72,297,163,123,72,D
72,119,163,131,73,D
73,102,167,137,75,D
74,93,169,143,77,D
75,87,173,149,79,W
74,87,167,147,81,W
72,89,163,145,83,W
70,92,157,143,85,W
68,95,153,141,88,W
68,99,147,138,90,W
66,298,143,137,93,W
66,298,137,133,95,W
63,298,133,131,95,W
63,298,127,125,97,W
62,295,123,123,101,W
62,289,117,121,101,W
62,283,113,115,101,W
63,276,106,111,104,W
63,269,103,107,104,W
63,259,97,103,105,D
63,277,101,101,107,D
64,287,103,99,107,D
64,294,107,97,107,D
64,298,111,95,109,D
64,297,117,93,109,D
66,295,123,92,109,D
66,92,130,91,110,D
68,81,139,91,111,D
70,76,149,91,109,D
74,72,162,91,109,D
76,70,178,91,109,D
82,68,195,93,107,D
88,65,217,95,107,D
96,64,240,95,103,D
108,63,259,97,103,W
96,60,254,95,101,W
86,58,249,95,99,W
76,56,245,93,95,W
68,54,239,89,93,W
64,52,235,87,89,W
58,49,230,87,87,W
54,49,225,85,83,W
50,48,217,83,81,W
47,48,215,81,79,W
42,48,208,79,77,W
40,48,203,79,75,W
38,49,199,76,73,W
36,49,193,75,71,W
34,54,189,73,68,W
34,60,183,71,67,W
34,70,179,69,65,W
34,222,173,67,63,W
34,218,170,67,61,W
36,213,163,65,59,W
36,210,160,65,59,W
38,204,153,61,56,W
40,202,148,59,55,W
42,197,143,59,53,D
40,198,153,61,53,D
40,202,163,63,51,D
40,206,171,65,51,D
40,212,178,67,51,D
41,86,181,71,51,D
38,72,186,75,50,D
41,66,187,78,50,D
40,58,190,85,53,D
41,54,189,89,52,D
40,52,192,97,53,W
40,52,186,99,55,W
37,52,179,101,57,W
37,52,176,101,57,W
37,56,169,101,59,W
37,58,166,101,59,W
37,62,160,103,61,W
37,64,156,103,61,W
37,72,150,103,63,W
37,198,146,101,63,W
38,192,140,101,65,W
38,186,136,101,67,W
40,178,130,101,67,W
40,172,126,101,69,W
44,166,120,99,69,W
44,158,116,97,69,W
47,152,111,95,71,W
48,144,106,93,71,W
50,138,101,91,71,W
299,132,96,89,71,D
54,138,96,90,71,D
50,146,96,91,73,D
50,156,98,91,72,D
50,166,98,93,73,D
50,180,100,93,75,D
50,196,100,93,75,D
48,212,102,93,77,D
50,234,104,93,77,D
50,260,106,94,79,D
50,286,110,94,81,D
50,298,112,96,83,D
52,298,116,95,84,D
52,298,120,96,85,D
54,298,124,96,87,D
56,299,132,96,89,D
58,54,138,96,90,D
59,50,146,96,91,D
63,50,156,98,91,D
66,50,166,98,93,D
72,50,180,100,93,W
64,46,172,96,93,W
57,43,170,93,93,W
52,43,164,90,92,W
46,50,158,88,92,W
32,43,136,71,62,W
32,43,132,287,56,W
32,43,126,282,54,W
32,41,122,272,54,W
32,39,116,266,52,W
32,39,112,258,50,W
30,39,106,249,50,W
30,36,102,242,50,W
30,36,96,235,50,W
30,35,92,228,50,W
28,33,86,219,52,W
28,33,82,214,54,W
28,31,76,204,58,W
26,29,72,198,64,W
26,29,66,190,72,W
24,25,62,181,82,W
22,25,56,174,106,W
22,22,52,166,208,W
20,21,46,157,298,W
18,19,42,150,298,W
