32,53,298,81,60,W
38,53,298,81,60,W
38,53,298,81,58,W
38,53,298,78,58,W
38,53,298,70,58,W
38,53,298,64,58,W
38,45,298,64,58,W
38,43,298,64,58,W+A
39,43,297,60,58,W+A
39,39,297,58,58,W+A
39,43,238,53,56,W+A
39,47,187,52,56,W+A
35,53,159,48,57,W
31,57,151,46,54,W
31,59,147,44,52,W
32,61,144,44,40,W
35,65,135,42,38,W
35,67,131,40,36,W
37,69,127,40,36,W
37,71,123,38,34,W
39,77,116,36,32,W
41,79,114,34,32,W
41,85,109,34,30,W
43,91,101,32,29,W+D
43,86,111,30,26,W+D
43,79,127,31,26,W+D
45,75,174,32,26,W+D
45,71,229,34,26,W+D
44,67,264,34,26,W
44,67,258,34,26,W
44,67,254,34,26,W
44,67,248,34,26,W
44,67,244,34,26,W
46,67,238,34,26,W
46,67,234,34,26,W
48,67,234,34,26,W
48,70,228,34,26,W
48,70,224,34,26,W
48,70,218,34,26,W
48,70,214,31,26,W
48,70,208,31,26,W
48,70,204,30,26,W
48,70,198,30,26,W
48,70,194,30,24,W+D
49,67,239,30,24,W+D
47,63,297,31,24,W+D
47,61,297,36,24,W+D
49,57,297,39,24,W+D
47,53,297,45,24,W+D
47,51,295,51,26,W
45,49,289,55,28,W
45,46,285,57,30,W
43,46,279,62,32,W
41,44,275,64,32,W
40,43,269,69,34,W
37,44,265,67,34,W
36,43,259,72,36,W
33,41,253,72,38,W
33,43,249,72,40,W
31,41,243,75,41,W
31,39,239,72,43,W
31,41,233,75,46,W
31,39,229,77,46,W
29,37,223,80,48,W
31,39,221,77,50,W
29,37,213,77,50,W
29,43,211,77,50,W
29,46,203,75,52,W
27,51,197,77,52,W
29,55,195,77,52,W
27,57,187,73,52,W+A
29,57,221,69,52,W+A
31,60,269,65,51,W+A
37,65,297,62,52,W+A
41,69,297,58,52,W
43,69,297,58,54,W
47,69,297,58,52,W
45,69,297,56,52,W
47,69,297,56,50,W
47,66,297,58,50,W
47,66,297,58,46,W
47,65,297,59,46,W
49,65,297,58,46,W
49,65,297,58,42,W
49,63,297,56,42,W
49,63,297,56,40,W
49,61,297,56,42,W
47,61,297,56,42,W
47,59,297,58,42,W
45,57,297,59,40,W
45,57,297,62,40,W
43,55,297,62,40,W
43,55,297,62,40,W+A
43,57,297,60,42,W+A
42,59,298,58,42,W+A
43,65,297,54,40,W+A
43,69,297,52,40,W
45,69,297,49,40,W
45,71,297,48,38,W
47,73,297,48,38,W
47,75,297,45,36,W
47,75,295,45,36,W
49,77,291,44,36,W
49,77,285,44,36,W
49,77,281,44,34,W
49,77,275,44,34,W
51,79,271,42,34,W
51,81,265,40,32,W
51,81,261,40,32,W
53,83,255,40,32,W
53,83,251,40,32,W
53,85,245,37,30,W
53,85,241,37,30,W
55,85,235,37,30,W
55,85,231,37,30,W
55,87,225,35,28,W
55,87,221,35,28,W
57,88,215,34,28,W
57,88,211,34,28,W
57,91,205,34,26,W
57,88,201,34,26,W
59,91,197,32,26,W
59,91,191,32,26,W
59,91,187,30,24,W
59,91,182,30,24,W
61,91,176,30,24,W
61,91,171,30,24,W
61,91,165,27,22,W
63,91,161,26,22,W
63,88,155,26,22,W
63,88,151,26,20,W
63,87,145,26,20,W
65,88,141,24,20,W
63,88,135,24,20,W
65,88,131,22,18,W+A
63,87,133,21,18,W+A
65,85,151,21,18,W+A
67,83,183,32,16,W+A
67,81,202,34,14,W+A
69,83,217,32,13,W+A
71,83,223,34,16,W+A
75,82,223,32,17,W+A
73,81,225,33,18,W+A
73,81,228,36,18,W+A
71,80,230,38,18,W+A
69,81,235,38,20,W
69,79,229,38,20,W
69,79,225,40,20,W
69,79,221,42,22,W
69,79,215,44,24,W
66,83,210,46,27,W
66,85,206,46,27,W
65,87,199,46,28,W
63,87,196,46,30,W
61,87,189,46,32,W
59,89,186,46,32,W
57,93,181,44,32,W
57,95,175,44,34,W
55,95,169,42,32,W
55,95,166,40,34,W
57,95,159,40,34,W
57,95,156,38,32,W
59,95,149,38,32,W
59,95,145,36,32,W
61,93,139,36,30,W
61,93,135,34,28,W
61,91,130,32,27,W
63,91,125,32,27,W
65,87,120,30,27,W+A
65,89,120,28,26,W+A
69,86,122,26,24,W+A
69,83,120,22,22,W+A
73,79,118,124,20,W+A
73,78,118,122,18,A
73,77,123,50,18,A
73,79,138,44,20,A
75,80,134,37,19,W
75,78,130,44,17,W
77,75,124,44,12,W
75,73,119,112,17,W
75,71,116,108,22,W
72,69,110,103,26,W
71,67,106,98,28,W
67,63,100,94,30,W
64,61,96,90,32,W
63,60,90,84,176,W
61,57,86,80,166,W
57,53,80,74,156,W
55,51,76,70,147,W
53,49,70,66,136,A
51,51,68,66,151,A
51,51,66,68,172,A
49,51,66,70,198,A
49,51,64,72,252,A
49,51,64,75,298,A
47,52,62,76,298,A
47,53,62,81,298,A
47,54,62,84,298,A
48,55,62,89,298,A
47,58,62,92,134,A
47,62,62,98,68,A
47,66,62,105,46,A
49,74,64,114,40,A
49,72,64,124,42,A
49,70,66,136,41,A
51,68,66,151,44,W
51,64,62,142,40,W
49,57,57,128,45,W
49,52,52,116,60,W
51,47,48,106,70,W
51,42,43,94,84,A
51,42,42,108,74,A
54,40,44,124,67,A
55,40,44,148,60,A
57,40,46,184,55,A
60,40,48,298,52,A
62,40,50,298,48,A
58,40,52,298,46,A
54,40,55,298,44,A
51,40,58,298,46,A
49,40,63,260,49,A
48,40,66,192,53,A
46,41,70,146,57,A
44,40,78,116,61,A
44,41,84,98,64,A
42,43,94,84,68,A
42,42,108,74,252,A
40,44,124,67,227,A
40,44,148,60,195,W
40,44,145,62,211,W
38,42,140,64,67,W
36,40,132,68,61,W
36,40,128,70,47,W
33,38,124,72,37,W
32,36,117,76,39,W
32,34,114,78,41,W
29,34,110,80,41,W
28,32,102,84,43,W
26,30,98,86,45,W
26,28,94,88,45,W
24,28,90,90,47,W
22,26,82,94,49,W
22,24,78,96,49,W
20,22,74,98,51,W+A
20,22,89,92,51,W+A
18,22,116,88,51,W+A
18,22,298,84,53,W+A
18,22,298,77,53,W+A
18,24,298,74,52,W+A
18,24,298,70,53,W
18,26,298,70,51,W
18,26,296,70,51,W
18,26,292,70,51,W
18,26,286,70,51,W
20,28,282,67,51,W
20,28,276,67,51,W
20,28,272,67,51,W
20,28,266,67,51,W
20,31,262,66,49,W
20,31,256,66,49,W
20,31,252,66,49,W
22,31,246,66,49,W
22,32,242,66,49,W
22,32,236,66,49,W
22,32,232,66,49,W
22,36,226,63,47,W
24,36,222,63,47,W
24,38,216,63,47,W
24,38,212,63,47,W
26,40,206,60,47,W
26,40,202,60,47,W
26,43,196,60,47,W
28,43,192,58,47,W
28,46,186,58,45,W
28,46,182,58,45,W+D
28,45,176,58,46,W+D
28,43,180,60,45,W+D
28,38,184,66,45,W+D
28,38,188,70,45,W+D
28,36,188,74,47,W
26,34,184,76,47,W
26,34,179,76,47,W
26,36,174,78,47,W
24,34,168,76,49,W
26,36,164,76,49,W
24,36,158,78,51,W
26,40,154,74,51,W
26,38,148,76,51,W
24,36,144,76,53,W
26,40,140,72,51,W
26,38,134,72,53,W
28,44,128,74,53,W
28,42,124,70,53,W
26,49,118,72,55,W
28,224,114,72,53,W
28,220,108,66,53,W+D
28,224,110,70,53,W+D
32,230,108,72,55,W+D
30,232,108,69,53,W+D
28,232,105,72,55,W+D
32,238,106,68,57,W+D
32,244,104,70,55,W+D
30,250,102,64,59,W+D
31,254,102,66,57,W+D
35,260,104,66,59,W+D
34,84,104,64,58,W+D
30,80,104,64,55,W+D
33,76,106,62,60,W+D
35,72,108,62,53,W+D
33,68,110,58,56,W+D
31,66,114,60,54,W+D
33,62,120,59,52,W+D
36,58,124,56,52,W+D
32,54,132,57,50,W+D
33,50,135,58,49,W+D
33,47,144,58,48,W+D
33,44,148,58,48,W+D
29,43,152,60,47,W+D
31,41,157,60,46,W+D
31,40,162,63,48,W+D
31,38,168,64,48,W+D
28,34,172,69,48,W+D
29,31,178,72,48,W+D
27,29,192,78,50,W
25,29,178,78,50,W
23,29,172,78,50,W
23,29,168,78,50,W
21,34,162,76,52,W
21,34,158,74,52,W
21,37,162,76,52,W
21,37,148,74,52,W
21,44,152,72,54,W
23,44,138,72,54,W
23,51,142,72,54,W
25,58,138,68,56,W+D
25,55,134,73,54,W+D
25,54,137,69,56,W+D
28,49,140,70,57,W+D
29,55,143,76,56,W+D
27,51,142,70,58,W+D
25,49,144,75,56,W+D
31,45,144,79,60,W+D
29,41,142,74,58,W+D
27,37,142,78,62,W+D
27,43,141,84,60,W+D
29,39,142,88,59,W+D
26,37,144,84,64,W+D
25,34,137,88,60,W+D
26,29,140,92,64,W+D
27,109,130,88,68,W
21,105,124,90,66,W
25,101,120,88,66,W
21,97,113,84,71,W
21,93,110,86,66,W
123,89,103,82,71,W
120,87,99,78,71,W
115,83,94,76,66,W
109,79,89,72,71,W
105,75,83,70,68,W
101,71,80,66,66,W
95,67,73,64,68,W
93,63,70,60,64,W
87,59,63,56,66,W+D
87,55,63,54,63,W+D
86,50,59,51,60,D
91,51,57,52,58,D
97,53,55,54,58,D
109,53,53,54,56,D
115,55,53,56,54,D
129,57,53,58,54,D
245,57,51,58,52,D
241,59,51,55,52,D
239,61,51,56,52,D
237,65,51,58,52,D
229,67,51,60,52,D
222,70,50,58,52,D
213,75,51,55,52,D
205,77,51,56,52,D
179,83,51,57,52,D
149,86,50,59,51,D
119,91,51,57,52,D
102,97,53,55,54,D
88,109,53,53,54,D
69,115,55,53,56,D
57,129,57,53,58,D
57,245,57,51,58,D
59,241,59,51,55,D
249,239,61,51,56,D
237,237,65,51,58,D
223,229,67,51,60,D
211,222,70,50,58,D
202,213,75,51,55,D
192,205,77,51,56,D
186,179,83,51,57,D
178,149,86,50,59,D
168,119,91,51,57,D
164,102,97,53,55,D
156,88,109,53,53,D
148,69,115,55,53,D
138,57,129,57,53,D
130,57,245,57,51,D
128,59,241,59,51,D
120,249,239,61,51,D
110,237,237,65,51,D
110,223,229,67,51,D
102,211,222,70,50,W
110,211,218,70,50,W
110,211,212,69,50,W
118,211,208,69,50,W
118,44,202,69,50,W
126,37,198,67,50,W
126,37,192,65,50,W
132,40,188,65,50,W
132,40,182,63,50,W
132,44,178,63,50,W
28,44,172,63,50,W
28,44,168,63,50,W
30,44,162,57,50,W
30,44,158,57,50,W
32,44,152,57,50,W
32,44,148,57,46,W
32,44,142,57,46,W
32,44,138,55,46,W
32,44,132,55,44,W
32,44,128,55,44,W
32,44,122,60,42,W
32,44,118,185,42,W
32,44,112,179,42,W
32,44,108,171,40,W
32,44,102,165,40,W
32,44,98,156,40,W
32,44,92,149,40,W
32,44,88,142,42,W
32,44,82,135,44,W
32,44,78,128,44,W
32,40,72,121,50,W
32,40,68,115,60,W
32,40,62,107,60,W
32,36,58,101,72,W
32,36,52,93,170,W
32,36,48,87,170,W
30,34,42,79,170,A
30,31,43,83,171,A
30,29,49,88,171,A
30,30,49,95,83,A
30,31,50,103,73,A
29,35,51,111,73,A
30,37,57,123,63,A
28,37,59,137,65,A
28,35,61,157,61,A
29,36,63,161,57,A
30,35,65,167,57,A
30,40,67,171,59,A
31,43,69,173,57,A
34,43,73,171,56,A
34,43,75,171,58,A
34,42,79,170,61,A
31,43,83,171,62,A
29,49,88,171,62,A
30,49,95,83,68,A
31,50,103,73,74,A
35,51,111,73,82,A
37,57,123,63,98,A
37,59,137,65,114,A
35,61,157,61,140,A
36,63,161,57,162,A
35,65,167,57,194,A
40,67,171,59,220,W
41,65,167,54,212,W
41,65,161,49,194,W
47,62,157,51,170,W
47,62,153,49,150,W
45,60,147,46,82,W
51,59,142,46,54,W
49,59,136,46,44,W
49,57,131,39,44,W
49,57,127,41,36,W
47,54,121,41,36,W
47,53,117,41,32,W
45,53,111,131,32,W
44,51,107,127,34,W
44,51,103,122,28,W
41,49,97,116,30,W
41,47,92,109,28,W
40,47,87,104,30,W
40,45,81,98,36,W
37,42,77,92,228,W
35,41,71,85,228,W
35,41,67,80,233,W
33,39,63,75,236,W
33,39,57,69,240,W
31,36,53,63,240,A
31,39,51,65,234,A
31,39,51,70,230,A
31,41,51,72,218,A
32,43,54,75,196,A
31,43,53,80,170,A
31,41,53,86,160,A
31,43,53,92,122,A
31,45,55,96,92,A
32,49,56,104,74,A
33,49,55,111,62,A
33,49,57,257,48,A
33,47,59,252,47,A
35,49,59,247,48,A
35,53,61,244,50,A
36,53,63,240,46,A
39,51,65,234,47,A
39,51,70,230,49,A
41,51,72,218,50,A
43,54,75,196,55,A
43,53,80,170,58,A
41,53,86,160,71,A
43,53,92,122,184,A
45,55,96,92,178,A
49,56,104,74,172,A
49,55,111,62,168,A
49,57,257,48,164,A
47,59,252,47,160,A
49,59,247,48,156,A
53,61,244,50,154,A
53,63,240,46,152,A
51,65,234,47,148,A
51,70,230,49,146,W
53,67,224,41,148,W
53,67,220,41,148,W
51,66,214,36,152,W
51,66,210,32,152,W
51,66,204,32,152,W
51,66,200,36,152,W
49,63,194,38,30,W
49,62,189,38,22,W
49,62,183,41,24,W
49,62,178,41,26,W
47,58,174,41,26,W
47,58,168,41,26,W
47,56,164,42,28,W
45,62,158,44,28,W
45,70,154,44,28,W
45,67,148,46,30,W
43,73,144,46,30,W
43,71,138,49,30,W
43,80,134,49,30,W
39,78,128,49,32,W
39,169,124,49,32,W
45,169,118,49,32,W
45,161,114,49,32,W
47,157,108,49,34,W
49,157,104,44,34,W
47,153,98,41,34,W
51,145,94,41,34,W
51,142,90,41,36,W
57,142,84,36,34,W
55,135,80,38,34,W
55,127,74,36,34,W
135,120,70,32,30,W
135,112,64,32,30,W
135,103,60,32,26,W
133,95,54,27,28,W
133,88,50,24,26,W
133,80,44,27,24,W
133,71,40,22,24,W
131,63,34,18,18,W
131,56,30,18,18,W
131,48,24,18,14,D
131,52,24,18,14,D
133,55,24,16,14,D
135,61,24,16,14,D
137,67,26,17,14,D
139,73,30,16,15,D
143,83,30,15,14,D
145,98,32,14,14,D
151,105,32,14,14,D
154,105,34,16,16,D
161,115,33,20,16,D
167,115,40,24,17,D
173,121,42,24,19,D
77,122,44,24,18,D
72,127,46,24,19,D
77,131,48,24,18,D
81,131,52,24,18,D
79,133,55,24,16,D
85,135,61,24,16,D
87,137,67,26,17,D
95,139,73,30,16,D
97,143,83,30,15,D
107,145,98,32,14,D
109,151,105,32,14,D
149,154,105,34,16,D
199,161,115,33,20,D
221,167,115,40,24,D
229,173,121,42,24,D
236,77,122,44,24,D
235,72,127,46,24,W
235,75,123,46,24,W
235,171,117,46,28,W
235,162,113,48,30,W
235,161,107,48,30,W
229,155,103,48,32,W
229,147,97,48,32,W
101,141,93,48,34,W
89,135,87,48,34,W
77,127,83,48,34,W
65,119,77,48,34,W
51,113,73,50,34,W
53,104,67,50,34,W
169,97,63,50,34,W
181,89,57,43,36,W
193,83,53,39,36,W
205,75,47,39,36,W
205,67,43,38,36,W
213,59,37,31,36,W
213,53,33,26,36,D
205,55,33,27,36,D
193,59,33,30,36,D
183,65,35,31,34,D
159,69,37,31,28,D
133,77,37,29,30,D
115,87,37,29,30,D
102,97,39,28,30,D
91,111,39,27,32,D
81,119,41,28,32,D
68,232,41,27,34,D
62,229,43,31,31,D
66,227,44,33,30,D
66,223,47,33,27,D
194,218,49,32,26,D
184,213,53,33,26,D
175,205,55,33,27,D
169,193,59,33,30,D
164,183,65,35,31,D
158,159,69,37,31,D
154,133,77,37,29,D
150,115,87,37,29,D
144,102,97,39,28,D
142,91,111,39,27,D
134,81,119,41,28,D
128,68,232,41,27,D
126,62,229,43,31,D
120,66,227,44,33,D
120,66,223,47,33,D
114,194,218,49,32,D
114,184,213,53,33,D
108,175,205,55,33,W
108,174,199,57,37,W
112,174,195,59,37,W
112,56,189,59,37,W
118,48,185,61,39,W
118,44,180,61,39,W
120,42,174,61,39,W
122,48,169,61,39,W
120,45,163,63,41,W
124,48,159,63,41,W
124,45,153,65,41,W
32,45,149,63,41,W
30,44,143,65,43,W
34,44,139,65,43,W
34,44,135,59,43,W
34,44,129,59,43,W
34,42,125,69,45,W
34,42,119,185,45,W
32,40,115,177,45,W
32,40,109,171,45,W
32,40,105,165,45,W
32,40,99,159,45,W
30,37,95,151,47,W
30,37,89,145,43,W
30,37,85,139,49,W
28,35,79,133,49,W
28,35,75,127,49,W
28,34,69,119,55,W
28,34,65,113,65,W
26,34,59,106,77,W
26,30,55,101,163,W
26,27,49,93,163,W
26,27,45,87,163,W
24,24,39,81,161,W
22,20,35,73,161,W
20,17,29,66,159,W
20,17,25,57,159,A
20,18,25,63,163,A
14,17,24,67,162,A
14,18,33,71,165,A
14,16,33,77,165,A
14,15,33,81,167,A
14,18,33,89,171,A
14,19,35,95,174,A
14,19,35,105,85,A
14,23,41,119,79,A
16,26,43,133,75,A
16,25,43,139,77,A
16,25,45,146,71,A
16,25,53,155,72,A
18,25,55,153,73,A
17,25,57,159,70,A
18,25,63,163,73,A
17,24,67,162,78,A
18,33,71,165,75,A
16,33,77,165,78,A
15,33,81,167,92,A
18,33,89,171,99,A
19,35,95,174,108,A
19,35,105,85,119,A
23,41,119,79,134,A
26,43,133,75,151,A
25,43,139,77,176,A
25,45,146,71,192,A
25,53,155,72,202,A
25,55,153,73,210,A
25,57,159,70,216,A
25,63,163,73,216,A
24,67,162,78,216,W
34,67,158,70,216,W
34,67,152,64,216,W
40,67,148,61,216,W
40,67,142,55,216,W
44,67,138,50,216,W
44,67,132,50,208,W
44,67,128,50,208,W
48,67,122,41,198,W
48,67,118,40,186,W
48,67,112,40,58,W
48,67,108,36,44,W
48,67,102,152,36,W
48,67,98,146,36,W
48,67,92,137,30,W
48,67,88,132,30,W
48,67,82,123,26,W
48,65,78,116,36,W
48,60,72,109,36,W
48,60,68,102,60,W
48,59,62,95,192,W
48,53,58,88,216,W
48,46,52,81,230,W
48,46,48,74,242,W
48,45,42,68,252,A
49,43,43,72,230,A
49,41,45,76,192,A
49,39,45,80,136,A
49,41,47,87,102,A
45,43,47,94,87,A
45,43,47,104,72,A
47,41,49,115,64,A
47,41,49,132,62,A
49,39,51,166,56,A
43,39,51,298,52,A
41,43,57,298,54,A
40,43,60,298,50,A
43,43,62,298,49,A
45,43,63,298,46,A
45,42,68,252,50,A
43,43,72,230,50,A
41,45,76,192,49,A
39,45,80,136,47,A
41,47,87,102,46,A
43,47,94,87,58,A
43,47,104,72,160,A
41,49,115,64,156,A
41,49,132,62,154,A
39,51,166,56,150,A
39,51,298,52,148,W
43,53,298,54,150,W
41,51,298,56,150,W
43,49,298,54,42,W
41,49,298,56,44,W
41,47,298,58,40,W
39,47,298,60,38,W
37,43,290,62,40,W
37,43,286,64,38,W
37,41,284,66,38,W
35,39,276,70,40,W
35,39,272,72,38,W
32,37,268,74,40,W
31,35,260,78,42,W
31,33,256,80,42,W
28,33,252,82,44,W
27,31,248,84,44,W
25,29,240,88,46,W
25,27,236,90,46,W
23,27,232,92,48,W+A
23,28,284,86,48,W+A
21,26,298,80,48,W
21,26,298,83,50,W
19,24,298,84,50,W
19,26,298,84,52,W
17,26,298,83,52,W
17,24,298,84,54,W
15,24,298,84,54,W
19,24,298,83,54,W
17,24,298,84,56,W
17,26,298,80,56,W
17,24,298,83,58,W
17,31,298,83,58,W
19,30,298,78,58,W
17,36,298,76,60,W
23,43,296,78,60,W
21,43,288,74,58,W
21,47,288,70,58,W
27,46,282,70,60,W
25,50,276,68,58,W
31,47,270,63,60,W
31,46,264,64,60,W
31,47,264,64,58,W
33,46,256,60,58,W
33,47,250,63,54,W
31,46,243,63,54,W
35,46,243,58,54,W
33,46,238,60,50,W
33,43,232,60,50,W
33,43,224,60,44,W
31,43,218,63,46,W
33,43,218,60,46,W
33,41,212,63,44,W
31,40,206,64,44,W
31,40,200,66,42,W
31,40,200,64,42,W
31,37,192,64,44,W+A
29,37,244,63,42,W+A
29,39,278,58,42,W+A
30,41,298,55,42,W+A
29,43,298,52,42,W+A
31,48,298,49,42,W
31,48,298,49,40,W
31,49,298,49,40,W
31,49,294,49,40,W
33,52,288,46,38,W
33,52,284,46,38,W
33,53,278,44,36,W
33,53,274,44,36,W
35,56,268,44,34,W
35,56,264,44,34,W
35,56,258,42,34,W
35,56,254,42,34,W
37,58,248,41,32,W
37,59,244,41,32,W
37,59,238,41,32,W
39,62,234,38,30,W
39,62,228,38,30,W
39,62,224,38,30,W
39,62,218,38,30,W
41,64,214,36,28,W
41,64,208,36,28,W
41,66,204,34,28,W
41,66,198,34,28,W
43,67,194,34,26,W
43,67,188,34,26,W
43,70,183,34,26,W
43,70,179,34,26,W
45,70,172,34,24,W
45,70,168,34,24,W
45,70,162,34,26,W
45,70,158,38,26,W
47,70,152,36,24,W
47,70,148,41,26,W
47,70,142,38,24,W
49,67,138,38,24,W
49,67,132,41,26,W
49,70,128,38,26,W
49,66,124,44,28,W
51,67,118,42,28,W
49,67,114,50,28,W
51,64,108,189,28,W
49,64,104,180,28,W
49,66,98,172,30,W
49,62,94,164,32,W
47,62,88,157,30,W
47,62,84,149,36,W
49,58,78,140,36,W
47,53,74,132,44,W
47,56,68,125,48,W
45,56,64,117,54,W
45,48,58,110,66,W
45,42,54,103,88,W
43,44,48,95,168,W
43,40,44,86,168,A
43,38,44,93,170,A
44,36,48,99,91,A
39,36,48,106,78,A
37,38,50,118,68,A
39,42,50,132,68,A
39,42,54,149,62,A
42,40,55,156,58,A
42,40,56,160,58,A
41,40,58,164,55,A
37,40,64,163,52,A
35,44,66,166,52,A
38,44,70,168,54,A
40,44,76,168,54,A
42,44,80,168,50,A
40,44,86,168,49,A
38,44,93,170,53,A
36,48,99,91,55,A
36,48,106,78,53,A
38,50,118,68,55,A
42,50,132,68,61,A
42,54,149,62,63,A
40,55,156,58,67,A
40,56,160,58,73,A
40,58,164,55,85,A
40,64,163,52,97,W
42,63,157,53,85,W
42,63,152,50,72,W
46,64,148,46,61,W
44,63,142,48,49,W
44,63,136,48,41,W
44,60,132,46,43,W
44,60,128,46,35,W
46,60,122,43,37,W
46,58,116,46,33,W
44,56,112,46,33,W
46,56,106,138,35,W
46,56,104,131,31,W
44,54,96,126,31,W
44,53,92,120,31,W
42,53,86,114,31,W
42,50,82,108,33,W
42,50,79,101,33,W
40,50,72,96,45,W
40,48,66,89,283,W
38,47,62,83,285,W
38,47,58,78,291,W
38,47,52,72,291,W
36,44,46,66,293,W
36,37,42,60,293,W
34,37,36,52,295,W
34,37,32,46,295,A
34,38,38,48,293,A
34,36,38,50,285,A
34,35,38,54,278,A
34,34,38,55,261,A
34,32,38,59,249,A
34,30,38,63,205,A
34,32,38,68,153,A
36,36,40,75,123,A
37,34,40,82,103,A
32,34,40,92,83,A
33,34,42,104,73,A
32,32,42,120,69,A
34,32,44,144,63,A
34,32,46,183,59,A
37,32,46,295,61,A
38,38,48,293,59,A
36,38,50,285,55,A
35,38,54,278,55,A
34,38,55,261,59,A
32,38,59,249,61,A
30,38,63,205,69,A
32,38,68,153,75,A
36,40,75,123,89,A
34,40,82,103,209,A
34,40,92,83,203,A
34,42,104,73,196,A
32,42,120,69,189,A
32,44,144,63,185,A
32,46,183,59,181,A
32,46,295,61,177,A
38,48,293,59,171,A
38,50,285,55,165,A
38,54,278,55,166,W
38,54,274,53,166,W
38,54,268,53,172,W
38,54,264,49,172,W
38,54,258,45,172,W
38,54,254,45,176,W
38,54,248,45,176,W
38,54,244,43,176,W
38,54,238,43,38,W
38,54,234,43,38,W
38,54,228,43,32,W
38,54,224,43,32,W
38,54,218,45,32,W
38,54,214,45,30,W
38,54,208,45,30,W
38,54,204,45,30,W
38,54,198,45,30,W
38,54,194,45,30,W
38,54,188,45,32,W
38,54,184,45,32,W
38,54,178,45,32,W
38,54,174,45,32,W
38,51,168,45,32,W
38,51,164,45,32,W
38,51,158,45,32,W
38,51,154,45,32,W
38,51,148,45,32,W
38,54,144,45,32,W
38,54,138,45,32,W
38,60,134,45,32,W
38,68,128,45,32,W
38,177,124,45,32,W
38,177,118,45,32,W
38,171,114,45,32,W
40,166,108,45,32,W
40,160,104,45,32,W
40,157,98,45,32,W
44,150,94,45,32,W
44,143,88,45,32,W
48,136,84,41,32,W
48,129,78,41,32,W
56,122,74,41,32,W
66,116,68,36,32,W
66,108,64,36,32,W
174,102,58,36,32,W
170,94,54,33,30,W
170,88,48,29,30,W
170,79,44,29,26,W
162,74,38,29,26,W
162,65,34,21,26,W
154,58,28,16,22,D
162,62,29,17,21,D
170,66,29,19,21,D
176,70,29,20,21,D
184,76,29,23,21,D
186,82,37,21,21,D
194,91,37,21,23,D
202,102,37,21,23,D
209,116,39,21,22,D
72,120,39,19,23,D
74,130,47,19,19,D
75,130,49,19,18,D
70,138,52,19,17,D
72,146,53,29,15,D
74,146,55,29,17,D
70,154,58,28,16,D
72,162,62,29,17,D
74,170,66,29,19,D
73,176,70,29,20,D
78,184,76,29,23,D
80,186,82,37,21,D
84,194,91,37,21,D
90,202,102,37,21,D
102,209,116,39,21,D
121,72,120,39,19,D
145,74,130,47,19,D
179,75,130,49,19,D
239,70,138,52,19,D
270,72,146,53,29,D
280,74,146,55,29,D
284,70,154,58,28,D
284,72,162,62,29,W
284,67,156,63,29,W
284,67,152,63,37,W
284,60,146,63,37,W
284,55,142,63,43,W
282,52,136,66,43,W
278,52,132,66,43,W
278,44,126,66,43,W
266,52,122,66,43,W
56,218,116,66,45,W
48,211,112,66,45,W
48,203,106,66,45,W
38,196,102,66,45,W
38,188,96,66,45,W
38,180,92,60,45,W
38,172,86,60,45,W
46,167,82,60,47,W
46,158,76,54,47,W
56,150,72,48,47,W
58,143,66,48,47,W
66,137,62,48,47,W
76,128,56,42,47,W
78,121,52,36,47,W
88,114,46,36,43,W
100,106,42,34,43,D
88,113,42,32,43,D
87,121,42,30,35,D
76,130,50,30,35,D
78,142,50,28,35,D
68,156,52,32,36,D
70,174,52,35,37,D
69,287,60,36,37,D
62,283,60,34,34,D
62,276,70,33,31,D
63,268,72,34,30,D
60,262,80,34,30,D
56,252,84,40,31,D
58,230,92,42,33,D
61,112,96,42,34,D
60,100,106,42,34,D
58,88,113,42,32,D
57,87,121,42,30,D
61,76,130,50,30,D
61,78,142,50,28,D
59,68,156,52,32,D
167,70,174,52,35,D
163,69,287,60,36,D
160,62,283,60,34,W
162,64,278,66,34,W
60,62,272,65,40,W
60,58,268,68,38,W
53,58,262,66,40,W
53,58,258,65,43,W
49,52,252,66,41,W
47,54,248,65,46,W
49,54,242,63,43,W
45,50,238,65,41,W
45,52,232,63,48,W
40,52,228,60,46,W
40,47,222,60,50,W
43,52,218,58,48,W
37,50,212,56,46,W
40,52,208,55,48,W
33,54,203,52,46,W
36,52,198,50,43,W
37,54,192,50,46,W
33,58,188,48,43,W
36,62,183,44,41,W
36,64,178,44,40,W
36,70,172,42,38,W
37,72,168,40,38,W
36,76,163,38,36,W
37,78,156,37,34,W
40,82,152,34,32,W
40,84,148,34,32,W
43,90,142,32,30,W
43,88,136,30,28,W
45,90,132,28,26,W
47,91,128,26,24,W
49,86,123,28,24,W
51,84,116,26,20,W
51,86,112,32,20,W
53,82,108,30,18,W
55,78,103,40,20,W
57,78,96,158,18,W
57,78,92,158,24,W
60,72,88,148,21,W
61,70,82,144,30,W
63,72,76,142,28,W
63,67,72,138,26,W
63,62,68,127,34,W
61,55,62,122,46,W
60,54,56,118,140,W
61,50,52,109,138,A
60,50,54,116,140,A
53,48,54,121,60,A
55,50,56,124,50,A
58,48,58,130,46,A
57,47,60,131,43,A
53,48,63,130,40,A
53,48,64,130,37,A
55,48,67,132,38,A
58,48,70,132,40,A
54,48,74,132,38,A
52,48,78,132,35,A
50,48,84,132,33,A
52,50,90,134,33,A
52,52,98,136,37,A
50,52,109,138,39,A
50,54,116,140,42,A
48,54,121,60,39,A
50,56,124,50,40,W
48,55,121,58,41,W
46,52,114,136,31,W
46,50,110,131,33,W
43,48,104,126,31,W
43,48,98,119,33,W
41,44,94,116,36,W
40,44,90,110,36,W
38,42,84,104,37,W
38,40,79,98,40,W
36,38,74,93,283,W
34,37,70,88,283,W
32,34,64,82,286,W
32,34,58,78,287,W
30,32,54,72,165,W
28,30,50,67,155,W
26,28,44,62,145,W
24,26,38,55,140,W
24,24,34,52,133,A
22,26,34,52,146,A
22,26,34,54,155,A
22,27,40,56,285,A
22,28,42,58,279,A
22,31,42,62,273,A
22,31,42,64,260,A
22,28,42,67,251,A
22,27,42,71,243,A
22,27,42,78,231,A
22,28,44,83,197,A
22,32,46,91,159,A
24,34,46,100,123,A
24,36,48,111,73,A
24,36,47,123,67,A
24,34,52,133,59,A
26,34,52,146,61,A
26,34,54,155,62,A
27,40,56,285,61,A
28,42,58,279,65,A
31,42,62,273,67,A
31,42,64,260,73,A
28,42,67,251,77,A
27,42,71,243,201,A
27,42,78,231,189,A
28,44,83,197,183,A
32,46,91,159,177,A
34,46,100,123,171,A
36,48,111,73,167,A
36,47,123,67,163,A
34,52,133,59,161,A
34,52,146,61,159,A
34,54,155,62,157,A
40,56,285,61,151,A
42,58,279,65,143,A
42,62,273,67,143,W
42,60,269,61,145,W
44,60,263,53,145,W
44,60,259,49,151,W
44,60,253,43,151,W
44,58,249,43,155,W
44,58,243,41,155,W
44,58,239,41,155,W
44,58,233,41,155,W
44,58,229,47,157,W
44,58,223,53,39,W
44,58,219,53,31,W
44,58,213,59,29,W
42,55,209,59,31,W
42,55,203,63,31,W
42,55,199,63,33,W
42,51,193,69,33,W
42,50,189,69,37,W
42,50,183,69,37,W
42,48,179,69,37,W
40,46,173,71,43,W
40,46,169,71,43,W
40,46,163,71,45,W
40,42,159,71,45,W
36,39,153,71,45,W
36,39,149,71,49,W
34,34,143,71,49,W
34,34,139,71,49,W
32,34,133,72,49,W
30,31,129,72,49,W
30,31,123,72,49,W
26,42,119,72,49,W
24,178,113,75,51,W
24,169,109,69,51,W
24,162,103,69,51,W
30,160,99,69,51,W
30,151,93,67,51,W
30,144,89,61,51,W
38,136,83,59,51,W
46,129,79,59,53,W
46,121,73,55,53,W
58,114,69,49,53,W
68,108,63,47,53,W
166,99,59,49,49,W
166,92,53,41,49,W
166,84,49,35,49,W
166,77,43,35,41,D
166,81,43,37,41,D
168,88,43,35,41,D
170,94,44,35,41,D
172,102,49,33,43,D
70,114,51,33,35,D
68,126,51,31,35,D
62,134,53,33,37,D
63,138,57,37,37,D
64,146,59,37,39,D
60,150,61,37,39,D
56,152,63,37,35,D
59,158,66,37,33,D
58,158,70,39,31,D
55,162,74,44,33,D
52,166,77,43,35,D
56,166,81,43,37,D
58,168,88,43,35,D
56,170,94,44,35,D
54,172,102,49,33,D
58,70,114,51,33,D
64,68,126,51,31,D
62,62,134,53,33,D
62,63,138,57,37,D
78,64,146,59,37,D
160,60,150,61,37,D
212,56,152,63,37,D
238,59,158,66,37,D
246,58,158,70,39,W
246,55,152,70,43,W
238,48,148,70,43,W
238,48,142,70,49,W
60,48,138,67,47,W
48,43,132,67,47,W
48,38,128,67,51,W
40,38,122,67,51,W
42,36,118,66,49,W
36,34,112,66,49,W
36,156,108,66,49,W
28,150,102,66,49,W
28,143,98,66,49,W
24,137,92,66,49,W
24,128,88,66,49,W
32,122,82,63,49,W
32,116,78,60,47,W
42,109,72,60,47,W
54,102,68,60,47,W
210,97,62,54,47,W
222,88,58,48,47,W
222,82,52,48,47,D
212,86,56,50,46,D
154,90,56,50,47,D
78,96,56,48,47,D
66,105,56,46,47,D
58,112,62,48,47,D
56,122,62,52,47,D
52,134,64,52,45,D
45,151,64,50,47,D
46,260,66,49,47,D
47,254,68,50,49,D
46,248,70,54,49,D
43,244,72,54,46,D
40,236,76,52,43,D
42,230,78,52,45,D
43,222,82,52,48,D
45,212,86,56,50,D
43,154,90,56,50,D
41,78,96,56,48,D
43,66,105,56,46,D
46,58,112,62,48,D
184,56,122,62,52,D
177,52,134,64,52,D
173,45,151,64,50,D
169,46,260,66,49,D
167,47,254,68,50,D
163,46,248,70,54,W
165,44,244,68,52,W
167,38,238,66,50,W
43,40,235,66,54,W
39,40,229,64,52,W
31,38,224,62,54,W
33,40,218,62,54,W
31,36,214,60,52,W
28,38,208,58,52,W
29,40,204,56,50,W
25,42,198,56,50,W
28,44,194,54,48,W
28,48,188,52,46,W
25,50,184,50,46,W
28,52,178,50,44,W
29,56,175,48,42,W
31,58,168,46,42,W
31,60,164,44,40,W
33,64,158,42,38,W
35,66,154,42,38,W
35,68,148,40,36,W
37,70,145,40,36,W
39,74,138,36,33,W
39,76,134,36,32,W
41,78,128,36,32,W
43,78,124,34,28,W
43,80,118,32,28,W
45,78,114,36,26,W
45,76,108,36,26,W
47,80,104,168,24,W
49,76,98,165,24,W
49,70,94,155,28,W
51,72,89,150,26,W
53,72,84,149,24,W
53,66,78,142,32,W
56,60,74,133,36,W
56,60,68,130,40,W
56,58,64,120,50,W
53,52,59,112,56,W
56,48,54,106,182,A
55,52,56,114,183,A
57,50,58,120,52,A
55,49,60,130,50,A
51,48,60,128,50,A
52,48,62,136,44,A
54,51,64,144,42,A
55,52,66,142,41,A
51,52,71,150,44,A
48,52,72,156,42,A
50,52,76,156,40,A
51,52,80,164,38,A
52,52,86,168,37,A
50,52,93,174,37,A
48,54,99,176,41,A
48,54,106,182,41,A
52,56,114,183,39,A
50,58,120,52,39,W
47,57,115,183,42,W
52,54,110,178,35,W
50,52,105,174,37,W
46,50,100,168,37,W
44,46,94,162,37,W
42,44,90,158,39,W
42,43,84,154,37,W
40,40,81,146,39,W
38,38,74,140,43,W
35,36,70,135,53,W
34,34,64,126,55,W
32,31,60,120,77,W
30,29,54,116,245,W
28,26,50,105,239,W
26,24,44,102,235,W
22,22,40,88,230,W
20,20,34,84,227,W
18,18,30,72,221,W
16,16,26,68,217,W
13,13,21,54,205,W
11,10,14,48,192,A
12,11,15,50,217,A
12,10,14,60,227,A
12,10,16,62,247,A
12,10,20,72,255,A
10,10,26,73,277,A
10,12,26,86,297,A
10,12,26,96,125,A
10,12,26,108,112,A
10,12,26,117,101,A
10,14,26,124,89,A
10,15,36,133,91,A
10,16,36,143,81,A
10,14,38,157,81,A
10,14,48,172,75,A
10,14,48,192,76,A
11,15,50,217,77,A
10,14,60,227,72,A
10,16,62,247,73,A
10,20,72,255,77,A
10,26,73,277,75,A
12,26,86,297,79,A
12,26,96,125,87,A
12,26,108,112,101,A
12,26,117,101,209,A
14,26,124,89,199,A
15,36,133,91,191,A
16,36,143,81,185,A
14,38,157,81,179,A
14,48,172,75,173,W
19,46,167,79,177,W
24,52,164,73,179,W
22,50,159,69,181,W
30,46,152,75,185,W
28,52,147,71,187,W
37,50,144,67,83,W
32,54,137,73,67,W
32,52,133,67,61,W
37,50,128,71,59,W
34,52,123,71,59,W
37,48,118,71,53,W
37,46,113,75,57,W
34,50,108,71,49,W
40,48,103,77,51,W
37,43,97,77,49,W
34,46,93,87,49,W
37,43,89,297,51,W+A
34,42,93,277,49,W+A
36,40,101,81,47,W+A
34,40,111,77,49,W+A
36,40,119,71,49,W+A
34,39,119,67,49,W+A
32,40,125,65,49,W+A
32,40,131,61,45,W+A
32,42,137,57,45,W+A
32,44,154,53,44,W+A
32,48,161,50,45,W+A
32,49,169,57,41,W+A
34,55,227,53,39,W
34,57,297,51,39,W
36,57,297,57,35,W
36,57,213,65,35,W
36,60,207,65,35,W
38,57,203,71,33,W
38,60,197,69,33,W
40,57,297,75,37,W
40,52,187,83,37,W
40,53,183,81,41,W
42,53,177,87,41,W
42,47,297,87,39,W+A
44,54,297,83,47,W+A
44,47,297,79,45,W+A
40,54,297,75,45,W+A
42,49,265,71,44,W+A
40,53,229,67,46,W+A
44,60,199,62,47,W
40,55,193,61,45,W
40,55,189,65,45,W
42,57,185,62,47,W
40,55,179,59,43,W
42,60,174,62,47,W
42,57,169,59,47,W
42,60,163,57,43,W
44,60,159,59,47,W
38,55,154,57,45,W
40,61,149,55,45,W
42,57,143,55,47,W
40,61,139,53,43,W
42,61,135,55,47,W+D
42,57,145,53,43,W+D
38,55,159,55,45,W+D
40,54,177,55,43,W+D
40,51,209,57,43,W+D
40,48,255,59,41,W+D
40,46,283,59,43,W+D
36,44,297,61,43,W+D
36,42,297,69,47,W+D
36,40,298,73,48,W
32,34,298,73,48,W
28,34,298,73,48,W
28,30,298,73,48,W
26,30,298,73,48,W
26,30,294,73,52,W
22,30,290,73,52,W
22,30,284,73,52,W
22,30,280,73,52,W
22,30,274,73,52,W
22,30,270,73,52,W
22,30,264,73,52,W
22,26,260,73,52,W
22,26,254,73,52,W
22,26,250,73,52,W
22,26,244,73,52,W
18,26,240,73,52,W
18,26,234,73,52,W
18,21,230,73,52,W
18,21,224,73,52,W
18,21,220,73,52,W
16,21,214,73,52,W
16,21,210,73,52,W
16,21,204,73,52,W
16,21,200,73,52,W
16,21,194,73,52,W
16,21,190,73,52,W
16,21,184,73,52,W
16,21,180,73,52,W
16,21,174,73,52,W
16,21,170,73,52,W
16,26,164,73,52,W
16,26,160,73,52,W
16,30,154,73,52,W
20,30,150,73,52,W
20,34,144,69,52,W
20,34,140,69,52,W
22,41,134,69,52,W
22,51,130,67,52,W
26,60,124,65,52,W
26,71,120,65,52,W
26,200,114,63,52,W
30,198,110,60,52,W
30,190,104,60,52,W
38,184,100,60,52,W+D
38,186,103,59,49,W+D
38,186,105,57,49,W+D
36,188,101,55,47,W+D
42,182,97,54,49,W+D
42,182,99,55,47,W+D
41,177,99,53,47,W+D
38,173,97,59,49,W+D
47,172,97,53,43,W+D
44,166,95,59,46,W+D
42,166,91,55,45,W+D
42,162,92,57,45,W+D
44,160,92,57,45,W+D
46,160,89,55,44,W+D
43,156,89,57,49,W+D
41,158,88,54,45,W+D
43,154,89,55,49,W+D
44,150,89,51,44,W+D
47,150,92,51,49,W+D
42,148,92,49,42,W+D
40,152,94,49,43,W+D
42,148,98,47,44,W+D
42,146,100,47,41,D
43,152,102,47,41,D
41,160,100,49,39,D
40,166,108,49,43,D
45,172,108,51,41,D
48,179,112,53,41,D
48,186,112,56,41,D
48,44,118,58,41,D
48,46,118,61,42,D
56,46,124,66,43,D
56,44,124,70,43,D
66,44,130,73,43,D
68,42,131,80,44,D
80,42,136,86,45,D
105,44,144,93,45,W
78,37,138,93,47,W
56,37,134,96,49,W
43,34,128,90,51,W
34,28,123,86,51,W
32,24,118,84,53,W
28,257,114,84,55,W
26,246,108,80,57,W
18,234,103,73,57,W
24,226,98,72,60,W
24,214,94,70,63,W
34,204,88,64,63,W
34,193,84,60,65,W
43,184,79,60,65,W
41,173,74,55,65,W
52,162,68,50,67,W
60,150,64,45,60,W
63,142,58,47,60,W
72,130,54,42,60,W
76,116,48,36,49,D
74,134,50,35,51,D
68,152,50,36,47,D
64,176,52,38,42,D
64,210,56,38,41,D
60,246,58,38,43,D
56,298,60,38,43,D
56,298,66,38,40,D
54,298,68,38,38,D
50,298,72,38,36,D
48,298,78,42,36,D
51,144,84,42,40,D
52,108,90,42,40,D
51,95,96,42,39,D
49,84,106,42,38,D
47,76,116,48,36,D
51,74,134,50,35,D
53,68,152,50,36,W
47,69,146,48,38,W
49,64,144,50,36,W
51,69,138,47,38,W
45,68,132,44,36,W
47,72,126,47,34,W
47,72,121,44,38,W
47,72,119,42,36,W
49,74,112,42,36,W
47,78,108,40,34,W
49,81,102,38,31,W
47,88,96,36,34,W
47,90,94,34,31,W
49,94,88,33,30,W
49,100,82,30,30,W
51,104,76,28,28,W
51,114,70,26,26,W
51,115,68,26,24,W+D
51,108,72,24,21,W+D
51,100,82,22,20,W+D
53,90,98,25,20,W+D
51,86,116,25,18,W+D
51,80,148,27,18,W
51,86,144,24,20,W
53,86,134,22,18,W
53,88,126,22,18,W
53,91,124,22,18,W
55,94,116,20,16,W
55,94,114,20,16,W
55,96,106,20,16,W
55,96,104,20,16,W
57,98,96,18,14,W
57,98,94,18,14,W
57,102,88,17,14,W
59,102,84,17,14,W
61,102,78,17,12,W+D
61,96,96,16,12,W+D
60,92,298,16,12,W+D
61,87,298,19,12,W+D
59,81,298,20,14,W+D
59,78,298,20,14,W
59,75,298,20,14,W
59,75,298,22,14,W
57,73,298,25,16,W
59,73,298,25,14,W
57,72,298,25,16,W
55,70,298,25,18,W
55,68,296,27,18,W
55,68,296,25,18,W
55,68,288,27,18,W
53,65,282,28,18,W
53,65,276,30,18,W
51,63,270,30,20,W
51,62,264,32,20,W
49,62,256,32,22,W
49,60,250,34,22,W
47,60,243,37,22,W
47,57,238,37,22,W
45,55,232,38,24,W
45,55,224,40,24,W
43,53,218,42,26,W
43,52,212,44,26,W
41,52,206,47,28,W
41,50,200,47,28,W+A
39,51,210,46,30,W+A
39,54,226,43,30,W+A
40,55,230,41,30,W+A
39,60,234,38,30,W+A
41,64,238,36,28,W
41,64,232,36,28,W
41,66,228,38,28,W
41,66,222,38,28,W
43,67,218,36,26,W
43,67,212,36,26,W
43,70,208,34,26,W
43,67,202,34,28,W
45,70,198,34,26,W
45,70,192,32,26,W
45,70,188,32,26,W
47,71,183,30,24,W
47,71,179,30,24,W
47,74,172,30,24,W
47,74,168,30,24,W
49,76,162,30,22,W
47,74,158,34,22,W
49,74,152,32,22,W
49,74,148,36,22,W
49,74,142,34,22,W
49,70,138,42,24,W
51,71,132,41,24,W
51,70,128,49,24,W
51,70,122,146,26,W
51,70,118,142,26,W
53,66,112,138,30,W
53,62,108,138,30,W
51,64,102,138,30,W
51,62,98,132,34,W
53,58,92,130,128,W
49,58,88,130,128,W
51,58,82,125,126,W
49,52,78,118,122,W
49,48,72,118,122,W
49,49,68,117,122,W
45,45,62,110,118,W
45,40,58,103,118,A
45,40,64,108,118,A
41,43,64,108,122,A
41,46,66,106,124,A
43,45,66,110,130,A
44,44,68,108,132,A
43,44,70,110,134,A
45,43,72,108,142,A
39,50,74,110,146,A
39,50,76,110,149,A
40,50,78,108,156,A
41,50,82,112,161,A
43,56,86,112,169,A
44,58,90,114,58,A
42,58,97,114,54,A
40,58,103,118,51,A
40,64,108,118,50,A
43,64,108,122,51,A
46,66,106,124,55,A
45,66,110,130,54,A
44,68,108,132,57,A
44,70,110,134,63,A
43,72,108,142,63,A
50,74,110,146,65,A
50,76,110,149,73,A
50,78,108,156,85,A
50,82,112,161,97,W
58,82,106,156,85,W
56,81,102,148,67,W
58,81,96,142,61,W
62,81,92,135,49,W
62,81,88,130,41,W
62,78,82,124,43,W
62,78,78,118,43,W
60,76,72,112,55,W
60,72,68,102,95,W
60,64,62,94,297,W
58,63,58,88,297,W
58,63,52,81,297,W
58,54,48,76,297,W
58,46,42,70,297,W
56,44,38,58,297,W
56,36,32,52,297,W
56,28,28,42,297,A
56,28,28,43,297,A
56,31,28,50,298,A
56,31,28,54,283,A
48,30,28,62,245,A
46,28,28,65,167,A
46,28,30,69,129,A
46,26,32,77,113,A
44,26,32,91,103,A
38,26,31,102,93,A
36,24,32,115,87,A
37,24,34,133,81,A
36,29,34,159,75,A
32,28,39,255,71,A
30,28,40,297,71,A
28,28,42,297,66,A
28,28,43,297,65,A
31,28,50,298,69,A
31,28,54,283,72,A
30,28,62,245,185,A
28,28,65,167,175,A
28,30,69,129,169,A
26,32,77,113,163,A
26,32,91,103,159,A
26,31,102,93,155,A
24,32,115,87,153,A
24,34,133,81,147,A
29,34,159,75,141,W
26,36,155,77,145,W
25,34,147,75,148,W
26,36,144,77,151,W
26,36,139,77,153,W
25,34,131,77,155,W
26,36,127,79,155,W
25,34,123,75,57,W
26,32,116,79,55,W
25,32,114,81,55,W
25,30,109,83,53,W
26,28,105,81,53,W
25,30,97,85,55,W
22,28,93,85,53,W
22,28,89,87,55,W+A
20,28,105,83,55,W+A
22,26,297,79,53,W+A
22,26,297,75,53,W+A
22,27,297,71,53,W
22,27,297,71,51,W
20,26,297,71,51,W
20,26,297,72,51,W
20,26,297,72,49,W
18,24,297,75,51,W
18,22,297,77,51,W
16,26,297,77,53,W
16,30,297,75,53,W
20,30,297,72,53,W
18,30,297,75,53,W
20,30,297,71,53,W
22,36,297,71,53,W
22,34,297,71,55,W
26,42,297,67,55,W
26,39,297,65,55,W
26,43,297,65,53,W
24,43,297,65,53,W
30,43,297,65,51,W
30,50,297,61,51,W
30,50,297,59,49,W
32,54,297,61,51,W
32,54,297,57,51,W
32,55,297,57,45,W
32,55,297,57,45,W+D
32,52,297,59,47,W+D
34,50,297,61,47,W+D
34,46,265,65,44,W
32,48,259,62,46,W
36,46,255,62,43,W
34,46,251,65,44,W
34,43,245,60,46,W
34,42,241,62,44,W
34,42,235,62,46,W
32,43,231,62,46,W
34,42,228,65,43,W
32,42,222,67,44,W
32,42,217,67,43,W
30,42,211,65,43,W
30,42,207,67,44,W
32,39,203,67,43,W
30,39,197,67,43,W
32,42,193,69,43,W
30,39,187,67,43,W+A
30,43,240,65,45,W+A
30,44,259,61,45,W+A
30,46,267,59,45,W+A
32,47,274,55,46,W+A
32,51,275,53,45,W
36,54,269,50,45,W
36,54,265,50,41,W
36,54,259,47,41,W
36,55,255,47,41,W
36,58,249,45,39,W
38,58,245,45,39,W
38,58,239,45,37,W
38,60,235,45,37,W
38,60,229,43,37,W
38,60,225,43,33,W
40,60,219,43,33,W
42,62,215,38,31,W
42,62,209,38,31,W
42,62,205,38,31,W
42,62,199,38,31,W
42,63,195,37,31,W
44,63,189,37,31,W
44,63,185,37,29,W
44,63,179,37,29,W
44,66,175,35,27,W
44,66,169,35,27,W
44,66,165,35,27,W
44,66,159,33,27,W
46,66,155,31,25,W
46,66,149,31,25,W
46,66,145,31,25,W
46,66,139,31,25,W
46,67,135,29,23,W
46,67,129,33,23,W
46,67,125,33,23,W
46,67,119,37,23,W
48,70,115,47,21,W
48,70,109,231,23,W
48,67,105,223,23,W
48,70,99,213,23,W
48,67,95,207,27,W
48,62,89,195,27,W
48,62,85,183,35,W
50,63,79,174,33,W
