46,65,298,94,76,W
46,65,298,94,74,W
46,65,298,92,72,W
46,67,298,92,72,W
46,67,298,92,70,W
46,67,298,88,70,W
46,67,298,88,68,W
46,69,298,88,68,W
48,69,298,88,68,W
48,69,298,88,66,W
48,69,298,85,66,W
48,69,298,84,64,W
48,70,298,84,64,W
50,70,298,84,64,W
50,70,298,84,62,W
50,70,298,81,62,W
50,70,298,79,62,W
50,70,298,79,60,W
50,73,298,79,60,W
50,73,298,79,58,W
50,73,298,78,58,W
52,73,298,78,58,W
52,73,298,78,56,W
52,73,298,79,56,W
52,73,298,81,56,W
52,73,298,84,58,W
52,73,298,85,58,W
52,73,298,88,58,W
52,73,298,89,58,W
52,73,298,92,58,W
52,73,298,94,60,W
52,73,296,95,60,W
52,73,292,98,60,W
52,73,286,99,62,W
52,73,282,102,62,W
52,73,276,103,62,W
52,73,272,108,62,W
52,73,266,112,62,W
52,70,262,116,64,W
52,70,256,122,64,W
52,70,252,126,66,W
52,69,246,133,66,W
52,69,242,142,66,W
52,69,236,150,68,W
52,67,230,157,68,W+A
53,71,257,138,68,W+A
53,73,283,128,68,W+A
53,79,297,118,66,W+A
55,83,297,107,66,W
55,83,297,111,68,W
55,83,297,114,68,W
55,83,297,117,68,W
55,83,297,122,68,W
57,83,297,123,68,W
57,83,297,128,70,W
57,83,297,130,70,W
57,83,297,133,70,W
57,83,295,138,72,W
59,83,291,140,70,W
59,83,287,146,72,W
59,83,281,152,74,W
59,83,273,154,74,W
59,80,272,161,76,W
59,80,263,167,76,W
59,79,261,172,78,W
59,80,257,178,80,W
59,79,249,188,80,W
59,77,247,196,82,W
59,77,239,208,84,W
59,77,237,216,86,W
59,75,229,232,86,W
57,75,223,246,89,W
57,73,219,284,91,W
57,73,213,297,92,W
57,71,209,297,94,W
57,71,205,297,96,W
57,71,199,297,98,W
57,67,195,297,100,W
55,67,189,297,102,W
55,67,185,297,104,W
55,65,180,297,106,W
53,65,173,297,108,W
53,62,167,297,110,W+A
53,65,183,298,108,W+A
51,67,197,298,108,W+A
51,68,213,298,108,W+A
51,71,233,232,108,W+A
51,73,249,204,109,W+A
53,77,268,186,108,W
51,77,263,192,108,W
53,77,258,192,108,W
53,77,253,196,110,W
53,77,247,202,110,W
55,77,244,207,110,W
55,77,238,214,110,W
55,77,233,220,112,W
55,75,228,230,112,W
55,75,223,242,114,W
55,73,220,254,114,W
55,73,214,298,114,W
55,73,208,298,116,W
55,73,203,298,116,W
55,71,198,298,116,W
55,69,194,298,118,W
55,69,190,298,118,W
53,69,184,298,120,W
53,67,178,298,122,W
53,67,173,298,122,W
51,65,168,298,124,W
51,65,164,298,124,W+A
51,65,171,298,124,W+A
51,67,186,298,124,W+A
51,69,196,298,125,W+A
53,73,203,244,124,W+A
53,76,215,210,123,W+A
53,79,225,192,122,W+A
55,83,240,175,122,W
55,83,233,177,122,W
55,81,229,181,122,W
55,81,226,183,120,W
55,81,218,188,122,W
57,81,214,190,120,W
57,79,210,194,120,W
57,81,204,200,120,W
57,79,199,210,120,W
57,79,194,222,118,W
59,79,189,298,118,W
57,75,183,298,120,W
57,75,178,298,118,W
57,75,174,298,118,W
57,73,170,298,118,W
57,73,164,298,118,W
57,71,160,298,118,W
57,71,156,298,118,W
57,69,148,298,120,W
55,67,143,298,120,W
55,65,140,298,122,W
55,63,134,298,122,W
55,63,130,298,122,W
55,61,124,298,122,W
51,59,118,298,125,W
51,57,113,298,125,W
51,55,110,298,126,W+A
49,53,114,298,126,W+A
47,55,117,298,124,W+A
47,53,122,298,124,W+A
46,55,130,298,124,W+A
45,56,141,298,124,W+A
44,55,151,299,126,W
43,53,146,299,124,W
43,51,140,299,124,W
43,51,137,299,124,W
43,51,132,299,122,W
41,49,126,299,124,W
41,46,120,299,124,W
39,46,116,299,124,W
39,43,112,299,122,W
37,42,107,299,124,W
35,39,102,299,124,W
35,39,96,299,124,W
33,37,90,299,126,W+A
33,36,102,298,124,W+A
31,35,110,299,124,W+A
29,36,122,298,124,W+A
29,36,140,274,124,W+A
29,37,158,233,124,W+A
29,38,192,206,126,W+A
28,40,224,188,126,W
28,40,218,190,124,W
28,40,214,195,122,W
28,40,208,199,122,W
28,40,204,205,122,W
28,40,198,206,120,W
28,40,194,212,120,W
28,40,188,216,120,W
28,40,184,224,120,W
28,37,178,230,120,W
28,37,174,240,120,W
28,37,168,248,120,W
28,34,164,264,120,W
28,34,158,282,120,W
26,34,154,298,122,W
26,34,148,298,122,W
26,34,144,298,122,W
24,31,138,298,122,W
24,31,134,298,124,W
24,30,128,298,126,W
24,30,124,298,126,W+A
23,30,150,298,126,W+A
23,32,188,276,124,W+A
23,33,226,234,124,W+A
23,36,268,211,124,W+A
24,38,298,192,124,W+A
25,42,298,180,123,W
27,45,298,182,122,W
27,45,298,186,122,W
29,47,298,188,122,W
29,47,298,190,122,W
29,47,296,193,120,W
29,47,290,196,122,W
31,50,284,198,120,W
31,50,278,204,120,W
31,50,276,206,120,W
31,50,270,212,120,W
33,50,265,218,120,W
33,52,260,220,120,W
33,52,256,228,120,W
36,52,252,237,120,W+A
35,56,260,212,121,W+A
35,60,270,192,122,W+A
37,66,283,178,122,W+A
39,72,294,166,122,W+A
41,82,298,158,120,W+A
46,92,299,148,120,W+A
48,104,298,142,120,W
49,106,298,140,120,W
51,108,298,140,118,W
53,110,298,140,116,W
56,114,298,140,116,W
58,116,298,140,113,W
58,116,298,140,112,W
62,118,298,138,112,W
62,120,298,140,110,W
63,120,298,140,110,W
66,122,297,140,107,W
70,124,290,140,106,W
70,124,286,140,106,W
70,124,280,142,106,W
73,124,276,142,103,W
73,126,272,142,102,W
76,124,266,144,102,W
78,126,260,144,102,W
78,126,258,146,102,W
80,124,250,148,102,W
80,122,246,150,99,W
80,122,240,152,99,W
81,120,236,156,99,W
83,118,230,158,99,W
85,118,228,158,98,W
85,116,222,160,98,W
85,116,216,164,98,W
88,112,211,168,98,W
88,110,206,172,98,W
88,108,200,179,99,W
88,104,196,181,99,W
88,102,190,188,99,W
88,100,186,194,99,W
89,98,182,198,99,W
88,96,176,208,102,W
88,92,170,216,102,W
88,90,167,228,102,W
88,88,160,244,102,W
85,86,157,258,103,W
85,82,150,294,103,W
83,80,146,298,106,W
81,78,140,298,107,W+A
79,76,146,254,105,W+A
75,76,154,212,105,W+A
72,76,167,192,105,W+A
70,76,179,174,105,W+A
68,76,194,160,104,W
66,74,190,162,104,W
66,72,184,165,104,W
63,70,180,168,104,W
62,68,174,170,104,W
62,68,170,174,104,W
60,66,164,178,104,W
58,64,161,180,104,W
58,62,154,186,104,W
56,60,151,190,104,W
53,58,144,196,105,W
52,56,138,200,105,W
52,54,136,204,105,W
50,52,131,212,105,W
48,50,126,216,108,W
46,50,121,224,108,W
46,48,115,236,108,W
43,46,110,243,109,W
41,44,105,256,109,W
40,40,100,270,111,W
38,40,95,282,111,W
36,38,90,298,111,W
33,36,84,298,114,W+A
31,34,90,260,113,W+A
30,34,98,222,113,W+A
29,34,112,202,111,W+A
28,34,128,183,111,W+A
28,34,152,172,111,W+A
28,37,186,162,111,W
28,34,183,162,111,W
26,34,176,162,111,W
26,34,172,164,111,W
26,32,166,165,111,W
26,32,163,165,109,W
24,32,156,170,109,W
24,30,150,172,109,W
24,30,146,172,109,W
24,28,141,175,109,W
24,28,136,177,109,W
21,28,130,180,109,W
21,28,130,182,109,W+A
20,26,156,170,109,W+A
20,28,208,158,109,W+A
22,30,288,150,109,W+A
22,34,298,142,109,W+A
22,34,298,133,109,W+A
24,41,298,127,108,W
26,41,298,126,108,W
26,41,298,126,106,W
26,45,298,126,106,W
28,45,298,123,104,W
28,45,298,123,102,W
28,46,298,123,102,W
30,46,298,123,100,W
30,48,298,122,98,W
32,48,298,122,98,W
32,50,298,122,96,W
32,52,298,122,96,W
34,52,298,122,94,W
34,55,298,122,92,W
36,55,298,122,90,W
38,56,298,122,90,W
38,59,298,122,90,W
38,59,298,122,88,W
40,59,298,122,88,W
40,60,298,122,86,W
42,60,298,122,86,W
42,62,298,122,86,W
44,62,298,122,86,W
44,65,298,123,86,W
46,65,298,123,86,W
46,65,298,123,88,W
46,62,298,123,88,W
46,65,298,123,88,W
44,65,298,123,88,W
44,66,298,123,88,W
44,69,298,123,88,W
46,69,298,123,88,W
48,69,298,123,88,W
50,69,298,123,88,W
50,69,298,126,88,W
50,66,298,126,88,W
48,66,298,127,88,W
48,65,298,127,88,W
48,62,298,129,88,W
48,60,294,129,90,W
48,60,288,129,90,W
46,60,284,132,90,W
46,59,278,132,90,W
46,59,274,132,90,W
46,59,268,133,90,W
44,59,264,133,90,W
44,59,258,133,90,W
44,56,254,136,90,W
44,55,248,136,90,W
44,55,244,136,90,W
44,55,238,136,90,W
42,55,234,136,90,W
42,55,228,137,90,W
42,52,224,137,90,W
42,52,218,139,92,W
40,50,214,142,92,W
40,50,208,142,92,W
40,48,204,143,92,W
38,48,198,143,92,W
38,46,194,146,92,W
38,46,188,146,92,W
38,45,184,146,92,W
36,45,178,150,94,W
36,45,174,150,94,W
34,45,168,152,94,W
34,41,164,153,94,W
34,41,158,156,96,W
34,41,154,157,96,W
32,41,148,160,96,W
32,38,144,160,96,W
32,36,138,161,96,W
30,36,134,166,98,W
30,35,128,166,98,W
28,35,124,167,98,W
28,32,118,170,98,W+A
26,32,138,159,99,W+A
26,34,160,148,97,W+A
26,34,190,140,99,W+A
24,36,224,133,99,W+A
26,40,262,125,97,W
26,40,254,125,99,W
26,40,250,125,97,W
26,40,248,125,97,W
26,40,242,125,95,W
26,40,234,125,95,W
26,40,230,123,95,W
29,40,224,123,93,W
29,40,220,125,93,W
29,40,216,125,93,W
29,42,211,127,93,W
29,40,204,129,90,W
29,40,200,131,90,W
29,40,196,131,90,W
29,40,192,135,90,W
29,40,188,139,90,W
29,38,179,143,90,W
29,40,176,145,89,W
29,38,170,147,89,W
29,36,162,153,89,W
29,38,162,155,87,W
29,38,158,161,87,W
26,36,149,169,87,W
26,36,142,181,87,W
26,36,142,189,87,W
26,34,134,205,87,W
26,34,130,243,89,W
26,34,128,297,89,W
25,34,122,297,90,W
25,32,112,297,90,W
25,32,112,297,93,W
25,30,104,297,93,W
25,28,100,297,95,W
22,28,96,297,97,W+A
22,28,105,297,95,W+A
22,28,118,298,95,W+A
22,29,134,225,95,W+A
22,30,146,187,95,W
22,30,142,193,95,W
22,30,136,211,95,W
22,30,131,241,97,W
22,30,128,297,97,W
22,30,122,297,97,W
22,30,118,297,97,W
22,30,110,297,99,W
22,28,108,297,99,W
22,28,104,297,99,W
22,28,98,297,101,W
20,26,90,297,103,W
20,26,88,297,103,W
20,26,82,297,105,W
19,24,78,297,105,W
19,24,72,297,107,W
19,21,65,297,109,W
19,21,64,297,110,W
17,21,58,297,113,W
17,18,52,297,115,W+A
14,18,56,297,113,W+A
14,16,57,297,113,W+A
15,16,66,297,113,W+A
14,18,76,297,113,W+A
14,20,87,297,113,W+A
14,20,102,298,113,W+A
14,20,125,225,113,W+A
14,22,139,195,113,W
17,22,135,203,111,W
17,22,132,211,111,W
17,22,125,221,111,W
17,22,124,249,111,W
17,22,116,297,111,W
17,22,103,297,111,W
17,20,102,297,111,W
17,22,95,297,111,W
17,20,94,297,111,W
17,20,85,297,113,W
17,18,80,297,115,W
14,18,70,297,115,W
12,16,63,297,115,W
12,16,62,297,117,W
12,16,56,297,119,W
12,14,56,297,119,W+A
10,14,57,297,119,W+A
10,14,68,297,119,W+A
12,16,83,297,117,W+A
10,14,95,297,118,W+A
11,14,115,251,119,W+A
13,18,145,209,117,W+A
12,18,169,189,117,W
14,21,165,191,117,W
14,20,160,199,117,W
14,20,153,205,117,W
14,21,149,211,115,W
14,21,143,220,117,W
14,21,140,227,115,W
16,21,133,243,115,W
16,21,129,255,115,W
16,21,123,289,115,W
16,21,120,297,115,W+A
16,24,144,233,115,W+A
16,24,163,205,117,W+A
18,26,193,187,117,W+A
20,30,227,171,115,W+A
20,34,255,159,115,W+A
22,37,286,149,116,W
24,40,282,149,114,W
26,41,276,151,112,W
26,44,272,151,112,W
26,44,266,155,112,W
28,44,262,155,110,W
28,45,256,156,110,W
30,45,252,159,108,W
30,47,246,159,108,W
32,47,242,162,106,W
32,47,236,165,106,W
32,50,232,166,106,W
34,50,226,171,106,W
34,50,222,173,106,W
34,50,216,176,106,W
34,50,212,181,106,W
34,50,206,185,106,W
34,50,202,189,106,W
36,50,196,193,106,W
36,50,192,200,106,W
36,50,186,207,106,W
36,47,182,214,106,W
36,47,176,223,106,W
36,47,172,231,106,W
36,47,166,244,108,W
36,45,162,295,110,W
36,45,156,296,110,W
36,44,152,296,110,W
34,44,146,296,112,W
34,44,142,296,112,W
34,44,136,296,112,W
34,41,132,296,114,W
34,41,126,296,116,W
32,40,122,296,116,W
32,40,116,296,118,W
32,37,112,296,120,W
32,36,106,296,122,W
30,34,102,296,122,W
30,34,96,296,124,W+A
28,33,101,297,123,W+A
28,34,105,297,123,W+A
26,36,113,297,123,W+A
26,36,119,297,123,W+A
26,37,133,237,123,W+A
28,37,147,207,122,W
28,39,147,213,122,W
28,37,137,219,122,W
28,37,133,227,122,W
28,37,127,238,123,W
28,37,124,249,122,W
28,36,117,265,123,W
28,36,113,297,123,W
28,36,109,297,123,W
28,34,104,297,123,W
28,34,99,297,125,W
26,31,93,297,125,W
26,31,89,297,125,W
26,29,82,297,127,W
24,27,79,297,127,W
24,25,73,297,127,W
21,23,69,297,129,W
20,21,62,297,129,W
20,19,57,297,129,W+A
18,20,62,297,129,W+A
16,19,73,297,129,W+A
16,20,79,297,128,W+A
16,19,93,249,129,W+A
16,19,107,217,130,W+A
15,21,127,197,130,W+A
16,23,151,184,130,W+A
18,25,177,173,128,W+A
16,28,213,162,129,W
17,28,207,162,127,W
17,28,199,164,126,W
20,30,197,164,126,W
20,28,189,166,123,W
20,30,186,166,122,W
20,30,179,168,122,W
20,30,176,168,119,W
20,30,171,172,119,W
21,30,166,172,118,W
21,30,161,174,116,W
21,30,156,176,116,W
21,30,151,180,116,W
21,30,147,182,116,W+A
21,31,171,169,116,W+A
22,33,201,157,116,W+A
24,35,239,147,116,W+A
24,37,279,141,116,W+A
25,41,297,133,116,W
25,43,297,133,114,W
27,45,297,131,112,W
27,45,297,133,110,W
29,47,297,131,108,W
29,45,297,131,108,W
31,47,297,131,106,W
31,47,291,131,104,W
31,49,289,131,102,W
31,47,281,131,102,W
33,49,279,131,100,W
33,49,271,131,100,W
33,49,269,133,100,W
33,49,261,133,98,W
35,49,259,133,98,W
33,49,251,135,98,W
35,49,249,135,96,W
35,49,241,135,96,W
35,49,239,135,96,W
35,49,231,137,94,W
35,49,229,139,94,W
35,47,221,141,94,W
35,49,219,139,94,W
35,47,211,144,94,W
35,47,209,144,94,W
35,47,201,146,94,W
35,47,199,147,94,W
35,45,191,149,94,W
35,45,189,151,94,W+A
36,47,225,141,93,W+A
35,51,263,132,94,W+A
35,53,297,126,93,W+A
36,55,297,119,94,W+A
37,61,297,113,94,W
39,63,297,111,91,W
39,63,297,113,91,W
39,63,297,113,89,W
39,63,297,111,88,W
41,63,297,111,88,W
41,65,297,111,86,W
43,67,297,109,84,W
43,65,297,111,84,W
43,65,297,109,84,W
45,65,297,109,82,W
43,65,297,109,82,W
45,67,297,109,82,W
45,67,297,109,80,W
45,69,297,109,80,W
45,67,297,109,82,W
47,67,297,109,80,W
47,65,297,111,80,W
47,67,297,111,78,W
47,67,297,109,78,W
47,65,297,111,80,W
47,65,297,113,78,W
47,63,289,117,78,W
47,63,285,117,78,W
47,63,283,115,78,W
47,63,279,117,78,W
45,61,271,119,78,W
47,61,267,119,78,W
47,61,263,121,78,W
45,59,255,123,78,W
45,61,251,123,78,W
45,59,247,123,78,W
45,57,239,125,80,W
45,57,235,127,80,W
45,57,231,127,80,W
43,57,227,129,80,W
43,55,221,131,80,W
43,53,217,133,82,W
43,55,213,135,82,W
41,51,204,137,82,W+A
41,53,251,130,82,W+A
41,57,297,120,81,W+A
41,57,297,113,82,W+A
41,61,297,108,82,W+A
44,67,298,102,82,W+A
45,72,297,97,82,W
45,72,297,96,80,W
47,75,297,96,78,W
47,77,297,93,78,W
49,77,297,92,76,W
49,77,297,92,74,W
51,77,297,96,74,W
51,80,297,96,74,W
53,83,297,93,72,W
53,83,297,92,72,W
53,83,297,92,70,W
53,83,297,92,68,W
55,83,297,92,68,W
55,83,297,89,68,W
55,83,297,89,66,W
57,83,297,89,66,W
59,84,297,87,68,W
59,84,297,85,68,W
59,83,297,85,66,W
59,84,297,81,66,W
59,84,297,80,66,W
59,89,297,77,64,W
59,89,297,75,64,W
61,89,297,73,64,W
59,89,297,72,62,W
59,91,297,72,62,W
61,92,297,70,58,W
61,95,297,68,56,W
61,95,297,66,56,W
63,95,297,66,54,W
63,95,297,66,54,W+D
62,89,298,68,52,W
62,91,298,68,52,W
62,91,298,65,52,W
64,91,298,65,52,W
64,91,298,64,50,W
64,93,298,64,50,W
64,93,298,64,48,W
66,93,298,64,48,W
66,93,298,61,46,W
66,93,298,60,46,W
66,93,298,58,46,W
66,94,298,58,46,W
66,94,298,58,44,W
66,94,298,58,42,W
68,94,298,55,42,W
68,97,298,55,42,W
68,97,298,55,40,W
68,97,298,58,40,W
68,97,298,58,42,W
68,97,298,61,42,W
68,97,298,64,42,W
68,97,298,65,42,W
68,97,298,65,44,W
68,97,298,68,44,W
68,94,298,70,44,W
68,94,298,71,46,W
68,94,298,74,46,W
68,93,298,75,46,W
68,93,298,78,46,W
68,93,296,79,48,W
68,91,290,84,48,W
68,91,286,88,48,W
68,91,280,89,50,W
68,89,276,95,50,W
68,89,270,102,52,W
68,87,266,108,52,W
68,87,260,116,52,W
68,87,256,122,54,W
68,84,250,132,56,W
68,84,246,139,56,W
66,83,240,150,58,W
66,83,236,161,58,W
66,80,230,176,60,W
66,80,226,191,62,W
66,79,220,210,64,W
64,77,216,248,66,W
64,77,210,297,68,W
62,77,206,297,70,W
62,73,200,297,72,W
62,73,196,297,74,W
60,73,190,297,78,W
60,70,186,297,80,W
60,69,180,297,82,W
58,67,176,297,84,W
58,67,170,297,88,W
56,65,166,297,90,W
56,63,160,297,92,W
54,63,156,297,96,W
54,60,150,297,98,W
52,57,146,297,100,W
52,57,140,297,104,W
50,55,136,297,106,W
50,53,130,297,110,W
48,50,126,297,112,W+A
47,53,137,298,112,W+A
45,52,147,297,110,W+A
43,53,162,298,110,W+A
43,54,173,297,110,W+A
43,55,191,298,110,W+A
43,57,209,274,110,W+A
43,61,231,230,110,W
43,61,225,235,110,W
43,59,219,248,112,W
43,59,215,260,112,W
43,59,211,272,112,W
43,59,205,298,114,W
43,59,199,298,116,W
43,56,197,298,116,W
43,56,191,298,119,W
43,56,185,298,119,W
41,55,180,298,121,W
41,55,176,298,122,W
41,53,169,298,124,W
41,53,167,298,124,W
41,51,162,298,126,W
39,51,155,298,128,W
41,51,150,298,130,W
39,49,145,298,130,W
39,49,141,298,132,W
39,47,137,298,135,W
37,45,129,298,136,W+A
37,44,141,298,136,W+A
37,47,153,298,134,W+A
35,49,167,298,134,W+A
35,50,184,298,134,W+A
37,53,198,280,134,W+A
37,57,218,232,132,W
39,57,211,238,132,W
39,57,206,248,135,W
39,55,201,264,135,W
39,57,196,298,132,W
39,57,191,298,135,W
39,55,186,298,135,W
39,55,181,298,135,W
39,53,175,298,135,W
39,53,171,298,135,W
39,53,166,298,136,W
39,53,161,298,136,W+A
38,55,174,298,137,W+A
39,58,184,298,137,W+A
41,59,196,232,137,W+A
41,63,207,208,136,W+A
43,65,222,192,136,W+A
42,69,235,181,137,W
45,71,232,181,134,W
45,71,226,181,134,W
45,71,222,184,134,W
47,71,217,184,132,W
47,71,211,188,132,W
47,71,206,192,130,W
49,71,202,194,130,W
49,71,198,198,128,W
49,69,192,208,128,W
49,69,185,218,128,W
49,69,180,236,128,W
51,69,178,298,126,W
51,67,172,298,126,W
51,67,166,298,126,W
51,65,161,298,126,W
51,65,158,298,126,W
51,63,152,298,126,W
49,61,146,298,126,W
49,61,142,298,124,W
49,59,136,298,126,W+A
49,61,142,298,126,W+A
49,60,152,298,124,W+A
49,61,166,255,124,W+A
49,63,180,209,126,W+A
49,65,196,184,126,W+A
49,67,220,170,126,W+A
49,68,242,158,126,W+A
51,73,276,148,126,W
51,72,270,151,124,W
51,72,264,151,122,W
51,72,258,152,122,W
51,72,256,152,118,W
51,72,250,154,116,W
51,70,243,156,114,W
51,68,238,161,114,W
51,68,232,163,112,W
51,68,232,164,110,W
51,65,224,170,110,W
51,65,218,173,108,W
51,63,212,179,108,W
51,63,212,184,106,W
49,62,206,189,106,W
49,62,200,194,106,W
49,60,192,204,104,W
47,60,188,216,104,W+A
47,62,214,186,104,W+A
47,63,246,168,104,W+A
48,65,280,156,104,W+A
47,70,298,146,104,W+A
47,71,298,138,104,W+A
49,76,298,131,104,W+A
51,81,298,124,104,W
51,84,298,124,102,W
51,84,298,122,100,W
53,84,298,122,98,W
53,86,298,122,98,W
55,86,298,126,95,W
55,86,298,126,93,W
57,87,298,124,91,W
57,87,298,124,90,W
57,90,298,126,90,W
57,90,298,126,88,W
59,90,298,128,88,W
59,90,298,130,88,W
59,90,298,130,86,W
61,90,298,134,86,W
61,90,298,137,88,W
61,90,298,138,86,W
61,90,298,140,86,W
61,90,298,143,86,W
61,90,298,146,86,W
61,90,298,148,86,W
61,90,298,152,88,W
63,90,298,154,88,W
63,87,296,161,88,W
61,87,290,166,88,W
61,87,286,170,90,W
63,87,282,176,90,W
63,87,276,185,90,W
63,86,271,190,90,W
63,86,266,203,91,W
61,86,260,214,93,W
63,86,256,222,93,W
63,84,250,255,93,W
63,84,246,298,95,W
63,84,242,298,95,W
61,84,238,298,98,W
61,84,232,298,98,W
61,81,226,298,100,W
61,80,220,298,102,W
61,80,216,298,102,W
61,80,210,298,104,W
61,78,206,298,106,W
59,76,200,298,108,W
59,76,196,298,108,W
59,76,192,298,110,W
59,74,186,298,112,W
59,72,181,298,114,W
57,72,176,298,116,W
57,70,170,298,118,W
57,68,166,298,122,W
55,68,160,298,122,W
55,68,156,298,126,W+A
56,68,160,298,124,W+A
53,70,163,298,123,W+A
53,72,164,299,124,W+A
55,75,170,298,122,W+A
54,78,173,298,122,W+A
55,82,178,298,122,W
55,80,174,298,124,W
57,80,168,298,122,W
57,80,164,298,124,W
57,78,158,298,124,W
57,78,154,298,126,W
57,78,148,298,126,W
57,76,144,298,128,W
57,76,138,298,128,W
57,74,134,298,130,W
57,74,130,298,130,W
57,70,124,298,132,W
57,70,118,298,132,W
57,68,114,298,134,W
57,66,108,298,136,W
55,62,104,298,138,W
55,62,100,298,138,W
53,58,94,298,142,W+A
54,56,96,298,140,W+A
52,54,98,298,140,W+A
51,52,100,298,140,W+A
50,52,104,298,140,W+A
50,50,113,292,137,W+A
46,50,118,250,138,W+A
44,48,128,226,137,W+A
43,48,141,208,138,W+A
42,50,158,194,137,W
42,48,156,194,137,W
39,48,148,198,136,W
39,46,144,198,136,W
37,45,138,200,136,W
36,42,137,202,133,W
36,42,128,206,133,W
36,41,124,208,133,W
34,38,118,210,133,W+A
32,40,136,194,133,W+A
32,38,160,182,133,W+A
32,40,190,172,133,W+A
30,42,230,163,134,W+A
32,44,292,154,133,W+A
32,46,298,148,135,W
32,46,298,146,131,W
33,48,298,146,129,W
33,48,298,144,127,W
32,48,298,144,127,W
32,48,298,144,125,W
33,48,298,142,121,W
33,48,298,142,119,W
33,48,298,140,117,W
33,48,298,140,116,W
33,46,298,140,116,W
33,48,298,140,114,W
33,48,298,140,111,W
33,46,294,140,109,W
33,46,291,140,109,W
33,48,286,140,107,W
33,46,280,140,107,W
33,46,276,140,107,W
33,46,272,140,105,W
33,44,268,140,103,W
33,44,261,142,103,W
33,44,256,142,103,W
33,44,252,142,103,W
32,44,244,144,101,W
32,42,240,144,101,W
32,42,236,144,101,W
33,44,233,146,99,W
32,42,226,148,101,W+A
32,44,284,140,101,W+A
32,47,298,131,101,W+A
32,50,298,124,99,W+A
34,55,298,117,99,W+A
36,59,298,112,100,W
36,60,298,112,98,W
38,60,298,112,96,W
38,65,298,109,94,W
40,65,298,108,94,W
40,65,298,108,92,W
40,66,298,108,90,W
42,66,298,108,88,W
42,69,298,108,88,W
42,69,298,105,86,W
44,70,298,103,84,W
46,72,298,103,84,W
46,72,298,102,82,W
46,74,298,102,82,W
48,74,298,102,80,W
48,74,298,102,78,W
50,76,298,102,78,W
50,79,298,102,76,W
52,79,298,102,76,W
52,79,298,102,74,W
52,80,298,102,74,W
54,80,298,102,74,W
54,80,298,102,72,W
54,82,298,102,72,W
56,82,298,102,72,W
58,84,298,102,72,W
58,84,298,103,72,W
60,84,298,103,72,W
60,84,298,103,74,W
60,82,298,103,74,W
60,84,298,103,74,W
60,86,298,103,74,W
58,86,298,103,74,W
58,89,298,103,74,W
60,89,298,103,74,W
62,89,298,103,74,W
64,89,298,103,74,W
64,89,298,105,74,W
64,86,298,108,74,W
64,84,298,108,74,W
62,84,298,108,74,W
62,82,298,108,74,W
62,80,298,108,74,W
62,79,298,109,76,W
60,79,298,109,76,W
60,79,298,112,76,W
58,76,298,112,76,W
58,74,298,112,76,W
58,74,294,113,76,W
58,74,288,113,76,W
58,74,284,116,76,W
56,72,278,116,76,W
56,72,274,116,76,W
56,70,268,116,76,W
56,70,264,116,76,W
56,69,258,118,78,W
54,69,254,118,78,W
54,66,248,119,78,W
54,66,244,119,78,W
52,65,238,122,78,W
52,65,234,122,78,W
52,65,228,123,78,W
52,65,224,126,78,W
50,60,218,126,80,W
50,60,214,126,80,W
48,59,208,129,80,W
48,59,204,132,82,W
48,59,198,132,82,W
46,56,194,132,82,W
46,56,188,133,82,W
46,55,184,136,82,W
46,55,178,137,82,W
44,52,174,139,84,W
42,50,168,142,84,W
42,50,164,142,84,W
42,50,158,146,84,W
40,48,154,147,86,W+A
40,48,174,138,87,W+A
38,49,196,130,87,W+A
38,50,222,123,86,W+A
38,52,250,116,85,W+A
40,58,280,110,85,W+A
38,60,298,106,85,W
41,60,298,103,85,W
41,60,296,103,82,W
41,60,292,101,82,W
41,60,286,103,80,W
41,60,282,101,79,W
41,60,276,101,80,W
42,63,272,100,79,W
42,63,267,100,79,W
42,63,262,100,77,W
44,63,258,100,75,W
44,63,252,103,75,W
44,63,247,101,75,W
44,63,242,106,75,W
44,63,236,106,73,W
44,60,232,108,73,W
44,63,228,108,73,W
44,60,220,110,73,W
44,60,216,113,71,W
44,60,209,115,71,W
44,60,208,118,71,W
44,60,202,121,69,W
44,58,196,126,69,W
44,58,192,131,71,W
44,58,188,133,71,W
44,58,182,139,71,W
44,56,176,149,73,W
44,55,172,153,73,W
44,55,167,164,73,W
44,55,162,175,73,W
41,52,156,297,75,W
42,52,152,297,77,W
41,52,148,297,77,W
41,50,142,297,77,W
41,50,138,297,79,W
38,48,132,297,80,W
38,48,125,297,82,W
38,46,122,297,85,W
37,44,116,297,85,W
37,42,110,297,87,W
37,42,105,297,89,W
34,40,100,297,91,W
34,38,96,297,93,W
34,37,92,297,95,W+A
31,38,96,298,95,W+A
30,38,100,297,95,W+A
30,37,108,297,95,W+A
30,38,118,297,95,W+A
31,41,128,297,95,W+A
30,40,140,297,93,W+A
30,42,153,189,93,W
30,40,148,207,93,W
30,40,143,297,95,W
30,40,138,297,95,W
30,40,130,297,97,W
30,40,130,297,95,W
30,40,125,297,97,W
30,38,120,297,97,W
30,36,113,297,97,W
28,34,110,297,98,W
28,34,103,297,101,W
28,32,98,297,101,W
27,32,94,297,101,W
27,30,91,297,103,W+A
24,32,97,297,103,W+A
24,32,105,298,103,W+A
24,32,117,297,103,W+A
24,32,132,297,103,W+A
25,34,147,217,103,W+A
25,36,167,182,103,W+A
26,38,186,167,101,W
26,38,179,171,103,W
26,40,176,173,101,W
26,38,170,181,101,W
26,38,165,189,101,W
28,38,160,201,101,W
28,38,156,209,101,W
28,38,149,227,101,W
28,38,146,297,101,W
28,36,140,297,101,W
28,36,135,297,101,W
26,36,130,297,103,W
28,36,126,297,103,W
26,33,119,297,103,W
26,33,116,297,105,W
26,32,110,297,105,W
26,32,105,297,107,W+A
26,32,119,297,107,W+A
24,31,131,297,107,W+A
26,34,153,243,104,W+A
26,36,171,205,104,W+A
26,40,193,179,105,W+A
26,42,222,165,105,W
28,42,215,166,105,W
28,42,211,171,105,W
28,42,205,177,105,W
28,42,197,183,105,W
30,42,193,187,105,W
30,42,187,197,105,W
30,42,183,201,105,W
30,42,178,209,105,W
30,39,173,216,105,W
30,42,169,229,105,W
30,42,163,245,105,W
30,39,159,266,105,W
30,39,153,291,107,W
30,39,149,297,107,W
30,39,145,297,107,W
30,37,139,297,109,W+A
30,40,154,277,109,W+A
30,40,174,221,107,W+A
30,42,191,198,109,W+A
30,45,212,179,108,W+A
32,50,235,165,107,W+A
32,53,251,155,107,W+A
34,57,271,145,107,W
36,60,267,145,107,W
38,60,261,145,105,W
38,57,257,149,105,W
38,60,251,149,105,W
40,60,246,149,103,W
40,62,241,153,103,W
40,62,235,155,103,W
42,62,229,155,103,W
42,62,225,159,101,W
42,63,221,159,101,W
42,63,215,161,101,W
42,62,209,165,101,W
44,62,205,169,101,W
44,62,201,171,101,W
44,62,197,175,101,W
44,62,193,175,101,W
44,62,187,181,101,W
44,62,181,187,101,W
46,60,177,191,103,W
46,60,170,197,103,W
44,57,164,207,103,W
44,57,161,221,103,W
44,57,155,237,103,W
44,57,151,271,105,W
44,57,145,297,105,W
44,55,139,297,107,W
44,53,135,297,107,W
42,52,131,297,109,W
42,52,125,297,109,W
42,50,119,297,111,W
42,50,117,297,111,W
40,47,111,297,113,W
40,46,107,297,113,W
40,46,101,297,115,W
38,43,97,297,117,W
36,41,91,297,117,W
36,40,86,297,119,W
36,37,80,297,121,W+A
34,37,85,297,119,W+A
32,35,90,297,119,W+A
32,36,97,297,120,W+A
30,34,104,297,120,W
28,32,99,297,120,W
28,32,95,297,120,W
28,29,90,297,120,W
26,29,85,297,120,W
24,27,79,297,123,W
24,25,76,297,123,W
22,25,71,297,123,W
22,23,65,297,125,W
20,23,62,297,125,W
18,20,55,297,127,W
18,17,49,297,127,W+A
16,17,53,297,127,W+A
14,18,57,297,128,W+A
14,17,65,297,127,W+A
13,17,73,273,127,W+A
14,17,87,233,125,W+A
13,19,103,213,125,W+A
14,19,123,195,128,W+A
16,22,155,180,126,W
13,20,142,182,126,W
16,22,145,184,123,W
16,20,132,188,123,W
16,22,135,188,122,W
16,20,123,192,123,W
16,22,125,194,122,W
16,20,113,198,122,W
16,20,107,202,122,W+A
14,21,135,185,120,W+A
16,21,163,174,121,W+A
15,25,199,160,121,W+A
18,27,245,153,122,W+A
17,28,291,144,121,W+A
19,33,297,135,122,W+A
21,39,297,132,122,W+A
23,43,297,126,124,W
23,45,297,126,120,W
26,49,297,123,118,W
28,49,297,121,116,W
28,53,297,121,114,W
30,53,297,119,112,W
31,55,297,119,110,W
31,55,297,119,107,W
33,56,297,117,104,W
35,61,297,114,102,W
37,63,297,114,100,W
37,63,297,114,98,W
39,63,297,114,96,W
39,65,297,111,93,W
42,65,297,111,93,W
42,65,297,111,91,W
42,67,297,109,90,W
42,67,297,111,90,W
44,67,297,109,88,W
44,67,297,109,86,W
45,67,297,109,86,W
45,68,297,109,86,W
47,71,297,107,84,W
47,71,297,109,84,W
47,71,297,107,82,W
47,68,297,109,82,W
47,71,297,109,82,W
49,71,297,107,80,W
49,71,297,109,80,W
49,68,297,109,80,W
49,71,297,109,77,W
49,71,297,111,77,W
49,68,297,111,77,W
49,67,297,111,77,W
49,67,295,114,77,W
51,67,293,111,77,W
49,67,287,114,77,W
49,65,281,114,77,W
49,67,277,115,77,W
49,65,270,115,77,W
49,65,267,115,77,W
49,65,263,119,77,W
49,65,257,121,77,W
47,63,251,121,77,W
49,63,245,123,77,W+A
49,64,291,113,78,W+A
49,69,297,107,76,W+A
49,73,297,104,76,W+A
49,77,297,98,76,W+A
51,83,297,94,78,W+A
53,91,297,87,76,W
55,91,297,84,74,W
57,92,297,84,72,W
57,95,297,84,70,W
59,95,297,81,68,W
61,97,297,81,68,W
61,97,297,77,66,W
61,97,297,79,66,W
61,97,297,77,64,W
63,99,297,77,64,W
65,101,297,77,62,W
65,99,297,77,62,W
65,99,297,75,60,W
65,101,297,73,60,W
67,101,297,72,60,W
65,101,297,73,60,W
67,101,297,72,58,W
69,103,297,72,56,W
69,103,297,70,54,W
71,103,297,67,54,W
71,103,297,70,54,W
71,103,297,70,52,W
71,103,297,67,52,W
71,103,297,70,52,W
71,103,297,67,52,W
73,103,297,67,52,W
71,101,297,70,52,W
71,103,297,67,50,W
73,103,297,67,50,W
73,103,297,72,50,W
73,103,297,72,48,W
73,99,297,72,50,W
73,99,297,72,48,W
73,99,297,73,50,W
73,99,297,73,52,W
73,97,297,75,52,W
73,95,297,73,52,W
73,95,297,72,52,W
73,95,297,70,52,W
71,95,297,70,52,W
71,92,297,70,54,W
71,95,297,70,54,W
71,95,297,67,54,W
71,95,297,66,54,W
69,92,297,67,54,W
69,92,297,66,52,W
69,92,297,66,50,W
67,92,297,66,50,W
67,91,297,66,48,W
67,92,297,63,48,W
65,91,297,66,48,W
67,91,297,63,48,W
65,91,297,66,48,W
65,91,297,63,48,W
65,91,297,63,46,W
65,91,297,66,46,W
65,91,297,63,46,W
67,91,297,63,46,W
46,65,298,95,78,W
46,65,298,94,76,W
46,65,298,94,74,W
46,65,298,92,72,W
46,67,298,92,72,W
46,67,298,92,70,W
46,67,298,88,70,W
46,67,298,88,68,W
46,69,298,88,68,W
48,69,298,88,68,W
48,69,298,88,66,W
48,69,298,85,66,W
48,69,298,84,64,W
48,70,298,84,64,W
50,70,298,84,64,W
50,70,298,84,62,W
50,70,298,81,62,W
50,70,298,79,62,W
50,70,298,79,60,W
50,73,298,79,60,W
50,73,298,79,58,W
50,73,298,78,58,W
52,73,298,78,58,W
52,73,298,78,56,W
52,73,298,79,56,W
52,73,298,81,56,W
52,73,298,84,58,W
52,73,298,85,58,W
52,73,298,88,58,W
52,73,298,89,58,W
52,73,298,92,58,W
52,73,298,94,60,W
52,73,296,95,60,W
52,73,292,98,60,W
52,73,286,99,62,W
52,73,282,102,62,W
52,73,276,103,62,W
52,73,272,108,62,W
52,73,266,112,62,W
52,70,262,116,64,W
52,70,256,122,64,W
52,70,252,126,66,W
52,69,246,133,66,W
52,69,242,142,66,W
52,69,236,150,68,W
52,67,230,157,68,W
52,67,224,170,68,W
52,65,220,180,70,W
52,65,214,194,72,W
50,63,210,208,72,W
50,63,204,225,74,W
50,63,200,253,76,W+A
51,65,223,191,74,W+A
51,66,245,167,76,W+A
49,71,271,154,74,W+A
50,75,297,140,74,W+A
51,77,297,130,76,W+A
53,85,297,122,74,W
53,83,297,124,74,W
55,85,297,124,74,W
55,85,297,126,74,W
55,85,297,128,76,W
57,85,297,131,76,W
57,87,297,136,76,W
57,85,297,139,79,W
57,85,297,142,79,W
59,85,297,146,79,W
59,87,297,150,80,W
59,85,293,154,80,W
59,85,289,155,82,W
61,87,286,160,82,W
61,85,279,164,84,W
61,85,275,170,84,W
59,85,269,174,86,W
61,83,267,177,86,W
61,83,259,188,88,W
61,83,255,192,88,W
59,81,249,203,92,W
61,81,247,208,92,W
61,81,240,218,92,W
61,79,235,228,94,W
61,79,231,244,94,W
61,79,224,284,96,W
61,77,219,298,98,W
59,77,215,298,100,W
59,77,209,298,100,W
59,75,204,298,103,W
59,75,199,298,104,W
59,71,193,298,106,W
57,71,189,298,108,W
57,69,183,298,110,W+A
57,71,197,298,110,W+A
56,73,211,298,110,W+A
57,77,225,236,109,W+A
57,79,242,211,108,W+A
57,83,257,190,108,W
59,81,252,192,108,W
59,81,245,196,108,W
59,81,243,200,110,W
59,81,237,210,110,W
59,79,231,216,110,W
59,81,228,224,112,W
59,79,221,233,112,W
59,79,217,262,112,W
59,77,210,298,114,W
59,77,208,298,114,W
59,77,202,298,114,W
59,75,195,298,117,W
59,73,192,298,117,W
59,73,187,298,117,W
59,73,181,298,118,W
57,71,175,298,120,W
57,69,171,298,120,W
57,69,167,298,120,W
57,67,163,298,122,W
54,65,155,298,124,W
54,65,151,298,126,W
53,63,148,298,126,W+A
53,63,153,298,126,W+A
52,65,161,298,126,W+A
50,67,167,298,126,W+A
53,68,177,298,124,W+A
50,69,184,298,126,W
53,69,179,298,126,W
53,69,175,298,124,W
53,69,169,298,124,W
50,67,166,298,126,W
53,67,160,298,124,W
50,65,154,298,126,W
50,63,150,298,126,W
50,63,145,298,126,W
49,61,140,298,128,W
49,61,136,298,128,W
49,59,132,298,128,W
47,57,126,298,130,W
47,55,120,298,130,W
47,53,116,298,133,W
45,53,109,298,133,W
45,51,105,298,133,W
45,49,101,298,134,W
41,47,96,298,137,W
41,45,89,298,137,W
41,43,85,298,138,W
37,41,80,298,140,W
37,39,75,298,143,W+A
37,39,78,298,140,W+A
35,37,80,298,141,W+A
33,35,81,298,140,W+A
31,37,84,298,138,W+A
31,33,90,298,140,W+A
29,35,94,298,139,W+A
27,34,102,299,140,W+A
29,34,114,298,138,W+A
27,35,128,276,138,W
27,33,122,292,138,W
25,33,116,299,136,W
25,33,114,299,136,W
23,31,108,299,136,W
23,31,102,299,136,W
23,29,98,299,134,W
23,27,94,299,134,W
21,27,86,299,134,W
21,25,82,299,134,W
21,25,78,299,134,W
19,21,72,299,136,W
19,21,68,299,136,W
17,19,62,299,136,W
15,17,58,299,138,W
15,17,52,299,138,W+A
13,15,58,298,138,W+A
13,15,64,299,138,W+A
13,16,78,298,136,W+A
13,18,98,285,136,W+A
12,17,126,244,136,W+A
13,18,170,218,138,W+A
13,20,220,204,138,W+A
13,21,286,189,138,W+A
15,24,298,176,140,W+A
15,26,298,168,140,W
17,30,298,168,136,W
17,30,298,168,134,W
19,30,298,168,134,W
19,32,298,168,132,W
21,34,298,168,130,W
21,34,298,170,128,W
21,38,298,170,128,W
24,38,298,170,126,W
24,40,298,174,126,W
24,40,298,174,124,W
25,40,298,174,124,W
25,40,298,176,122,W
25,42,298,178,122,W
28,44,298,178,120,W
28,44,298,182,120,W
28,44,298,184,120,W
28,44,298,186,120,W
29,46,298,190,120,W
31,46,296,192,120,W
31,46,288,194,120,W
31,48,286,198,117,W
31,48,278,204,120,W
31,46,274,208,120,W
33,48,270,214,117,W
33,48,266,216,117,W
33,48,258,226,120,W
33,48,254,234,120,W
35,48,250,242,120,W
35,48,246,252,120,W
33,48,238,272,122,W
35,50,238,286,120,W
35,50,230,298,122,W
35,48,224,299,122,W
35,48,218,299,124,W+A
36,52,234,280,122,W+A
35,56,246,228,121,W+A
37,60,255,206,122,W+A
37,66,264,190,122,W+A
39,72,274,177,122,W+A
41,78,288,166,122,W+A
43,90,299,157,121,W
46,90,299,157,121,W
47,92,296,157,120,W
50,94,290,157,118,W
52,96,287,158,118,W
52,98,280,158,118,W
55,100,277,158,116,W
55,102,270,161,114,W
57,102,267,163,114,W
60,104,260,163,114,W
60,104,257,164,114,W
62,106,250,166,111,W
62,106,247,168,111,W
63,104,241,172,111,W
63,104,234,176,111,W
65,104,231,178,111,W
68,104,224,180,111,W
68,104,220,184,111,W
68,104,214,186,111,W
70,104,210,190,111,W
70,104,204,196,109,W
72,104,200,198,111,W
72,102,196,204,111,W
72,100,190,210,111,W
73,100,186,216,111,W
73,98,180,226,111,W
75,96,176,234,111,W
75,94,170,248,111,W
75,92,166,262,114,W
75,90,161,284,114,W
75,85,156,298,114,W
73,84,151,298,114,W
75,81,146,298,116,W
73,78,141,298,116,W
73,76,136,298,118,W
72,72,131,298,120,W
72,70,124,298,120,W
70,68,121,298,120,W
70,64,115,298,124,W+A
67,64,118,298,121,W+A
66,62,124,298,120,W+A
61,62,132,258,122,W+A
58,62,138,224,120,W+A
56,62,150,202,120,W+A
53,60,164,186,120,W
53,60,161,188,120,W
52,58,154,192,120,W
50,56,151,194,120,W
50,54,144,200,120,W
48,54,138,202,120,W
46,50,134,206,120,W
46,50,128,210,120,W
43,48,124,216,120,W
41,46,118,218,120,W
40,44,115,226,120,W
40,42,108,234,120,W
38,42,105,238,120,W
36,38,100,243,120,W
36,38,95,256,120,W
33,36,90,264,121,W
31,34,84,276,121,W
30,32,80,288,123,W+A
28,32,88,246,122,W+A
28,32,97,218,121,W+A
26,30,106,202,121,W+A
23,31,127,186,121,W+A
24,30,152,175,123,W+A
24,32,196,164,122,W+A
24,34,252,152,123,W+A
26,36,298,146,121,W
26,36,298,143,119,W
24,34,298,146,119,W
26,36,298,146,117,W
26,36,298,146,115,W
26,36,294,146,113,W
26,36,290,146,113,W
26,36,284,146,111,W
26,36,280,146,111,W
26,36,276,146,109,W
26,36,271,146,107,W
26,36,266,146,107,W
26,36,260,148,105,W
26,36,256,148,105,W
26,36,252,149,105,W
26,36,246,149,105,W
26,36,242,152,103,W
26,34,236,149,103,W
26,36,232,152,103,W
26,36,229,154,103,W+A
26,37,298,144,103,W+A
26,38,298,135,103,W+A
28,43,298,132,103,W+A
28,46,298,123,104,W+A
30,50,298,117,103,W+A
32,56,298,112,103,W+A
34,64,298,108,103,W
34,70,298,104,99,W
36,70,298,104,99,W
38,73,298,104,97,W
40,76,298,101,95,W
40,78,298,98,91,W
42,80,298,98,91,W
42,80,298,98,89,W
44,84,298,94,86,W
46,88,298,94,85,W
48,93,298,92,83,W
48,93,298,92,80,W
50,93,298,92,79,W
52,96,298,89,77,W
54,98,298,88,75,W
54,100,298,85,75,W
54,100,298,85,73,W
56,105,298,85,73,W
58,105,298,83,71,W
60,106,298,82,69,W
62,108,298,82,67,W
62,112,298,82,65,W
64,115,298,80,65,W
66,115,298,78,63,W
66,115,298,78,63,W+D
66,110,298,80,63,W+D
66,102,298,84,61,W+D
68,98,298,88,62,W+D
68,92,298,93,61,W
66,92,298,96,63,W
68,92,298,96,63,W
66,90,298,97,65,W
66,88,298,99,65,W
66,88,298,101,67,W
64,86,298,101,67,W
64,86,298,101,69,W
64,84,298,104,69,W
62,84,298,105,71,W
62,82,298,105,71,W
62,80,298,108,71,W
60,80,298,108,73,W
60,80,298,109,73,W
60,82,298,109,73,W
58,80,298,111,75,W
58,82,298,111,75,W
58,80,298,114,75,W
58,82,298,114,75,W
56,80,298,114,77,W
58,80,298,114,77,W
58,80,298,116,77,W
58,78,298,117,79,W
58,76,298,120,79,W
56,76,298,120,81,W
56,74,298,121,81,W
56,72,298,126,81,W
54,70,298,126,83,W
54,70,298,128,83,W
54,68,298,128,83,W
52,67,298,129,85,W
52,67,294,132,85,W
52,67,290,132,85,W
52,67,288,132,85,W
50,64,280,132,85,W
50,63,274,132,85,W
50,63,270,132,85,W
50,63,268,133,85,W
50,60,260,136,87,W
48,60,254,136,87,W
48,60,250,136,89,W
48,60,248,136,89,W
48,58,240,138,89,W
46,58,234,138,89,W
46,58,230,142,89,W
46,56,228,142,89,W
44,55,220,142,91,W
44,55,214,144,91,W
44,55,212,144,91,W
42,52,204,147,93,W
42,50,200,147,93,W
42,50,194,147,93,W
42,50,192,147,93,W
40,48,184,151,93,W
40,46,180,151,93,W
40,46,174,154,95,W
38,46,172,155,95,W
36,44,164,157,95,W
36,44,160,160,95,W
36,43,154,160,95,W
34,43,152,160,97,W
34,38,144,166,97,W+A
32,41,172,153,98,W+A
34,43,204,144,97,W+A
32,44,238,137,97,W+A
32,47,284,130,97,W
32,47,278,130,95,W
32,44,272,130,97,W
32,47,268,130,97,W
32,47,262,130,95,W
32,47,258,130,95,W
34,47,254,130,95,W
32,47,247,130,95,W
32,44,242,130,95,W
32,44,236,130,93,W
32,44,232,130,93,W
32,47,228,130,93,W
32,44,222,130,93,W
32,44,218,130,93,W
32,44,214,130,91,W
32,44,208,130,93,W
32,42,202,133,93,W
32,42,198,133,93,W
32,42,194,133,91,W
32,40,188,133,91,W
32,40,184,133,91,W
30,40,178,136,91,W
30,40,171,140,91,W
30,40,168,143,91,W
30,38,162,146,91,W
28,37,156,153,91,W
28,37,152,156,91,W
28,37,146,162,91,W+A
28,36,168,145,91,W+A
29,40,192,133,90,W+A
28,40,220,126,91,W+A
29,44,244,119,89,W+A
30,48,266,111,89,W
30,48,260,113,89,W
33,48,257,111,89,W
33,50,250,113,87,W
33,50,246,113,85,W
33,52,240,115,85,W
34,50,235,115,83,W
34,52,230,118,83,W
34,52,226,118,83,W
34,52,222,120,81,W
34,52,216,123,79,W
36,52,212,123,77,W
36,52,206,127,79,W
36,52,200,129,79,W
36,52,196,132,79,W
36,52,190,137,79,W
36,52,185,141,79,W
36,50,180,145,79,W
38,52,175,150,79,W
36,50,170,157,81,W
36,48,166,165,81,W
38,50,160,176,81,W
36,48,156,191,83,W
36,48,150,297,83,W
36,48,146,297,83,W
38,48,141,297,83,W
36,46,136,297,85,W
36,44,129,297,87,W
36,44,126,297,87,W
34,43,120,297,89,W
34,43,117,297,89,W+A
34,44,126,297,89,W+A
34,44,138,297,89,W+A
34,45,146,297,89,W+A
34,46,160,181,88,W+A
34,48,175,159,88,W
34,48,170,167,88,W
34,48,166,171,88,W
34,48,160,185,88,W
34,48,156,199,91,W
34,46,150,297,91,W
34,46,145,297,91,W
34,46,142,297,91,W
34,44,135,297,93,W
34,44,130,297,93,W
34,42,128,297,93,W
34,40,120,297,93,W
32,40,116,297,95,W
32,38,110,297,97,W
30,36,106,297,97,W+A
31,38,116,297,97,W+A
31,38,123,298,97,W+A
31,38,136,297,97,W+A
30,42,152,229,97,W+A
30,42,167,183,97,W+A
31,42,184,165,97,W+A
32,46,209,151,97,W
32,46,203,155,95,W
32,46,199,159,95,W
32,46,193,163,95,W
34,48,189,167,95,W
32,46,183,173,95,W
34,46,179,181,95,W
34,46,173,193,95,W
34,46,169,201,95,W
34,46,163,221,95,W
34,46,159,297,95,W
34,44,153,297,95,W
34,44,149,297,97,W
34,42,143,297,97,W
34,42,139,297,97,W
32,40,133,297,99,W
32,40,129,297,99,W
32,38,123,297,101,W+A
32,38,133,297,99,W+A
30,42,145,297,99,W+A
31,42,165,229,99,W+A
30,44,182,193,101,W+A
32,48,205,169,101,W+A
32,48,228,157,101,W+A
34,52,251,146,101,W+A
36,58,279,137,99,W+A
36,62,297,131,101,W
38,62,297,131,99,W
40,63,293,131,97,W
40,66,287,131,95,W
40,66,283,133,95,W
42,66,277,133,95,W
42,66,273,135,93,W
44,66,267,135,93,W
44,66,263,139,93,W
44,66,257,141,91,W
46,66,253,141,91,W
46,66,249,143,91,W
46,68,243,147,91,W
48,68,237,150,91,W
48,68,233,153,91,W
48,68,229,155,91,W
48,66,223,162,91,W
48,66,217,165,91,W
48,66,213,171,91,W
48,66,209,174,91,W
48,66,203,183,93,W
48,66,197,189,93,W
50,62,193,198,93,W
48,62,187,209,95,W
48,62,183,219,95,W
48,62,177,231,95,W+A
48,64,190,197,96,W+A
48,66,199,177,95,W+A
50,70,215,159,95,W+A
48,72,229,149,95,W+A
50,75,249,139,95,W+A
50,81,267,131,95,W+A
52,85,286,125,95,W
54,85,283,125,93,W
54,85,277,125,93,W
56,87,273,125,91,W
58,87,269,125,91,W
58,85,261,125,91,W
58,87,257,127,89,W
58,87,251,127,89,W
60,87,249,129,89,W
60,85,241,131,89,W
60,85,237,131,89,W
60,85,231,133,89,W
60,85,229,133,87,W
60,83,221,135,89,W
61,83,217,136,87,W
63,82,213,139,87,W
63,82,209,143,87,W
61,82,203,145,87,W
61,80,197,151,89,W
63,77,193,153,87,W
61,77,189,159,89,W
61,75,182,163,89,W
61,73,177,173,89,W
61,72,173,179,91,W
60,69,166,187,91,W
60,67,162,199,91,W
60,67,157,217,91,W+A
58,65,169,183,93,W+A
57,67,181,163,92,W+A
55,69,194,149,91,W+A
56,71,211,137,91,W+A
55,73,231,127,92,W+A
56,78,249,119,92,W+A
56,81,275,113,91,W
56,79,267,113,89,W
56,79,263,115,88,W
56,77,257,117,88,W
58,79,253,117,85,W
58,77,249,117,85,W
58,77,245,117,83,W
58,77,239,119,83,W
58,77,235,121,83,W
58,75,227,121,83,W
58,75,223,123,83,W
58,75,218,125,81,W
58,73,213,129,81,W
56,71,206,131,81,W
56,71,205,131,80,W
56,69,199,135,80,W
56,69,195,139,81,W
56,67,187,145,81,W
56,67,185,147,81,W
56,65,179,151,81,W
53,65,173,157,83,W+A
54,65,189,145,84,W+A
54,68,209,134,84,W+A
54,69,231,125,84,W+A
51,71,255,117,84,W+A
53,75,287,109,82,W+A
54,79,297,103,81,W+A
55,83,297,99,82,W+A
55,89,297,93,82,W
57,89,297,93,78,W
57,89,297,91,76,W
59,89,297,91,76,W
59,89,297,91,73,W
59,89,297,91,72,W
62,91,297,91,72,W
62,91,297,89,70,W
62,89,297,91,70,W
64,89,297,89,67,W
64,89,297,91,67,W
64,89,297,91,65,W
64,89,297,91,64,W
64,87,297,91,65,W
64,87,297,93,64,W
64,87,297,91,64,W
64,87,297,93,64,W
64,85,297,93,64,W
64,85,297,95,64,W
64,85,292,95,64,W
64,82,287,98,64,W
64,82,281,99,64,W
64,82,277,99,64,W
62,79,271,102,65,W
62,79,266,103,64,W
62,79,263,103,64,W
62,77,257,105,65,W
62,75,251,109,65,W
59,75,246,109,67,W
62,75,243,111,67,W
59,73,237,113,67,W
59,73,231,113,67,W
59,73,227,117,70,W
59,71,223,120,67,W
57,69,215,123,70,W
57,69,211,123,72,W
57,67,207,127,72,W
55,67,203,129,72,W+A
55,67,229,120,72,W+A
53,71,259,114,72,W+A
53,71,297,106,72,W+A
53,75,297,101,72,W+A
53,79,297,95,72,W+A
55,85,297,92,72,W
55,83,297,92,70,W
55,85,297,89,70,W
57,85,297,89,68,W
57,85,297,89,66,W
57,85,297,88,66,W
57,87,297,88,66,W
59,85,297,88,66,W
59,85,297,89,66,W
59,85,297,88,64,W
59,85,297,89,64,W
59,85,297,88,64,W
59,85,297,89,64,W
61,85,297,88,64,W
59,85,297,89,64,W
59,83,297,89,62,W
61,85,297,89,62,W
61,83,297,89,62,W
59,81,297,92,64,W
61,81,297,92,62,W
59,81,297,92,62,W
59,79,297,94,62,W
61,81,297,94,62,W
59,79,297,94,62,W
59,77,297,95,64,W
59,77,297,101,64,W
57,75,297,104,64,W
59,75,297,101,62,W
57,75,297,104,64,W
57,73,297,105,64,W
57,71,297,108,66,W+A
57,77,297,102,66,W+A
57,80,297,96,66,W+A
58,84,298,89,64,W
58,83,298,89,64,W
60,83,298,89,66,W
60,83,298,88,66,W
60,83,298,85,64,W
60,80,298,84,64,W
60,83,298,84,64,W
60,83,298,81,64,W
60,83,298,79,64,W
60,83,298,78,64,W
60,83,298,78,62,W
58,83,298,78,60,W
58,83,298,75,60,W
58,84,298,75,60,W
58,84,298,74,58,W
60,84,298,74,56,W
60,87,298,71,56,W
60,87,298,70,56,W
60,87,298,70,54,W
60,87,298,68,54,W
60,87,298,68,52,W
60,89,298,68,52,W
60,89,298,68,50,W
62,89,298,65,50,W
62,89,298,64,50,W
62,89,298,64,48,W
64,91,298,64,48,W
64,91,298,61,48,W
64,91,298,61,46,W
64,91,298,61,44,W
64,91,298,60,44,W
64,91,298,61,44,W
66,91,298,61,44,W
66,91,298,64,44,W
66,91,298,65,44,W
66,91,298,68,44,W
66,91,298,68,46,W
66,91,298,70,46,W
66,91,298,74,48,W
66,91,298,75,48,W
66,91,298,78,48,W
66,91,298,81,48,W
66,89,296,84,50,W
66,89,290,84,50,W
66,89,286,88,50,W
66,87,280,92,50,W
66,87,276,98,52,W
66,87,270,102,54,W
66,84,266,108,54,W
66,84,260,113,54,W
66,83,256,122,56,W
64,83,250,127,56,W
64,83,246,136,58,W
64,80,240,146,58,W
64,80,236,157,60,W
64,79,230,167,62,W
64,77,226,184,64,W
62,77,220,198,64,W
62,77,216,221,66,W
62,74,210,266,68,W
60,73,206,297,70,W
60,73,200,297,72,W
60,73,196,297,74,W
58,69,190,297,76,W
58,67,186,297,80,W
58,67,180,297,82,W
56,67,176,297,84,W
56,65,170,297,86,W
54,63,166,297,88,W
54,63,160,297,92,W
52,60,156,297,94,W
52,59,150,297,98,W
52,57,146,297,100,W
50,57,140,297,102,W+A
49,55,151,298,102,W+A
47,57,165,297,102,W+A
45,57,181,298,102,W+A
44,59,195,297,102,W+A
47,61,219,250,100,W+A
45,63,240,218,100,W
47,63,235,224,103,W
47,63,229,234,104,W
47,63,225,239,104,W
45,61,219,254,106,W
47,61,215,266,106,W
45,61,209,298,108,W
45,61,205,298,108,W
45,59,199,298,112,W
45,59,193,298,112,W
45,59,189,298,114,W
45,57,185,298,114,W
45,57,179,298,116,W
45,55,173,298,118,W
45,55,169,298,121,W+A
43,56,185,298,119,W+A
43,59,201,298,118,W+A
43,61,220,247,118,W+A
43,65,235,220,118,W+A
45,67,257,200,118,W
45,67,252,202,118,W
47,69,249,206,118,W
45,67,239,212,120,W
47,67,237,216,120,W
47,67,231,220,120,W
47,67,228,226,120,W
47,67,221,236,120,W
47,67,216,248,122,W
47,67,211,264,122,W
47,65,208,298,122,W
47,65,202,298,122,W
49,65,198,298,122,W
47,63,192,298,124,W
47,63,187,298,126,W
47,63,181,298,126,W
47,63,177,298,126,W
47,61,171,298,128,W
47,59,167,298,128,W
47,59,161,298,130,W
47,57,158,298,130,W
45,57,151,298,132,W
45,55,148,298,134,W+A
45,57,156,298,132,W+A
44,57,166,298,132,W+A
43,59,175,298,133,W+A
45,62,187,298,132,W+A
45,65,196,230,133,W+A
47,69,210,204,130,W+A
47,72,219,188,131,W
47,72,215,190,131,W
49,72,209,192,131,W
49,69,206,200,131,W
49,69,199,202,128,W
49,69,194,212,128,W
51,72,192,218,128,W
51,69,186,239,126,W
51,69,182,298,126,W
51,67,176,298,126,W
51,67,172,298,126,W
51,67,166,298,126,W
51,65,160,298,126,W
49,63,156,298,126,W
49,63,150,298,126,W
49,61,146,298,126,W
49,61,140,298,126,W
49,59,136,298,128,W+A
47,61,142,298,126,W+A
47,61,150,298,126,W+A
49,63,162,298,127,W+A
49,65,175,218,127,W+A
49,65,190,192,126,W+A
49,67,204,176,128,W+A
49,69,228,164,128,W
51,69,226,164,124,W
51,67,218,170,124,W
51,67,214,172,122,W
51,65,210,174,122,W
51,67,205,178,120,W
49,65,198,184,118,W
51,63,194,188,117,W
51,63,190,196,114,W
49,61,184,204,114,W
49,61,179,212,114,W
49,61,174,220,112,W
49,59,172,232,112,W
47,57,164,258,112,W
47,55,160,298,112,W
47,55,156,298,110,W
45,51,149,298,112,W
45,51,144,298,112,W
43,49,140,298,110,W
41,47,134,298,112,W+A
41,48,146,298,112,W+A
41,50,168,242,112,W+A
39,51,192,211,112,W+A
39,54,218,188,112,W+A
40,54,256,172,112,W+A
39,58,298,162,112,W+A
41,62,298,149,110,W
41,62,298,150,110,W
41,62,298,152,108,W
41,62,298,154,108,W
43,62,298,154,106,W
41,62,298,158,106,W
43,62,298,160,104,W
43,62,298,164,104,W
43,62,296,167,104,W
43,62,292,167,104,W
43,62,286,172,104,W
43,62,282,176,104,W
43,59,276,180,104,W
43,59,272,184,104,W
43,58,266,190,104,W
43,59,262,192,104,W
43,59,258,198,104,W
43,58,252,206,104,W
43,59,248,214,104,W
43,58,242,222,106,W
43,56,238,236,106,W
41,56,232,254,106,W
43,56,228,276,108,W
41,56,222,298,108,W
41,56,218,298,108,W
41,56,212,298,110,W
41,56,208,298,112,W
41,52,202,298,112,W
39,52,198,298,112,W
39,49,192,298,114,W
39,49,188,298,116,W
39,49,181,298,118,W+A
39,50,202,299,116,W+A
37,52,224,298,116,W+A
37,56,246,258,116,W+A
40,58,258,218,116,W+A
39,64,269,198,116,W+A
42,68,277,181,115,W+A
42,76,288,168,116,W
43,76,284,172,116,W
45,78,278,172,114,W
45,78,275,174,114,W
47,78,266,178,114,W
47,78,262,180,114,W
49,81,258,183,114,W
49,81,254,186,114,W
49,81,246,190,114,W
51,86,244,192,114,W
54,83,239,196,114,W
54,83,234,200,114,W
54,86,228,210,114,W
55,86,224,216,114,W
55,86,218,220,114,W
55,86,214,232,114,W
55,86,208,242,114,W
57,86,204,252,116,W
57,86,198,274,116,W
57,86,193,298,116,W
59,86,188,298,116,W
59,86,184,298,118,W
59,83,178,298,118,W
59,83,174,298,119,W
59,81,168,298,119,W
59,81,165,298,122,W
59,80,158,298,122,W
59,80,154,298,124,W
59,78,148,298,124,W
59,78,144,298,126,W
59,76,136,298,128,W
59,74,132,298,128,W
59,74,129,298,128,W
59,72,124,298,131,W+A
59,72,126,298,130,W+A
59,72,130,298,130,W+A
60,72,134,298,130,W+A
59,72,142,298,130,W+A
60,72,150,248,128,W+A
60,70,156,224,129,W+A
60,72,170,204,128,W+A
62,72,186,187,130,W
62,70,180,189,127,W
62,68,176,192,127,W
58,66,170,196,127,W
58,64,164,198,127,W
56,62,160,202,125,W
56,62,157,202,125,W
56,60,150,206,125,W
53,58,146,208,124,W
52,56,140,212,124,W
49,54,135,218,125,W
48,52,130,222,124,W
48,50,125,228,125,W
45,50,120,234,125,W
44,46,117,240,125,W
42,46,110,248,125,W+A
40,44,118,218,125,W+A
39,45,132,202,125,W+A
36,44,148,188,125,W+A
36,46,168,174,126,W+A
35,46,202,164,126,W+A
36,47,244,156,125,W+A
36,50,298,148,127,W+A
38,52,298,140,125,W
36,52,298,140,123,W
36,52,298,138,121,W
38,52,298,138,119,W
38,52,298,138,117,W
38,52,298,136,116,W
38,52,298,134,114,W
38,52,298,136,111,W
38,52,298,134,111,W
38,52,298,134,109,W
38,52,298,134,105,W
38,50,298,134,103,W+A
38,54,298,128,103,W+A
38,58,298,121,103,W+A
40,63,298,116,103,W+A
42,67,298,109,103,W+A
42,74,298,105,104,W+A
44,82,298,101,103,W
46,84,298,99,101,W
48,86,298,97,99,W
50,90,298,96,95,W
50,90,298,93,93,W
50,90,298,92,91,W
52,92,298,92,89,W
54,97,298,89,85,W
56,98,298,87,83,W
56,98,298,85,81,W
56,100,298,85,79,W
58,102,298,84,77,W
60,102,298,81,75,W
60,106,298,81,73,W
62,106,298,79,73,W
64,109,298,77,69,W
64,109,298,75,67,W
64,110,298,75,67,W
66,112,298,73,65,W
66,114,298,72,63,W
68,114,298,72,61,W
70,116,298,70,59,W
70,118,298,70,59,W
72,121,298,67,57,W
72,121,298,66,57,W
74,121,298,66,53,W
76,122,298,63,53,W
78,124,298,62,51,W
78,126,298,62,49,W
80,126,298,60,47,W
80,126,298,60,45,W
82,130,298,58,45,W
84,130,298,58,45,W
86,133,298,58,43,W
88,133,298,58,41,W
90,134,298,55,41,W
90,137,298,54,41,W
92,137,298,54,41,W
92,137,298,54,39,W
94,138,298,54,39,W
94,140,298,51,37,W
94,138,298,51,37,W
94,138,298,51,39,W
96,140,298,50,37,W
96,143,298,50,37,W
96,146,298,50,37,W
98,148,298,48,35,W
98,148,298,48,35,W+D
98,140,298,50,36,W+D
98,133,298,54,35,W
96,133,298,54,37,W
96,133,298,55,37,W
94,133,298,55,37,W
94,133,298,58,39,W
94,130,298,60,39,W
94,128,298,60,41,W
94,128,298,62,41,W
94,126,298,63,43,W
94,124,298,66,43,W
92,122,298,66,45,W
92,121,298,68,45,W
90,118,298,70,47,W
90,116,298,70,47,W
90,114,298,72,47,W
90,114,298,73,47,W
88,112,298,75,49,W
88,110,298,75,49,W
86,109,298,77,49,W
84,106,298,80,51,W
84,106,298,80,53,W
84,104,298,80,53,W
82,102,298,84,53,W
82,100,298,84,53,W
80,98,298,84,55,W
80,97,298,85,55,W
78,97,298,89,57,W
78,94,294,89,57,W
78,94,290,89,57,W
76,92,288,89,57,W
76,90,280,93,57,W
74,88,274,93,59,W
74,88,270,96,59,W
74,88,268,96,59,W
72,86,260,97,59,W
72,84,254,97,61,W
70,84,250,99,61,W
70,82,248,101,61,W
68,80,240,104,61,W
68,80,234,105,63,W
68,80,230,105,63,W
66,76,224,108,65,W
64,76,220,109,65,W
64,76,214,114,65,W
64,74,212,114,65,W
62,72,204,117,67,W
62,70,200,117,67,W
60,68,194,120,69,W
60,68,192,121,69,W
58,67,184,126,69,W
56,67,180,128,71,W
56,64,174,129,71,W
56,63,172,132,73,W
54,60,164,136,73,W
52,58,160,136,75,W
52,58,154,142,75,W
50,56,152,147,75,W
48,55,144,160,77,W
48,52,140,172,77,W
48,50,134,184,79,W+A
46,52,146,156,80,W+A
44,52,164,140,79,W+A
44,54,180,127,79,W+A
42,54,198,120,79,W+A
41,54,220,113,79,W+A
42,60,246,104,79,W
42,60,242,105,77,W
42,58,234,108,77,W
42,58,232,110,77,W
42,58,224,110,77,W
42,58,220,113,77,W
42,56,214,118,77,W
42,58,211,118,75,W
42,56,204,121,75,W
42,56,200,124,75,W
42,56,196,126,73,W
42,56,192,132,75,W
40,54,184,135,75,W
42,54,184,138,73,W
40,54,176,146,73,W
40,52,170,154,73,W
40,50,164,164,75,W
40,50,162,173,75,W
40,50,154,194,77,W
38,48,149,298,77,W
40,48,146,298,77,W
38,48,142,298,79,W
38,44,134,298,81,W
36,44,130,298,83,W
36,44,126,298,83,W
36,42,122,298,85,W+A
34,42,132,297,85,W+A
34,42,140,298,85,W+A
33,44,150,205,85,W+A
34,46,164,167,85,W+A
34,48,178,151,85,W+A
36,52,196,139,83,W
36,52,190,143,85,W
36,50,184,147,85,W
36,52,178,151,85,W
36,52,175,155,85,W
36,52,170,163,85,W
36,50,166,171,85,W
36,50,160,185,85,W
36,50,154,201,85,W
36,50,148,297,86,W
36,48,146,297,86,W
36,48,140,297,86,W
36,46,133,297,89,W+A
37,46,146,297,88,W+A
36,48,157,195,88,W+A
36,52,174,165,89,W+A
38,54,190,150,87,W+A
38,56,208,137,89,W+A
41,58,225,127,87,W+A
40,62,247,119,87,W+A
42,66,270,115,89,W+A
44,72,296,107,87,W
44,72,290,107,85,W
44,72,285,107,85,W
46,74,280,109,83,W
48,74,276,107,81,W
48,74,269,109,81,W
50,74,266,109,79,W
50,74,260,111,79,W
50,74,255,113,77,W
50,74,250,113,77,W
52,74,246,113,77,W
52,74,239,119,77,W
52,74,236,119,75,W
52,72,230,123,77,W
52,72,225,125,75,W
52,72,220,131,75,W
52,72,216,131,75,W
52,70,209,139,75,W
52,72,206,143,75,W
52,70,200,155,77,W
52,68,195,163,77,W
52,68,190,173,77,W
52,68,186,185,77,W
52,66,179,297,79,W
52,66,176,297,79,W
52,64,170,297,79,W
50,64,165,297,81,W
50,62,160,297,81,W
50,59,156,297,83,W
48,58,149,297,85,W+A
50,60,161,297,85,W+A
48,60,175,297,85,W+A
48,62,187,201,85,W+A
48,64,202,171,85,W+A
48,66,221,151,83,W+A
50,68,241,139,83,W
50,70,235,143,83,W
50,68,231,148,85,W
50,68,228,153,85,W
50,68,222,157,85,W
50,68,217,161,83,W
50,66,211,169,85,W
50,66,207,177,85,W
50,66,201,185,85,W
50,66,197,197,85,W
50,63,193,209,87,W
50,63,187,225,87,W
50,61,182,247,89,W
50,61,178,297,89,W
50,61,171,297,91,W
48,60,163,297,92,W
48,57,159,297,94,W
46,57,153,297,94,W
46,55,149,297,97,W+A
46,58,162,297,95,W+A
44,58,174,255,95,W+A
46,60,191,207,95,W+A
46,61,202,183,96,W+A
46,63,213,167,95,W+A
48,70,231,151,95,W+A
48,72,246,143,95,W
48,72,241,145,95,W
50,72,235,145,95,W
48,73,231,149,95,W
48,70,225,153,95,W
50,72,221,155,95,W
50,72,215,155,95,W
50,72,211,159,95,W
52,72,207,161,95,W
50,70,201,165,95,W
52,70,195,169,95,W
52,70,191,173,95,W
52,70,187,177,95,W
52,70,181,185,95,W
50,68,177,191,97,W
52,65,170,197,97,W
52,65,167,211,99,W
52,65,161,227,99,W
50,63,155,297,99,W
50,62,151,297,101,W
50,60,145,297,101,W
50,60,141,297,103,W
50,60,137,297,103,W
48,57,131,297,105,W
48,55,125,297,105,W
46,53,121,297,107,W
46,53,117,297,109,W
46,50,111,297,109,W
44,47,105,297,111,W+A
42,48,113,297,111,W+A
44,48,121,297,109,W+A
40,47,129,297,109,W+A
40,47,139,235,109,W+A
40,47,153,199,109,W+A
40,49,167,179,110,W
40,49,161,185,110,W
38,47,156,189,110,W
38,47,153,193,108,W
36,45,145,203,110,W
36,45,143,209,108,W
36,45,139,215,108,W
36,43,131,231,108,W
34,43,127,243,110,W
34,40,123,261,108,W
34,40,117,286,110,W
32,37,109,297,110,W
32,36,107,297,111,W
32,36,103,297,111,W
29,33,97,297,111,W
29,33,89,297,113,W
29,31,87,297,113,W
27,29,85,297,113,W
26,27,77,297,115,W
24,27,71,297,118,W+A
22,25,77,297,117,W+A
24,25,83,297,116,W+A
21,25,93,261,115,W+A
22,27,105,225,116,W+A
19,25,119,203,116,W+A
20,28,141,184,116,W+A
21,29,165,171,116,W+A
19,31,193,161,116,W+A
21,33,227,151,116,W+A
24,35,273,143,116,W
24,37,269,143,114,W
24,37,263,143,114,W
25,37,259,143,111,W
25,39,253,143,111,W
25,37,247,145,110,W
28,39,242,145,110,W
28,39,239,145,107,W
28,39,233,145,107,W
28,39,225,147,105,W
28,41,225,145,105,W
30,41,219,147,104,W
28,41,213,149,104,W
28,39,205,149,104,W
30,39,203,151,102,W
30,39,198,153,102,W
28,39,193,155,102,W
30,37,185,155,102,W
30,39,183,157,102,W
30,37,179,159,102,W
28,37,172,163,102,W
30,37,169,163,102,W
28,37,163,163,102,W
28,37,157,169,102,W
28,35,153,169,102,W+A
27,37,179,159,102,W+A
29,39,215,147,100,W+A
29,41,259,139,102,W+A
28,43,297,131,102,W+A
29,46,297,126,102,W+A
31,51,297,119,102,W
33,55,297,119,100,W
33,53,297,119,100,W
33,55,297,119,98,W
35,57,297,117,96,W
37,57,297,117,94,W
37,59,297,117,94,W
37,59,297,115,91,W
37,61,297,115,91,W
39,61,297,115,89,W
39,61,297,113,88,W
39,61,297,115,88,W
41,61,297,115,86,W
41,63,297,113,86,W
41,63,297,113,84,W
43,63,297,113,84,W
43,61,297,113,84,W
43,63,297,113,84,W
43,63,297,113,82,W
43,61,297,115,82,W
43,63,297,115,82,W
45,63,297,115,82,W
43,61,297,117,82,W
43,61,297,117,80,W
43,61,297,117,82,W
43,61,293,117,82,W
43,61,289,119,80,W
43,61,285,119,80,W
43,59,279,121,80,W
43,61,275,121,80,W
43,61,271,121,80,W
43,57,263,123,82,W
43,57,259,123,82,W
43,57,255,125,82,W+A
44,59,297,116,80,W+A
43,63,297,111,80,W+A
45,65,297,105,82,W+A
45,69,297,99,82,W+A
46,77,298,95,82,W
48,77,298,94,80,W
48,79,298,92,78,W
50,80,298,92,76,W
52,80,298,92,76,W
52,83,298,92,74,W
52,83,298,89,74,W
52,83,298,88,72,W
54,83,298,88,72,W
54,84,298,88,72,W
56,87,298,88,70,W
56,87,298,85,68,W
58,87,298,84,66,W
58,87,298,84,64,W
60,87,298,84,64,W
60,91,298,85,62,W
62,91,298,85,62,W
62,91,298,84,62,W
62,91,298,84,60,W
62,89,298,84,60,W
64,89,298,84,62,W
64,87,298,81,60,W
64,87,298,79,60,W
64,87,298,78,60,W
64,87,298,75,60,W
64,89,298,75,60,W
46,65,298,95,78,W
46,65,298,94,76,W
46,65,298,94,74,W
46,65,298,92,72,W
46,67,298,92,72,W
46,67,298,92,70,W
46,67,298,88,70,W
46,67,298,88,68,W
46,69,298,88,68,W
48,69,298,88,68,W
48,69,298,88,66,W
48,69,298,85,66,W
48,69,298,84,64,W
48,70,298,84,64,W
50,70,298,84,64,W
50,70,298,84,62,W
50,70,298,81,62,W
50,70,298,79,62,W
50,70,298,79,60,W
50,73,298,79,60,W
50,73,298,79,58,W
50,73,298,78,58,W
52,73,298,78,58,W
52,73,298,78,56,W
52,73,298,79,56,W
52,73,298,81,56,W
52,73,298,84,58,W
52,73,298,85,58,W
52,73,298,88,58,W
52,73,298,89,58,W
52,73,298,92,58,W
52,73,298,94,60,W
52,73,296,95,60,W
52,73,292,98,60,W
52,73,286,99,62,W
52,73,282,102,62,W
52,73,276,103,62,W
52,73,272,108,62,W
52,73,266,112,62,W
52,70,262,116,64,W
52,70,256,122,64,W
52,70,252,126,66,W
52,69,246,133,66,W
52,69,242,142,66,W
52,69,236,150,68,W
52,67,230,157,68,W
52,67,224,170,68,W
52,65,220,180,70,W
52,65,214,194,72,W
50,63,210,208,72,W
50,63,204,225,74,W
50,63,200,253,76,W
50,63,194,297,78,W
50,60,190,297,78,W
48,59,184,297,80,W
48,57,180,297,82,W
48,57,174,297,84,W
46,57,170,297,88,W
46,55,164,297,90,W+A
47,59,185,298,88,W+A
45,57,203,268,88,W+A
45,61,225,214,88,W+A
44,62,247,190,89,W+A
45,65,273,174,89,W
47,67,269,176,89,W
47,65,264,182,90,W
45,65,257,186,92,W
47,65,255,190,92,W
47,65,249,198,92,W
47,65,245,206,94,W
47,63,239,214,96,W
47,65,234,222,96,W
47,63,229,230,98,W
47,63,223,242,98,W
47,63,219,252,100,W
47,63,215,272,102,W
47,61,209,298,104,W
47,61,204,298,104,W
47,61,199,298,106,W
45,59,195,298,106,W
45,57,189,298,110,W
47,57,185,298,110,W
45,57,179,298,112,W
45,55,174,298,114,W
45,55,169,298,117,W
43,55,165,298,117,W+A
43,55,178,298,118,W+A
43,56,194,298,116,W+A
43,59,213,268,116,W+A
43,62,233,225,116,W+A
43,65,255,204,116,W+A
45,71,273,188,117,W
45,69,265,192,117,W
45,71,261,194,117,W
47,71,257,196,117,W
47,73,254,200,117,W
47,71,249,204,117,W
47,71,241,210,117,W
49,71,237,214,118,W
49,71,234,216,117,W
49,69,228,224,118,W
51,69,221,233,118,W
51,69,219,244,118,W
49,67,211,274,120,W
49,67,208,298,120,W
51,67,204,298,120,W
51,67,198,298,122,W
51,67,192,298,122,W
49,65,187,298,124,W
51,65,184,298,124,W+A
49,65,196,298,124,W+A
51,69,206,258,125,W+A
49,73,218,214,124,W+A
50,76,229,196,123,W+A
53,81,244,180,124,W+A
52,83,255,170,125,W
55,83,250,170,125,W
55,83,246,172,122,W
55,85,240,175,120,W
57,85,236,175,120,W
57,85,232,177,120,W
57,85,226,179,118,W
57,83,219,183,120,W
57,83,215,186,118,W
59,81,210,192,118,W
59,81,206,196,118,W
59,81,201,202,118,W
59,81,196,220,117,W
61,79,192,298,117,W
59,79,186,298,117,W
61,77,179,298,117,W
59,75,175,298,117,W
59,75,172,298,117,W
59,75,166,298,117,W
59,73,161,298,117,W
59,71,156,298,117,W
57,71,150,298,118,W
57,69,145,298,118,W
57,67,140,298,118,W+A
57,67,147,298,121,W+A
54,67,154,298,120,W+A
55,71,162,298,118,W+A
57,71,175,246,118,W+A
55,71,188,196,118,W
55,71,182,208,118,W
55,71,178,222,118,W
55,70,173,239,116,W
55,67,168,298,115,W
53,65,160,298,116,W
55,63,156,298,115,W
53,61,150,298,115,W
53,60,146,298,115,W
51,57,141,298,115,W
51,57,136,298,115,W
51,56,132,298,115,W
49,53,126,298,115,W
49,53,122,298,116,W
45,51,115,298,116,W
45,49,112,298,118,W+A
43,49,120,299,119,W+A
43,49,128,298,116,W+A
41,49,144,299,117,W+A
39,48,156,258,116,W+A
39,50,180,216,116,W+A
39,51,202,194,116,W+A
39,54,236,174,116,W+A
40,55,276,162,116,W
40,55,270,166,116,W
40,55,266,166,114,W
40,55,260,171,112,W
40,54,256,172,112,W
40,54,250,175,110,W
40,54,246,181,110,W
40,54,240,182,110,W
40,54,236,188,110,W
40,54,230,190,110,W
40,54,226,196,108,W
40,51,220,200,108,W
38,50,216,209,110,W
38,50,210,214,110,W+A
39,51,242,194,110,W+A
39,56,282,176,108,W+A
39,58,298,164,110,W+A
40,63,298,152,108,W+A
41,66,298,144,108,W
41,66,298,146,106,W
43,68,298,146,106,W
43,70,298,146,104,W
43,70,298,148,104,W
45,70,298,148,102,W
45,70,298,152,102,W
45,72,298,154,102,W
47,72,298,156,102,W
47,72,298,160,102,W
49,74,298,162,100,W
49,74,298,164,102,W
49,74,298,170,102,W
49,74,296,174,100,W
49,74,291,176,100,W
49,74,286,180,102,W
51,74,280,184,102,W
51,74,276,190,102,W
51,74,270,194,102,W
51,72,265,206,104,W
51,74,261,212,102,W
51,74,256,220,104,W
51,74,250,234,104,W
51,72,246,252,106,W
51,72,242,299,106,W
51,72,235,299,108,W
51,72,230,299,108,W
53,72,226,299,108,W
53,72,220,299,110,W
51,70,216,299,110,W
51,72,212,299,112,W
51,70,204,299,114,W
51,68,200,299,114,W
51,68,196,299,116,W
51,68,192,299,116,W
51,66,186,299,120,W+A
51,72,190,298,118,W+A
51,72,194,299,118,W+A
51,75,200,298,117,W+A
54,81,208,242,116,W+A
55,86,214,216,116,W+A
55,91,224,194,116,W+A
57,98,236,178,116,W
60,98,231,182,116,W
60,100,226,184,116,W
62,100,222,188,114,W
62,100,216,190,116,W
62,98,212,194,116,W
63,98,206,198,116,W
65,98,202,202,116,W
65,96,196,208,116,W
68,96,192,214,114,W
68,96,186,220,116,W
68,94,180,230,116,W
68,92,176,239,116,W
68,92,170,250,116,W
70,90,166,260,118,W
70,87,161,280,118,W
70,85,156,298,118,W
70,84,151,298,118,W
70,80,146,298,120,W
70,78,141,298,120,W
70,76,136,298,120,W+A
70,74,142,298,120,W+A
67,74,150,248,120,W+A
68,74,161,216,119,W+A
68,74,168,196,120,W+A
66,72,182,182,120,W+A
66,74,206,170,120,W+A
63,76,226,160,119,W
61,74,222,160,119,W
61,72,214,160,117,W
61,72,212,160,117,W
60,70,205,162,116,W
60,68,200,164,116,W
57,66,194,164,116,W
57,66,193,166,113,W
55,64,185,170,113,W
54,62,180,170,113,W
54,62,178,172,113,W
54,60,172,174,111,W
52,58,164,176,111,W
49,56,158,178,113,W
49,56,158,180,111,W
48,54,150,185,111,W
46,52,144,188,111,W
46,52,143,190,111,W
46,50,137,196,111,W
42,48,132,198,111,W
42,45,124,206,111,W
42,45,122,208,111,W
39,42,114,212,111,W
37,41,112,222,113,W
36,38,104,232,113,W+A
34,40,114,202,113,W+A
34,38,130,185,113,W+A
32,40,154,172,114,W+A
31,40,182,163,113,W+A
32,42,225,152,113,W+A
32,42,284,144,111,W+A
32,46,298,136,111,W
32,46,298,136,109,W
32,46,298,136,107,W
32,46,298,136,105,W
34,46,298,136,103,W
32,46,298,136,103,W
32,46,298,136,101,W
34,46,298,136,101,W
32,46,294,138,101,W
32,44,290,138,99,W
32,44,284,138,99,W
32,44,280,140,99,W
32,44,276,140,97,W
32,44,271,142,97,W
32,44,266,140,97,W
32,42,260,142,97,W
32,42,256,143,97,W
32,42,252,143,97,W
32,42,246,146,97,W
32,42,242,148,97,W
32,40,236,149,95,W
30,42,232,152,95,W
30,40,229,152,95,W+A
30,42,296,144,95,W+A
32,44,298,134,95,W+A
32,46,298,128,95,W+A
32,52,298,122,96,W+A
34,58,298,113,95,W
36,58,298,113,93,W
36,60,298,113,93,W
38,63,298,111,89,W
40,64,298,111,89,W
40,64,298,111,87,W
42,67,298,109,87,W
42,68,298,109,85,W
44,70,298,108,85,W
44,72,298,109,83,W
46,72,298,108,81,W
48,74,298,108,81,W
50,76,298,108,79,W
52,78,298,105,77,W
54,80,298,104,77,W
54,80,298,105,77,W
54,82,298,104,77,W
56,82,298,104,77,W
56,84,298,104,75,W
58,84,298,101,75,W
58,86,298,99,73,W
58,86,298,99,75,W
60,88,298,99,73,W
60,88,298,97,73,W
62,90,298,96,71,W
62,92,298,96,71,W
62,97,298,96,71,W
64,98,298,93,69,W
62,98,298,93,69,W
64,100,298,92,69,W
64,102,298,92,69,W
66,102,298,92,67,W
68,102,298,92,67,W
68,104,298,89,67,W
70,104,298,89,67,W
70,106,298,87,65,W
72,109,298,87,65,W
74,109,298,85,63,W
74,109,298,84,63,W
76,110,298,84,61,W
76,109,298,84,61,W
76,110,298,81,61,W
76,109,298,81,61,W
78,109,298,79,59,W
78,109,298,81,59,W
76,109,298,84,59,W
78,109,298,81,59,W
78,109,298,79,57,W
78,106,298,79,59,W
76,104,298,79,59,W
78,106,298,79,57,W
78,104,298,79,57,W
76,104,298,79,57,W
78,104,298,79,57,W
76,104,298,79,57,W
76,102,298,79,57,W
78,102,298,79,57,W
76,102,298,79,57,W
76,100,298,79,57,W
76,100,298,79,55,W
76,98,298,81,57,W
74,98,298,81,57,W
76,97,298,79,55,W
74,97,298,81,55,W
74,94,298,84,57,W
74,97,298,81,55,W
74,94,298,81,55,W
74,92,298,84,57,W
72,92,298,85,57,W
72,90,296,84,57,W
72,90,290,85,57,W
70,90,284,85,57,W
72,90,280,85,57,W
70,88,276,85,57,W
70,88,270,87,57,W
68,84,264,89,57,W
68,84,260,87,57,W
68,84,256,89,57,W
68,84,248,92,59,W
66,82,244,92,59,W
66,82,240,92,59,W
66,80,236,96,59,W
64,78,228,96,61,W
64,78,224,97,61,W
64,78,220,96,61,W
64,76,216,97,61,W
62,72,208,99,61,W
60,72,204,104,63,W
60,72,200,104,63,W
60,70,196,105,63,W
58,68,188,109,63,W
58,68,186,113,63,W
58,67,180,120,65,W
56,67,176,128,65,W
56,64,168,136,67,W
56,63,166,144,67,W
54,60,160,155,67,W
52,60,156,169,69,W
52,58,150,206,69,W
50,58,146,298,69,W
48,55,142,298,71,W
48,55,136,298,71,W
46,52,130,298,73,W
46,50,126,298,73,W+A
44,50,136,297,73,W+A
42,50,146,298,71,W+A
41,52,158,175,73,W+A
40,54,170,151,73,W+A
41,55,185,135,73,W+A
40,56,200,126,73,W+A
42,61,216,115,73,W
42,61,212,120,73,W
42,61,206,121,73,W
42,58,202,125,73,W
42,58,196,127,73,W
42,58,192,134,73,W
42,58,188,137,73,W
42,57,182,141,75,W
42,57,175,150,75,W
42,57,172,157,75,W
42,57,166,169,77,W
42,54,161,183,77,W
42,54,156,297,77,W
42,54,151,297,79,W
40,52,146,297,79,W
40,52,139,297,81,W
40,50,136,297,81,W+A
40,50,144,297,81,W+A
40,52,156,221,81,W+A
40,54,170,167,80,W+A
40,58,182,149,81,W+A
41,60,199,135,81,W+A
43,62,214,127,83,W+A
45,68,234,116,80,W+A
44,70,252,111,80,W
46,70,247,113,80,W
46,70,244,113,79,W
48,70,237,115,79,W
48,70,232,115,79,W
48,70,227,117,77,W
48,70,221,119,77,W
48,68,218,123,77,W
50,70,214,125,77,W
50,68,208,129,77,W
50,68,202,133,77,W
50,66,198,135,77,W
50,66,191,145,77,W
50,66,187,151,77,W
48,64,181,165,79,W
48,64,178,171,77,W
50,62,172,191,79,W
48,62,166,297,79,W
48,60,162,297,79,W
48,60,157,297,80,W
46,58,151,297,83,W
46,56,147,297,83,W+A
46,58,159,297,83,W+A
47,58,172,217,83,W+A
46,60,184,173,83,W+A
46,64,201,151,81,W+A
46,63,220,139,81,W+A
47,68,239,129,83,W
47,68,233,131,83,W
48,68,230,133,83,W
48,68,223,137,81,W
48,66,219,143,81,W
48,66,213,147,81,W
48,66,209,153,81,W
48,66,205,159,81,W
48,63,199,167,83,W
50,63,196,175,83,W
48,63,189,189,83,W
48,63,185,213,83,W
48,62,179,259,85,W
48,60,175,297,85,W
48,58,170,297,85,W
48,58,165,297,87,W
47,58,160,297,87,W
47,56,155,297,89,W
47,56,150,297,89,W
47,54,145,297,91,W
44,52,141,297,91,W+A
44,52,148,297,93,W+A
44,54,160,297,93,W+A
42,56,176,239,93,W+A
42,57,193,198,92,W+A
42,60,211,175,93,W+A
44,62,229,159,91,W+A
46,66,249,145,91,W+A
46,71,266,135,92,W
48,71,262,137,92,W
48,71,256,138,90,W
48,71,252,141,90,W
48,71,246,145,90,W
50,71,242,145,90,W
50,71,236,149,90,W
50,71,232,152,90,W
50,71,226,155,90,W
50,68,222,159,90,W
52,68,216,165,90,W
52,68,212,169,90,W
52,68,206,175,92,W
52,68,202,179,92,W
52,68,196,185,92,W
52,65,192,193,92,W
52,65,186,200,94,W
52,64,182,210,94,W
50,64,176,223,96,W
50,64,172,296,96,W
50,64,166,296,98,W+A
50,63,175,209,97,W+A
48,63,184,187,97,W+A
48,68,197,169,97,W+A
50,69,213,157,97,W+A
50,73,229,147,97,W+A
52,77,249,136,98,W+A
54,83,269,128,95,W
54,83,265,128,95,W
54,81,259,131,95,W
56,83,254,131,95,W
56,83,249,131,93,W
56,83,245,133,93,W
58,83,240,131,93,W
58,81,233,135,93,W
58,81,229,135,93,W
60,81,224,137,91,W
58,80,219,137,90,W
58,77,213,141,93,W
60,77,209,143,91,W
60,75,205,145,91,W
60,75,199,149,90,W
60,73,196,150,91,W
60,71,189,157,91,W
58,69,182,162,91,W
58,69,179,167,91,W
58,68,175,171,91,W
58,68,169,181,91,W
58,63,163,191,93,W
56,63,159,203,93,W
56,61,155,217,93,W
54,61,149,239,93,W
54,59,145,297,93,W
52,57,139,297,95,W
49,57,134,297,95,W
49,55,129,297,95,W
48,53,125,297,97,W
48,51,120,297,97,W+A
46,51,127,297,97,W+A
44,51,135,246,97,W+A
42,51,145,203,99,W+A
42,53,159,179,98,W+A
43,53,175,162,98,W+A
42,55,195,151,98,W+A
42,57,213,141,99,W
42,57,209,141,97,W
42,57,205,145,96,W
42,57,198,145,96,W
42,57,197,147,96,W
42,55,189,151,96,W
42,55,185,153,96,W
42,53,179,157,96,W
42,53,174,161,96,W
42,53,169,163,96,W
42,51,165,167,96,W
42,51,161,173,96,W
39,49,157,177,96,W
39,47,149,181,96,W
38,47,143,187,96,W
38,47,139,193,96,W+A
37,46,155,176,98,W+A
38,49,174,159,96,W+A
37,51,201,147,96,W+A
37,53,227,137,96,W+A
37,55,259,132,96,W+A
39,57,297,123,96,W+A
39,62,297,117,96,W
42,62,297,117,93,W
42,62,297,117,91,W
42,62,297,117,90,W
43,62,297,117,88,W
43,65,297,117,86,W
45,62,292,120,86,W
45,62,289,120,86,W
45,62,284,120,84,W
45,62,275,122,86,W
45,62,273,120,84,W
45,62,269,122,84,W
45,62,265,123,82,W
45,61,255,123,84,W
45,59,251,125,82,W
45,61,249,127,82,W
45,59,245,127,82,W
45,57,235,129,82,W
45,59,231,129,84,W
45,57,228,129,82,W
43,57,225,133,82,W
43,55,215,135,84,W
43,55,211,135,84,W
43,55,209,137,84,W
42,53,200,141,86,W
42,53,199,143,86,W
42,53,193,145,86,W+A
42,53,223,134,86,W+A
42,55,257,127,86,W+A
43,59,297,119,86,W+A
41,63,297,113,86,W
43,63,297,113,84,W
43,63,297,115,84,W
43,63,297,115,82,W
43,61,297,115,82,W
43,63,297,115,82,W
45,63,297,115,82,W
43,61,297,117,82,W
43,61,297,117,80,W
45,63,297,115,80,W
43,61,293,117,82,W
43,61,289,119,82,W
43,61,285,119,80,W
45,61,283,119,80,W
43,61,275,121,82,W
43,61,271,121,80,W
43,59,267,121,80,W
43,57,259,123,82,W+A
44,59,297,116,82,W+A
45,63,297,109,80,W+A
45,69,297,103,80,W+A
47,72,297,97,80,W+A
48,77,298,94,80,W+A
49,87,297,89,80,W
49,87,297,87,80,W
51,89,297,87,76,W
51,89,297,85,76,W
53,91,297,84,74,W
55,91,297,84,74,W
55,95,297,84,72,W
57,95,297,81,70,W
57,97,297,80,68,W
59,99,297,77,66,W
61,99,297,77,66,W
61,99,297,75,66,W
61,99,297,75,64,W
63,101,297,73,62,W
63,101,297,73,60,W
65,101,297,72,60,W
65,107,297,70,58,W
67,107,297,70,58,W
67,107,297,70,56,W
69,107,297,68,54,W
69,107,297,70,54,W
71,107,297,70,52,W
71,107,297,68,52,W
73,109,297,66,50,W
75,109,297,66,48,W
75,109,297,66,50,W
77,111,297,63,48,W
77,113,297,62,48,W
75,113,297,62,48,W
