0,0,0,0,0,W
32,41,298,81,60,W
30,41,298,81,58,W
W
32,41,298,81,60,W
30,41,298,81,58,W
30,41,298,81,58,W+A
31,45,297,75,58,W+A
31,47,297,74,58,W+A
31,53,297,68,56,W+A
33,59,297,66,56,W+A
35,65,297,62,57,W+A
37,77,269,58,54,W+A
39,91,199,54,54,W
41,95,194,52,52,W
43,99,189,52,50,W
44,103,189,50,48,W
47,109,180,46,46,W
49,113,173,44,44,W
51,115,176,44,43,W
53,121,165,42,40,W
55,125,159,40,38,W
57,128,153,38,36,W
59,127,148,34,34,W
59,131,151,34,34,W
62,131,139,32,31,W
65,133,134,30,29,W
67,137,129,28,26,W
69,133,123,26,24,W
69,135,120,23,24,W
71,141,120,22,22,W
73,135,109,22,20,W
76,141,104,20,18,W
79,143,97,18,15,W
79,137,101,18,18,W+D
79,136,113,18,14,W+D
79,125,297,18,14,W+D
79,117,297,18,16,W+D
79,113,297,21,14,W+D
81,111,297,22,14,W+D
81,104,291,27,18,W+D
80,98,276,30,18,W+D
81,95,245,36,18,W+D
79,88,227,48,22,W
79,88,221,48,22,W
79,87,217,51,24,W
77,81,211,53,28,W
77,81,207,53,28,W
77,79,201,56,30,W
73,79,197,56,34,W
73,75,191,62,34,W
73,73,186,62,34,W
69,73,181,70,38,W
69,73,175,70,38,W
67,69,171,78,38,W
63,65,165,78,40,W
63,65,161,94,40,W
63,65,155,103,40,W
57,61,151,117,44,W
57,59,147,280,44,W
57,57,141,273,46,W
53,57,137,268,46,W
51,57,131,260,50,W
51,55,127,253,50,W
47,55,121,248,52,W
47,55,117,242,56,W
45,52,111,235,56,W
41,49,107,228,66,W
41,49,101,221,66,W
41,47,97,215,66,W
41,47,91,210,74,W
39,41,87,203,74,W+A
39,43,81,206,74,W+A
36,43,90,208,74,W+A
37,41,85,214,74,W+A
37,47,95,218,74,W+A
35,39,103,225,72,W+A
35,42,99,234,78,W+A
32,41,105,236,80,W
35,35,101,234,80,W
37,39,97,226,78,W
31,41,91,216,82,W
31,37,86,206,84,W
32,31,82,196,82,W
27,31,75,186,90,W
27,33,71,176,92,W
27,31,67,168,92,W
31,25,61,158,102,W
21,23,56,148,102,W+A
25,29,51,152,100,W+A
23,25,49,160,102,W+A
19,19,43,168,102,W+A
23,25,49,178,101,W+A
15,21,45,188,102,W+A
17,17,41,182,102,W+A
20,23,50,190,102,W+A
12,19,45,185,103,W+A
14,15,42,182,102,W+A
16,20,40,182,103,A
17,21,46,182,100,A
15,21,48,188,96,A
15,21,52,190,100,A
15,21,60,192,102,A
13,21,64,196,98,A
13,21,72,200,104,A
13,21,80,204,108,A
13,21,90,209,108,A
13,23,104,214,118,A
13,23,124,220,117,A
13,33,154,108,128,A
13,36,168,106,142,A
13,37,178,106,144,A
19,38,178,100,172,A
20,40,182,103,236,A
21,46,182,100,284,A
21,48,188,96,298,A
21,52,190,100,298,A
21,60,192,102,298,W
21,61,188,99,298,W
31,63,182,90,298,W
31,66,179,86,298,W
33,68,172,84,298,W
35,68,168,84,298,W
37,70,162,78,298,W
37,72,158,72,298,W
41,74,152,70,298,W
41,76,148,69,134,W
44,78,142,69,118,W
44,80,137,58,104,W
45,81,132,56,88,W
47,84,128,232,74,W
47,86,122,224,72,W
49,87,118,214,62,W
49,90,112,205,60,W
51,90,108,196,51,W
51,92,102,186,50,W
53,86,98,178,47,W
55,80,92,168,38,A
56,84,96,184,40,A
55,90,96,202,40,A
57,88,98,224,49,A
59,86,100,255,50,A
59,88,104,283,52,A
61,86,106,298,52,A
63,86,110,298,63,W
65,82,104,298,52,W
69,78,100,298,48,W
74,78,96,298,36,W
75,74,90,298,39,W
80,68,84,298,46,W
77,64,80,282,52,W
74,62,75,271,52,W
75,58,70,258,60,A
78,58,73,298,56,A
73,58,76,298,52,A
70,58,80,298,51,A
68,58,84,298,51,A
68,60,88,298,50,A
66,60,95,298,48,A
62,60,100,256,46,A
60,60,108,136,43,A
64,62,118,110,45,W
60,59,112,120,45,W
58,57,108,128,47,W
56,52,102,140,51,W
54,50,98,147,49,W
50,48,92,182,51,W
50,46,88,205,55,W
48,42,82,226,55,W
44,40,78,232,57,A
44,41,84,182,57,A
42,43,94,134,55,A
42,42,108,120,53,A
40,44,124,106,55,A
40,44,148,96,53,A
40,46,184,90,53,W
38,46,179,90,55,W
38,44,174,92,53,W
36,42,170,94,55,W
36,42,164,96,55,W
34,40,160,98,55,W
34,40,154,99,55,W
32,38,150,102,57,W
32,36,146,104,57,W
30,34,137,114,59,W
28,34,131,116,61,W
28,32,126,122,61,A
28,34,150,109,61,A
28,34,183,96,61,A
28,36,264,89,61,A
28,38,298,85,60,A
28,40,298,81,61,A
28,42,298,78,61,A
28,47,298,75,61,A
28,49,298,72,61,W
28,50,298,72,61,W
30,52,298,69,59,W
32,56,298,68,57,W
32,58,298,65,57,W
34,60,298,65,55,W
34,62,298,63,55,W
36,64,298,63,53,W
36,66,298,61,53,W
38,69,298,59,50,W
38,69,298,63,50,W
41,70,298,63,49,W
41,72,298,61,49,W
42,75,298,63,46,W
42,76,298,61,46,W
45,78,298,59,44,W
45,80,298,61,43,W
46,78,298,59,43,W
48,76,298,59,46,W
48,78,298,57,44,W
50,78,298,59,43,W
50,78,298,57,43,W
52,80,298,57,43,W
52,82,298,57,43,W
54,80,298,57,41,W
54,82,298,55,43,W
56,82,294,54,41,W+D
56,78,298,55,41,W+D
56,76,298,56,41,W+D
56,72,298,58,41,W+D
56,69,298,61,44,W+D
52,64,298,72,43,W+D
52,60,298,78,45,W+D
50,56,184,88,45,W
50,54,180,88,45,W
48,53,174,92,47,W
46,53,170,94,47,W
46,50,164,104,49,W
46,48,161,104,53,W
42,47,155,108,53,W
42,47,150,109,55,W
38,44,144,111,55,W
38,44,140,114,57,W
38,44,134,114,57,W
36,42,130,118,59,W
34,40,124,120,61,W
32,40,120,121,61,W
32,38,114,124,65,W
32,38,110,124,65,W
30,37,104,126,65,W+A
30,32,134,118,67,W+A
30,34,298,111,67,W+A
30,35,298,105,66,W+A
26,36,298,99,71,W+A
26,38,298,94,69,W+A
28,42,286,89,69,W+A
28,44,266,85,69,W
30,46,260,83,67,W
30,46,256,83,67,W
30,46,252,81,67,W
30,44,246,80,67,W
32,46,242,80,65,W
30,46,236,77,65,W
32,46,232,77,63,W
32,46,228,75,63,W
34,49,222,74,63,W
30,50,218,74,63,W
32,52,212,72,61,W
32,54,208,72,61,W
32,56,204,69,59,W
32,62,198,68,59,W
34,64,194,68,57,W
34,70,188,65,57,W
36,72,183,65,55,W
36,76,178,63,55,W
38,78,174,63,53,W
41,93,164,59,50,W
41,99,160,59,50,W
45,100,154,57,49,W+D
44,93,160,60,49,W+D
44,88,164,62,47,W+D
44,84,172,63,47,W+D
44,79,180,64,48,W+D
48,76,180,68,47,W+D
46,71,177,70,49,W+D
46,68,172,70,49,W
46,66,168,72,49,W
46,66,163,73,51,W
44,73,157,73,51,W
44,73,152,76,51,W
46,80,146,76,51,W
48,78,142,73,51,W
48,194,136,70,51,D
47,75,138,74,51,D
48,72,140,80,51,D
50,63,142,84,53,W
48,70,138,86,53,W
46,68,132,86,53,W
46,186,128,80,55,W
46,182,123,82,55,W
43,173,118,86,57,W
46,170,112,82,57,W
48,168,108,78,60,W
46,168,103,80,55,W
43,160,98,82,57,W
50,152,92,78,57,W
48,150,88,72,57,W
56,148,82,73,60,W
185,144,79,76,61,D
190,142,80,74,63,D
47,149,81,72,59,D
47,148,83,72,57,D
50,156,86,76,59,D
52,154,88,76,61,D
52,161,93,74,63,D
52,160,95,74,62,W
52,156,90,70,62,W
48,154,84,66,66,W
53,142,81,62,67,W
210,138,74,58,62,W
206,136,71,54,66,W
204,132,64,50,70,W
199,120,59,46,62,W
196,116,56,44,58,D
203,126,58,44,62,D
214,126,60,44,60,D
225,134,64,44,58,D
240,134,68,44,56,D
257,142,73,44,52,D
278,143,78,45,52,D
73,149,86,44,50,D
59,152,94,46,47,W
89,146,86,42,44,W
297,142,83,41,42,W
297,134,78,38,40,W
293,128,74,37,38,W
285,123,68,32,34,W
274,118,63,30,32,W
266,108,58,28,29,W
254,102,52,26,26,W
245,98,48,24,24,W
233,86,42,21,21,D
261,96,48,22,22,D
296,98,50,22,22,D
297,106,50,22,20,D
297,110,48,22,20,D
297,117,54,25,20,D
297,121,60,25,20,D
161,130,60,27,20,D
113,140,60,26,20,D
100,147,60,28,20,D
99,159,72,31,20,D
87,169,72,32,20,D
89,181,72,34,20,D
77,195,82,36,20,D
77,211,84,40,20,D
79,233,86,42,21,D
93,261,96,48,22,D
297,296,98,50,22,D
297,297,106,50,22,D
287,297,110,48,22,D
265,297,117,54,25,D
245,297,121,60,25,W
251,297,118,56,28,W
259,297,111,52,32,W
265,297,108,52,37,W
273,297,101,56,40,W
75,297,98,52,44,W
71,297,92,48,38,W
75,297,88,44,40,W
79,297,82,50,44,W
75,297,78,46,40,W
79,297,72,42,37,W
83,297,68,38,40,W
79,297,62,42,38,D
83,297,67,42,36,D
80,297,70,42,34,D
77,298,74,42,32,D
77,297,84,42,32,D
83,267,89,42,34,D
79,179,99,42,37,D
77,145,107,47,40,D
79,131,117,48,38,D
83,115,128,50,37,W
77,117,123,48,34,W
77,123,118,43,37,W
79,119,113,46,38,W
75,127,108,43,37,W
75,129,101,40,32,W
77,135,97,38,37,W
72,142,93,38,34,D
77,123,104,40,34,D
75,113,118,40,34,D
73,107,135,42,32,D
81,99,163,42,32,D
81,93,203,43,34,D
80,88,269,50,36,D
87,83,297,52,36,D
201,83,297,54,36,D
200,79,298,60,36,W
80,74,298,60,38,W
80,73,298,60,38,W
70,73,298,60,42,W
70,70,298,60,42,W
62,70,298,60,42,W
62,70,298,60,44,W
56,65,298,60,44,W
52,65,298,60,44,W
52,63,298,60,44,W
50,63,298,60,44,W
46,63,298,60,44,W
44,63,298,60,44,W
44,63,298,64,44,W
44,63,298,65,44,W
44,63,298,65,46,W
44,63,298,65,48,W
44,59,298,65,48,W
44,57,298,65,48,W
42,57,298,65,48,W
40,57,298,65,48,W
40,57,292,65,48,W
40,57,288,65,48,W
40,57,282,65,48,W
40,57,278,65,48,W
40,57,272,68,48,W
40,57,268,68,48,W
40,57,262,68,48,W
40,57,258,68,48,W
40,57,252,68,48,W
40,57,248,68,48,W
40,57,242,68,48,W
40,57,238,71,48,W
40,57,232,71,48,W
40,57,228,71,48,W
40,57,222,71,50,W
40,57,218,71,50,W
40,57,212,71,50,W
40,57,208,79,50,W
40,57,202,79,50,W
40,57,198,84,50,W
40,53,192,84,52,W
40,53,188,92,52,W
40,53,182,92,52,W
40,53,178,98,52,W
40,53,172,98,52,W
40,53,168,98,52,W
40,53,162,98,52,W
38,50,158,98,58,W
38,50,152,98,58,W
38,50,148,98,58,W
38,50,142,98,60,W
38,50,138,98,60,W
38,189,132,98,60,W
38,183,128,98,66,W
36,175,122,98,66,W
36,171,118,98,66,W
36,165,112,98,70,W
36,156,108,98,70,W
36,149,102,98,70,W
44,142,98,98,70,W
44,135,92,92,70,W
60,128,88,84,70,W
290,121,82,84,70,W
298,115,78,84,70,W
298,107,72,78,70,W
298,101,68,71,70,W
298,93,62,64,70,D
297,99,63,63,70,D
249,105,67,66,70,D
167,113,67,63,70,D
125,121,67,61,70,D
93,131,69,59,72,D
78,141,69,59,72,D
67,153,71,63,74,D
65,173,73,61,76,D
64,195,75,60,76,D
59,297,77,59,68,D
54,297,79,59,70,D
55,297,81,63,72,D
56,297,85,63,71,D
54,297,89,63,68,D
51,298,93,62,64,D
54,297,99,63,63,D
58,249,105,67,66,D
62,167,113,67,63,D
68,125,121,67,61,D
76,93,131,69,59,D
84,78,141,69,59,D
94,67,153,71,63,D
112,65,173,73,61,D
130,64,195,75,60,D
156,59,297,77,59,D
194,54,297,79,59,W
170,55,297,77,63,W
146,57,297,77,61,W
122,54,297,75,61,W
91,51,297,73,63,W
58,55,297,71,61,W
44,57,297,71,61,W
44,59,297,69,59,W
40,61,297,67,59,W
40,63,297,67,57,W
42,68,297,65,57,W
38,69,297,65,55,W
38,72,297,62,55,W
40,74,293,62,53,W
40,75,289,60,53,W
42,77,283,59,51,D
42,72,281,61,51,D
42,67,279,65,51,D
42,63,273,67,51,D
42,60,272,70,50,D
42,58,245,71,51,D
42,56,233,77,51,W
40,53,229,77,51,W
40,53,223,75,51,W
40,52,219,77,53,W
40,52,213,77,53,W
38,52,209,77,53,W
38,52,203,77,53,W
40,49,199,79,55,W
40,49,193,79,55,W
38,48,189,77,55,W
38,48,183,77,53,W
38,48,178,79,55,W
38,48,174,79,55,W
36,45,167,81,53,A
36,48,181,77,53,A
36,50,192,73,56,A
36,54,207,69,55,A
36,56,209,65,55,A
36,60,211,63,55,A
36,65,217,62,57,W
38,68,211,59,55,W
38,68,207,59,55,W
40,69,201,57,51,W
40,72,197,57,51,W
42,74,193,54,49,W
42,75,187,53,49,W
44,77,181,53,47,W
44,80,177,57,47,W
45,81,171,54,45,W
47,85,167,53,41,W
50,87,161,59,40,W
50,90,157,57,40,W
51,87,153,57,37,W
51,85,147,65,37,W
54,87,142,77,35,W
54,90,136,197,40,W
56,83,131,197,37,W
56,81,127,195,37,A
56,89,129,189,37,A
58,89,131,69,37,A
58,87,133,67,39,A
60,97,135,67,39,A
62,98,139,53,42,A
64,95,143,51,41,A
66,107,147,50,41,A
68,105,153,43,40,A
70,119,159,43,41,A
72,119,167,43,43,W
72,115,161,39,39,W
77,113,157,43,39,W
80,109,153,41,36,W
77,105,147,37,33,W
84,101,141,45,33,W
85,99,137,43,30,W
80,99,131,39,30,W
84,95,127,35,31,W
87,91,123,151,27,A
84,92,128,150,30,A
81,91,135,33,30,A
85,91,135,33,32,A
88,93,143,33,33,A
85,92,143,33,31,A
91,95,149,33,32,A
95,95,151,33,29,A
93,97,149,35,30,A
91,99,149,35,34,W
91,97,145,29,30,W
90,95,141,25,31,W+A
91,97,133,21,21,W+A
88,97,131,19,24,W+A
85,99,125,19,24,W+A
83,101,121,20,20,W
83,101,115,143,12,W+A
81,105,109,143,14,W+A
81,99,105,144,14,W+A
82,101,102,143,22,W+A
81,97,97,144,22,W+A
83,97,91,145,36,A
83,93,93,156,32,A
83,95,93,167,26,A
85,93,95,182,22,A
87,90,95,201,22,A
87,89,97,224,22,A
89,93,99,254,22,W
91,89,95,244,24,W
91,83,89,230,34,W
89,79,85,218,33,W
91,76,80,204,42,W
93,71,75,194,48,W+A
87,65,72,208,55,A
91,65,73,248,50,A
89,65,77,298,46,A
81,65,80,298,47,A
83,65,83,298,42,A
80,65,87,298,40,A
77,64,92,298,38,A
72,65,96,298,36,A
77,65,102,212,36,A
75,65,109,142,38,A
71,65,117,106,40,A
69,67,128,87,38,W
69,65,124,94,38,W
65,61,118,106,36,W
63,59,114,114,40,W
63,56,108,124,42,W
61,53,104,132,42,W
57,51,98,145,46,W
55,49,94,152,48,A
53,49,104,128,48,A
51,51,115,110,47,A
51,51,132,96,44,A
49,54,154,86,44,A
49,55,182,80,44,A
49,57,228,72,42,A
47,60,298,68,44,W
47,57,296,70,44,W
45,55,288,70,44,W
45,55,282,73,46,W
45,55,282,73,44,W
43,53,276,74,44,W
43,52,270,76,46,A
43,56,298,71,46,A
43,58,298,67,46,A
42,60,298,65,46,A
43,63,298,60,46,A
43,67,298,59,46,A
43,72,298,56,48,A
44,78,212,54,47,W
44,80,208,52,44,W
45,81,204,52,44,W
47,84,198,50,42,W
47,86,194,49,42,W
49,87,188,49,40,D
47,80,288,50,40,D
47,76,298,52,40,D
47,72,298,55,40,W
49,72,298,52,40,W
49,73,298,50,38,W
51,75,298,50,38,W
51,77,298,48,36,W
53,77,298,46,36,W
53,80,298,46,34,W
55,81,298,44,34,W
55,84,298,43,32,W
57,84,298,43,32,W
57,84,298,44,32,W
57,85,298,43,30,W
59,87,298,43,30,W
59,87,298,43,32,W
59,84,298,43,32,W
59,85,298,40,30,W
59,85,298,43,30,W
61,87,298,44,30,W
61,87,298,44,32,W
61,85,298,43,30,W
59,85,298,43,32,W
61,84,298,46,32,W
61,85,298,46,30,W
61,85,298,50,34,W
61,80,298,50,34,W
63,81,298,50,34,W
61,81,298,50,34,W
59,84,298,55,36,W
59,77,298,56,36,W
61,77,298,55,36,W
61,77,298,58,36,W
57,80,298,56,38,W
57,73,298,56,38,W
57,73,298,56,40,W
59,75,298,55,40,W
59,75,298,58,40,W
55,72,298,58,42,W
55,73,292,58,40,W
55,72,288,58,40,W
55,72,282,58,40,W
55,72,278,58,40,W
57,72,272,58,40,W
53,72,268,58,42,W
53,72,262,58,42,W
53,72,258,60,42,W
51,72,252,58,42,W
51,72,248,58,42,W
51,72,242,63,42,W
49,70,238,63,42,W
51,70,232,60,42,W
51,70,228,63,42,W
51,70,222,63,42,W
51,72,218,63,42,W
51,72,212,67,42,W
51,72,208,67,42,W
49,68,202,67,44,W
51,70,198,70,44,W
51,70,192,70,44,W
49,68,188,70,44,W
49,66,182,70,46,W
49,68,178,70,44,W
49,68,172,70,44,W
49,66,168,76,48,W
49,66,162,76,48,W
51,66,158,82,46,W
49,66,152,82,50,W
49,60,148,216,50,W
49,60,142,215,50,W
47,62,138,215,50,W
47,62,132,215,50,W
47,58,128,206,50,W
45,58,122,198,50,W
47,60,118,192,54,W
47,58,112,192,54,W
47,58,108,184,54,W
43,60,102,179,58,A
43,62,108,182,58,A
43,60,110,192,52,A
44,66,110,188,54,A
45,70,117,193,54,A
45,72,118,188,54,A
44,72,126,186,56,A
43,82,128,184,56,W
46,82,124,182,54,W
49,75,118,178,52,W
49,80,115,176,50,W
51,82,108,174,54,W
53,77,105,172,52,W
51,72,98,164,50,W
53,66,93,163,56,W
55,68,88,160,54,W
55,66,84,158,64,A
54,63,88,156,58,A
56,64,90,158,54,A
57,62,93,156,55,A
60,64,96,157,58,A
62,68,100,154,56,A
58,68,104,156,54,A
58,68,110,156,55,A
60,68,116,156,60,A
64,72,125,156,62,W
64,70,118,152,56,W
59,66,114,148,51,W
59,64,110,146,56,W
62,64,104,142,49,W
58,62,100,138,53,W
53,58,95,134,58,W
58,54,88,130,203,W
53,52,84,124,197,A
52,54,90,126,211,A
49,54,96,128,54,A
52,54,105,130,59,A
52,56,104,132,57,A
52,57,115,134,55,A
49,58,116,136,56,A
50,60,114,139,53,A
48,62,122,144,58,W
52,60,117,138,53,W+A
50,60,110,136,55,W+A
50,63,104,136,55,W+A
50,63,102,134,55,W+A
50,67,96,133,55,W+A
50,69,92,133,50,W+A
50,72,88,133,57,A
50,74,88,142,49,W+A
50,74,85,146,57,W+A
52,76,82,148,57,W+A
54,68,78,151,57,W+A
56,70,74,155,65,W+A
61,64,70,160,69,W
62,60,66,150,75,W
64,58,60,138,83,W
58,52,56,126,97,W
61,48,52,115,109,W+A
62,43,46,118,109,W+A
55,38,44,123,105,A
56,38,44,147,95,A
56,38,46,183,89,A
53,38,48,297,85,A
49,38,49,297,79,A
46,38,51,297,75,A
48,40,54,298,73,A
46,40,58,293,69,A
44,40,62,283,66,A
44,40,65,269,67,A
42,40,69,241,67,A
40,40,77,201,73,A
40,40,83,169,209,A
40,42,93,139,201,A
40,42,107,119,196,A
38,44,123,105,191,A
38,44,147,95,185,A
38,46,183,89,181,A
38,48,297,85,177,A
38,49,297,79,175,A
38,51,297,75,175,A
40,54,298,73,170,A
40,58,293,69,171,A
40,62,283,66,165,A
40,65,269,67,167,A
40,69,241,67,161,A
40,77,201,73,159,A
40,83,169,209,151,D
40,77,201,73,159,D
40,69,241,67,161,D
40,65,269,67,167,D
40,62,283,66,165,D
40,58,293,69,171,W
40,58,289,69,171,W
40,58,283,67,171,W
40,58,279,67,175,W
40,60,273,65,173,W
40,60,269,65,173,W
40,60,263,63,173,W
42,60,259,61,173,W
42,60,253,61,55,W
42,60,249,61,51,W
42,60,243,61,51,W
42,62,239,61,49,W
42,62,233,61,47,W
42,62,229,61,47,W
42,62,223,61,47,W
44,63,219,59,45,W
44,63,213,61,45,W
44,63,209,61,45,W
44,63,203,61,45,W
44,66,199,63,43,W
44,66,193,63,43,W
44,66,189,63,43,W
44,66,183,63,43,W
46,66,179,61,43,W
46,66,173,61,45,W
46,66,169,61,45,W
46,66,163,61,45,W
46,75,159,61,43,W
46,89,153,61,45,W
46,264,149,61,45,W
48,256,143,59,45,W
48,249,139,59,45,W
48,244,133,59,45,W
48,235,129,59,45,W
48,229,123,57,43,D
48,242,134,60,44,D
48,256,135,65,43,D
48,264,143,69,43,D
48,266,145,73,43,D
50,86,155,77,43,D
50,72,163,79,45,D
50,70,167,89,45,D
52,57,176,89,47,W
50,66,171,87,49,W
48,64,167,91,51,W
44,72,162,91,53,W
43,69,155,85,55,W
43,81,151,83,55,W
44,246,145,89,57,W
43,238,141,85,59,W
40,235,137,81,62,W
48,234,132,79,65,W
48,231,125,81,62,W
44,224,120,77,65,W
54,216,115,73,67,W
52,214,111,67,61,W
52,212,105,71,62,W
61,212,101,71,65,W
58,200,95,65,61,D
60,204,97,62,59,D
60,212,106,62,61,D
56,207,107,71,63,D
52,212,113,69,65,D
53,216,118,69,61,D
56,214,124,69,57,W
52,212,117,67,61,W
56,208,112,69,63,W
59,204,107,65,57,W
54,202,103,61,57,W
59,194,98,57,61,W
63,189,94,61,57,W
60,187,88,57,52,W
66,183,83,53,57,W
71,174,78,49,52,D
68,180,81,49,49,D
65,186,85,54,46,D
63,186,89,55,47,D
63,190,96,55,51,D
66,196,104,55,51,D
64,198,111,55,49,D
62,204,120,61,47,D
60,208,134,61,46,W
63,203,128,60,49,W
65,198,124,57,49,W
60,192,118,55,46,W
63,188,114,53,44,W
65,178,108,51,49,W
60,174,104,49,46,W
63,170,98,47,43,W
65,166,93,45,44,D
62,168,104,45,43,D
61,176,104,46,43,D
61,180,118,47,43,D
66,186,116,49,41,D
66,193,130,51,41,D
64,199,128,52,41,D
64,206,138,56,43,D
64,216,138,58,43,D
72,229,138,60,42,D
72,240,144,63,43,D
72,76,150,67,43,D
81,63,150,72,43,D
82,62,152,78,44,D
84,66,158,84,43,D
96,65,166,93,45,W
83,63,160,98,47,W
81,55,154,98,47,W
70,52,150,93,49,W
68,60,146,96,51,W
58,72,141,100,53,W
58,298,134,93,53,W
48,298,130,90,55,W
48,246,126,90,57,D
48,299,128,98,57,D
56,298,134,96,59,D
58,79,138,94,62,D
60,62,142,102,63,D
61,48,146,102,65,D
72,48,152,100,68,W
60,44,146,96,72,W
56,54,142,100,75,W
43,66,136,96,78,W
33,96,132,92,75,W
31,298,128,87,80,W
36,298,122,87,83,W
31,298,118,84,80,W
36,294,112,80,80,W
40,292,106,74,83,W
38,288,102,70,80,W
46,286,96,70,75,W
48,282,93,66,78,D
48,280,95,66,78,D
46,278,100,66,73,D
44,274,104,66,70,D
42,264,110,70,72,D
40,250,117,70,74,D
40,200,126,70,70,W
41,218,121,68,66,W
46,238,115,68,68,W
46,240,112,66,66,W
43,236,106,64,62,W
47,247,102,60,62,W
50,242,96,58,60,W
52,238,93,54,56,W
55,234,86,52,56,D
54,232,93,52,55,D
51,210,102,52,54,D
49,176,112,54,52,D
51,151,124,54,52,D
51,134,130,56,49,D
49,116,142,58,52,D
49,92,156,58,52,W
49,102,152,58,52,W
49,110,145,56,50,W
49,112,140,54,48,W
51,118,136,52,48,W
51,122,128,50,46,W
49,124,124,50,44,W
51,126,120,48,44,W
53,130,114,46,42,W
53,132,110,44,40,W
56,134,106,44,40,W
63,136,102,42,38,W
65,140,94,40,36,W
65,142,90,40,36,W
71,144,87,38,33,W
73,148,78,36,32,W
73,150,74,34,32,W
77,152,70,34,29,W
77,150,66,32,28,D
77,142,168,34,28,D
75,131,166,34,28,D
73,124,160,36,28,D
73,116,160,38,28,D
74,109,160,41,28,D
73,104,160,43,28,D
69,99,160,44,28,W
73,99,156,38,28,W
73,98,150,41,30,W
73,98,146,41,30,W
73,98,140,38,30,W
73,98,136,32,30,W
73,95,130,32,30,W
75,95,126,32,28,W
73,94,120,32,28,W
73,94,116,152,28,W
73,94,110,146,24,W
73,94,106,140,24,W
71,91,100,135,24,W
71,91,96,128,36,W
71,91,90,120,192,W
71,85,86,114,190,W
69,81,80,108,190,W
69,81,76,103,190,W
69,80,72,96,186,W
69,80,66,90,186,A
69,75,66,94,190,A
68,71,66,98,190,A
69,72,66,104,194,A
69,76,66,110,196,A
69,73,66,118,198,A
69,72,68,128,200,A
71,70,68,138,202,A
71,72,70,148,81,A
74,69,70,151,60,A
75,68,72,163,57,A
77,68,78,174,52,A
72,66,80,170,46,A
74,68,84,181,46,A
78,66,86,180,46,A
80,66,90,186,44,A
75,66,94,190,42,A
71,66,98,190,40,A
72,66,104,194,38,A
76,66,110,196,41,A
73,66,118,198,46,A
72,68,128,200,48,A
70,68,138,202,65,A
72,70,148,81,80,A
69,70,151,60,89,A
68,72,163,57,101,A
68,78,174,52,117,A
66,80,170,46,139,A
68,84,181,46,173,A
66,86,180,46,205,A
66,90,186,44,231,W
66,88,183,44,229,W
66,88,177,40,215,W
64,88,172,40,201,W
64,86,166,42,163,W
64,86,162,40,31,W
62,84,156,40,31,W
62,84,152,48,29,W
66,84,146,48,29,W
66,84,142,194,29,W
64,82,136,188,29,W
64,82,132,182,27,W
64,81,126,174,29,W
64,81,122,167,33,W
62,78,116,161,33,W
62,76,112,156,33,W
62,76,106,148,41,A
62,80,106,155,41,A
62,80,112,163,42,A
62,78,112,172,35,A
62,84,112,179,35,A
62,88,116,189,35,A
62,86,116,204,35,A
64,92,120,219,35,A
64,96,122,297,35,A
66,94,124,298,37,A
66,94,126,297,37,A
68,103,130,55,33,A
70,100,134,56,35,A
72,100,138,41,35,A
73,108,144,41,37,A
76,106,148,41,39,W
81,102,143,39,34,W
78,104,138,47,34,W
81,100,134,43,31,W
84,96,128,53,27,W
82,92,124,277,33,W
84,88,120,283,29,W
88,88,113,279,27,W
86,84,110,277,33,W
81,80,103,273,31,W
84,76,98,277,31,W
86,72,94,275,39,A
80,74,97,265,35,A
79,74,102,256,33,A
82,74,108,243,33,A
81,74,116,213,31,A
78,74,120,153,30,A
75,74,130,115,33,A
78,76,137,69,35,A
76,76,149,59,37,A
74,77,163,51,37,A
72,80,297,47,35,A
74,82,297,41,35,A
74,84,293,37,35,W
72,82,287,39,35,W
72,82,283,41,35,W
72,80,279,43,28,W
70,78,273,45,31,W
70,78,269,47,27,W
68,74,264,51,27,W
66,74,257,65,28,W
66,72,253,67,31,W
64,72,249,69,31,W
62,70,243,73,32,W
62,68,239,75,32,W
60,66,234,77,35,W
59,64,228,81,37,W
57,62,223,83,43,W
57,60,219,85,45,W
54,58,213,89,47,W
52,56,209,91,47,W
52,52,204,93,49,W
50,52,197,95,49,W
48,50,193,99,51,W
48,48,189,101,53,W
46,48,183,103,53,W
42,44,179,107,55,W
42,44,174,109,57,W
40,42,167,103,57,W
38,42,163,105,58,W
36,36,159,109,61,W
34,36,153,107,63,W
34,42,149,101,63,W
32,40,144,103,65,W
30,48,137,105,67,W
26,48,133,101,67,W
25,218,129,95,69,W
32,208,123,97,71,W
30,206,119,99,71,W
29,204,114,95,73,W
36,194,107,89,75,W
34,186,103,85,75,D
34,195,105,90,77,D
36,206,107,89,79,D
33,213,109,87,75,D
30,212,113,87,77,D
28,222,115,93,79,D
31,228,119,92,80,D
30,76,123,91,77,D
32,60,130,95,79,D
34,46,136,95,83,D
35,46,142,96,83,W
31,56,136,92,83,W
31,54,132,92,87,W
31,64,126,88,87,W
26,220,122,84,83,W
32,216,116,80,83,W
35,208,112,76,84,W
31,204,108,76,80,W
36,200,102,72,77,W
41,196,98,68,83,W
41,188,92,64,77,W
45,184,88,62,73,W
46,182,81,58,73,W
50,178,78,54,69,W
62,174,71,50,63,D
52,174,75,51,65,D
50,181,80,51,61,D
48,182,86,51,59,D
46,190,92,51,57,D
48,196,100,51,55,D
48,198,106,53,57,D
47,202,120,53,55,D
44,210,120,55,53,D
44,216,132,57,53,D
44,222,136,57,51,D
48,232,141,59,50,D
48,241,154,62,51,D
48,82,154,66,51,D
48,67,166,67,51,D
48,62,174,71,50,D
48,52,174,75,51,D
56,50,181,80,51,D
56,48,182,86,51,D
56,46,190,92,51,W
56,46,184,94,53,W
45,44,179,96,53,W
44,42,174,94,55,W
38,49,168,96,55,W
38,46,164,98,57,W
36,54,158,94,57,W
32,54,154,92,59,W
32,64,148,94,59,W
34,60,144,96,61,W
34,298,140,90,63,W
32,298,134,87,63,W
34,270,128,90,65,W
38,248,124,90,65,W
38,240,118,84,67,W
40,226,114,78,67,W
44,216,108,80,67,W
44,203,104,81,67,D
44,232,104,80,69,D
46,298,110,78,69,D
45,299,112,80,67,D
46,298,115,86,68,D
40,298,118,86,69,D
40,298,124,84,71,D
39,298,128,91,74,W
42,298,124,88,68,W
46,298,120,84,69,W
42,298,114,80,74,W
42,298,110,76,69,W
48,298,104,76,68,W
46,298,99,72,72,W
46,298,94,68,72,W
54,298,90,64,65,W
52,298,84,64,68,D
52,298,88,64,70,D
53,296,92,64,70,D
50,286,97,64,66,D
47,270,104,64,64,D
46,224,110,68,66,D
48,140,117,68,67,D
50,108,126,68,66,D
51,91,137,70,63,D
49,76,148,70,62,D
49,76,162,72,62,D
47,66,192,72,64,D
51,64,298,74,62,D
57,62,298,76,60,D
58,56,298,82,59,D
57,52,298,84,64,D
57,52,298,88,64,D
69,53,296,92,64,D
69,50,286,97,64,W
71,50,280,98,64,W
57,43,276,98,68,W
57,43,270,98,68,W
45,43,266,98,68,W
45,43,260,97,66,W
35,38,256,97,66,W
35,38,250,97,66,W
35,38,246,97,70,W
31,38,240,97,68,W
31,34,236,97,68,W
31,34,230,97,68,W
27,36,226,94,68,W
27,36,220,94,68,W
27,36,216,94,68,W
23,36,210,94,70,W
25,36,206,92,70,W
25,31,200,92,70,W
25,31,196,92,70,W
25,31,190,97,70,W
25,31,186,94,68,W
23,31,180,94,68,W
23,31,176,98,68,W
23,31,170,98,68,W
23,30,166,104,68,W
23,30,160,104,68,W
23,30,156,116,68,W
23,30,150,236,68,W
21,31,146,228,66,W
21,31,140,220,66,W
21,31,136,218,66,W
21,31,130,215,66,W
23,34,126,206,68,W
23,34,120,198,68,W
23,34,116,192,68,W
23,36,110,184,70,W
23,36,106,179,70,W
23,36,100,172,70,W
23,36,96,167,76,W
25,36,90,158,74,A
25,35,100,164,74,A
25,38,102,176,74,A
25,42,102,188,70,A
25,44,110,195,70,A
25,50,112,202,72,A
26,47,114,209,72,A
27,54,116,218,72,A
27,61,118,228,72,W
29,58,114,222,72,W
31,56,109,210,72,W
31,61,104,208,70,W
36,60,98,205,67,W
37,56,94,198,70,W
36,56,88,186,67,W
39,61,84,184,65,A
39,62,86,196,68,A
41,60,90,204,70,A
43,60,93,204,72,W+A
41,66,92,208,70,W+A
48,62,90,204,70,W+A
45,64,90,202,68,W+A
50,60,90,198,66,W+A
52,58,90,196,63,W+A
50,54,93,192,62,A
54,56,99,194,68,A
56,57,105,196,73,A
54,56,114,200,72,A
52,58,124,204,73,A
52,60,130,208,83,A
50,60,144,214,87,A
52,62,152,220,99,A
56,64,156,76,121,A
54,66,170,70,160,A
54,71,181,62,211,W
54,71,177,66,180,W
54,68,170,67,143,W
54,68,166,78,97,W
52,66,160,91,81,W
52,66,156,204,67,W+A
52,68,150,206,67,W+A
52,72,154,205,68,W+A
52,74,148,77,51,W+A
52,78,146,73,51,W+A
54,84,142,70,51,A
54,86,143,68,50,A
54,90,144,55,51,A
56,98,148,54,297,A
57,96,150,53,297,A
58,108,154,51,297,A
60,108,157,45,297,W+A
64,117,156,41,297,W+A
66,122,158,37,297,W
70,120,152,41,297,W
72,116,146,37,35,W
75,112,142,35,35,W
78,116,136,41,31,W
78,112,131,37,27,W
78,106,125,35,33,W
82,102,122,41,29,W
82,98,116,251,25,W
82,96,111,249,29,W
84,92,107,247,29,W
88,86,102,245,25,W
82,82,96,241,29,W
84,78,92,239,29,W
88,74,86,239,47,W
84,70,81,235,62,A
83,70,86,231,57,A
86,70,88,227,47,A
88,70,92,227,45,A
84,70,94,218,33,A
82,70,99,209,33,A
86,70,105,195,31,W+A
78,66,101,179,33,W+A
75,64,104,173,42,W+A
70,64,97,153,43,W
66,59,93,163,47,W
64,58,87,163,55,A
63,58,95,147,53,A
62,60,230,131,47,A
61,62,224,115,47,A
58,62,219,103,45,A
59,64,217,93,45,A
58,66,213,86,43,A
56,68,211,79,43,A
56,70,209,75,37,W
56,67,203,77,45,W
54,66,199,77,45,W
54,66,193,77,45,W
54,64,189,79,51,W
54,59,183,79,51,W
52,58,178,81,51,W
52,58,174,81,51,W
52,58,167,83,53,W
52,49,163,83,53,W
48,48,157,85,53,W
48,48,153,85,53,W
48,53,147,85,55,W
44,53,143,85,55,W
42,62,137,87,55,W
42,201,133,83,55,W
36,199,127,85,57,W
36,192,123,85,57,W
40,183,117,85,57,W
40,178,113,79,57,W
38,174,107,77,59,W
40,166,103,77,59,W
46,157,97,79,59,W
44,150,93,73,61,W
56,142,87,69,61,W
56,135,83,69,61,W
260,128,79,69,61,D
64,138,80,71,61,D
56,148,82,69,59,D
57,156,83,67,61,D
56,168,85,71,61,D
48,178,85,75,62,D
47,186,87,73,63,D
48,192,89,71,61,D
50,202,93,71,61,D
52,214,95,77,62,D
48,224,99,77,65,D
46,234,103,77,66,D
46,232,108,77,65,D
50,244,113,78,63,D
52,252,120,79,65,D
56,260,128,79,69,D
54,64,138,80,71,W
53,266,131,78,67,W
47,262,126,75,69,W
47,250,121,72,73,W
47,246,116,69,69,W
40,242,111,65,65,W
44,239,106,63,71,W
47,226,101,59,67,W
44,222,96,57,65,W
47,218,92,53,63,W
50,214,86,51,59,W
54,200,80,47,55,W
63,196,76,45,55,D
56,208,81,45,53,D
54,218,88,45,51,D
52,220,96,47,49,D
52,232,100,47,49,D
50,240,110,49,47,D
50,246,118,49,47,D
48,258,122,51,45,D
48,270,136,54,44,D
48,299,142,55,45,D
48,298,148,58,45,D
54,97,160,60,45,D
54,80,174,64,44,D
54,67,174,66,45,D
54,64,184,70,45,D
66,63,196,76,45,D
66,56,208,81,45,D
286,54,218,88,45,D
296,52,220,96,47,D
298,52,232,100,47,D
298,50,240,110,49,D
298,50,246,118,49,D
298,48,258,122,51,D
192,48,270,136,54,D
182,48,299,142,55,W
188,44,299,144,60,W
192,42,299,140,62,W
192,38,299,136,65,W
298,36,299,146,70,W
298,32,299,142,73,W
43,30,299,138,78,W
31,30,299,146,82,W
28,26,299,142,85,W
24,24,299,138,83,W
20,20,299,134,88,W
20,24,299,140,92,W
18,22,299,136,92,W
14,20,299,132,92,W
18,16,299,128,95,W
15,22,299,128,98,W
12,18,299,132,95,W
14,16,299,128,99,W
14,12,299,124,104,W
10,18,299,122,98,W
12,16,299,124,101,W
14,24,299,120,104,W
10,20,299,116,98,W
12,18,299,112,99,W
18,28,299,114,104,W
14,24,299,110,99,W
15,34,299,106,98,W
21,30,299,102,101,W
18,42,299,98,101,W
18,38,299,102,94,W
24,52,299,98,95,W
24,146,299,94,98,W
24,142,299,90,92,W
30,140,299,85,92,W
30,148,299,84,94,W
31,146,299,78,89,W
38,142,299,74,85,W
36,148,299,70,89,W
40,146,299,66,83,W
46,142,299,62,78,W
50,140,290,58,82,D
48,138,268,58,78,D
48,130,252,58,72,D
44,130,239,62,71,D
42,118,228,62,75,D
40,118,218,62,71,D
40,104,209,62,68,W
43,114,204,60,66,W
46,110,199,60,63,W
47,106,194,56,60,W
52,110,189,54,56,W
55,110,184,50,52,W
60,106,179,54,50,W
62,102,174,50,50,W
62,98,170,48,46,W
65,104,164,56,43,W
68,100,161,52,43,W
70,96,154,50,40,W
72,92,151,60,36,W
75,96,144,72,38,W
75,92,141,86,36,W
75,85,134,114,33,W
78,81,128,298,40,W
80,78,124,298,40,W
73,80,118,298,36,W
75,76,115,298,43,W
80,72,108,298,46,W
73,68,105,298,46,A
70,68,108,298,44,A
72,72,112,298,46,A
74,72,118,244,47,A
70,72,126,96,46,A
67,72,132,88,44,A
66,79,142,80,41,A
70,80,154,74,39,A
70,80,166,66,39,W
68,82,163,66,41,W
64,80,157,74,43,W
70,78,152,70,41,W
66,74,146,74,41,W
64,72,142,76,43,W
66,72,136,78,45,W
64,70,133,84,41,W
60,66,127,89,45,W
62,64,122,98,47,A
62,66,140,81,47,A
62,66,166,75,46,A
60,68,188,68,44,A
58,70,218,62,43,A
58,72,261,62,43,A
62,75,298,57,44,A
60,76,298,53,49,W
60,76,298,56,43,W
58,74,298,56,43,W
60,73,298,52,45,W
60,73,298,52,41,W
58,73,298,53,41,W
58,70,298,52,43,W
56,68,298,53,37,A
56,72,298,49,43,A
56,76,298,50,43,A
56,79,298,47,44,A
56,84,298,46,43,A
56,88,298,44,43,A
56,95,171,41,43,A
58,106,150,39,43,A
59,114,120,41,49,A
58,136,102,42,49,A
61,151,88,42,51,A
62,172,78,39,51,A
63,198,70,40,53,A
64,236,62,39,63,A
66,284,57,37,65,A
68,298,53,37,67,D
66,284,57,37,65,D
64,236,62,39,63,D
63,198,70,40,53,D
62,172,78,39,51,D
61,151,88,42,51,D
58,136,102,42,49,D
59,114,120,41,49,D
58,106,150,39,43,D
56,95,171,41,43,D
56,88,298,44,43,D
56,84,298,46,43,D
56,79,298,47,44,D
56,76,298,50,43,D
56,72,298,49,43,W
56,72,298,49,37,W
56,71,298,52,39,W
54,71,298,53,35,W
54,68,298,56,37,W
54,68,298,56,35,W
52,66,294,56,35,W
52,71,288,56,35,W
52,68,284,58,37,W
50,66,278,59,37,W
50,72,274,59,37,W
50,71,268,62,39,W
50,71,264,62,39,W
48,71,258,62,39,W
48,71,254,62,39,W
48,68,248,64,41,W
50,68,244,64,41,W
48,66,238,66,41,W
48,66,234,66,41,W
48,66,228,64,43,W
52,66,224,64,43,W
50,64,218,66,43,W
50,64,214,66,43,W
50,63,208,62,45,W
50,63,204,62,45,W
48,63,198,62,45,W
48,63,194,62,45,W
48,60,188,64,47,W
48,60,183,64,45,W
46,59,179,70,45,W
46,59,175,70,45,W
46,59,168,78,47,W
44,56,162,78,43,W
44,56,158,88,43,W
44,56,152,102,45,W
44,56,148,113,45,W
42,54,142,261,45,W
42,54,138,260,45,W
42,52,132,253,49,W
42,52,128,246,49,W
40,52,122,240,49,W
40,52,118,233,53,W
40,50,114,228,55,D
40,48,114,219,55,D
40,46,102,211,55,D
40,44,102,206,63,D
40,44,88,200,63,D
42,42,88,194,65,D
42,43,78,190,65,A
42,42,88,194,65,A
40,44,88,200,63,A
40,44,102,206,63,A
40,46,102,211,55,A
40,48,114,219,55,A
40,50,114,228,55,A
40,52,128,240,55,A
40,55,142,242,54,A
40,58,156,245,55,A
40,63,156,107,51,A
40,63,168,104,51,A
41,69,178,90,50,A
40,73,179,79,51,A
41,76,188,77,53,A
43,78,190,65,53,A
42,88,194,65,53,W
44,84,190,71,53,W
47,84,184,70,51,W
50,91,180,67,49,W
52,86,173,71,51,W
54,82,170,70,49,W
56,84,163,67,45,W
56,86,160,74,49,W
60,82,154,71,47,W
62,84,148,70,45,W
58,88,144,77,47,W
60,82,138,74,49,W
62,78,134,207,47,W
60,82,129,205,47,W
62,84,124,203,51,W
64,78,120,201,49,W
60,76,114,187,47,W
60,82,110,185,53,D
58,72,107,185,51,D
66,72,105,182,51,D
64,74,104,171,49,D
64,69,102,171,49,D
62,64,102,163,57,D
62,64,96,157,57,D
68,67,96,147,57,A
62,64,96,157,57,A
62,64,102,163,57,A
64,69,102,171,49,A
64,74,104,171,49,A
66,72,105,182,51,A
58,72,107,185,51,A
60,82,110,185,53,A
60,82,111,193,51,A
62,80,116,189,47,A
64,80,120,187,47,A
58,90,124,185,49,A
60,88,128,185,51,A
63,88,133,71,53,A
66,96,142,58,53,A
67,96,147,57,49,A
64,96,157,57,52,A
64,102,163,57,57,A
69,102,171,49,60,A
74,104,171,49,59,A
72,105,182,51,57,W
74,102,177,47,59,W
83,100,172,45,53,W
80,98,167,47,49,W
78,96,161,40,49,W
84,94,157,37,39,W
83,90,152,43,41,W
80,88,146,40,37,W
83,86,141,37,31,W
84,83,135,151,33,W
83,80,131,147,29,W
80,78,126,141,26,W
83,76,121,137,29,W
78,74,115,131,26,W
76,72,111,127,37,W
74,70,106,121,39,W
72,68,101,117,53,W
68,63,95,113,297,W
66,61,91,109,297,A
64,63,89,111,297,A
64,64,95,113,297,A
62,65,98,115,297,A
62,68,97,119,53,A
60,70,105,122,53,A
60,72,105,127,43,A
60,76,103,133,43,A
60,77,103,139,43,A
60,74,104,145,42,A
60,77,103,159,43,A
60,83,103,173,43,A
60,83,105,209,35,A
60,81,105,297,35,A
62,89,107,297,35,A
61,91,109,297,43,A
63,89,111,297,44,A
64,95,113,297,43,A
65,98,115,297,45,A
68,97,119,53,57,A
70,105,122,53,281,A
72,105,127,43,261,A
76,103,133,43,243,A
77,103,139,43,229,W
75,99,133,39,235,W
80,97,128,45,58,W
84,93,123,43,42,W
77,89,119,201,30,W
84,85,113,211,33,W
87,81,109,209,30,W
84,77,103,205,30,W
84,73,99,215,33,A
88,74,103,202,34,A
85,73,109,169,31,A
81,73,123,125,30,A
83,73,135,83,30,A
87,75,185,63,28,A
85,75,297,51,30,A
82,77,289,43,34,A
80,79,281,37,38,A
79,79,275,32,38,A
78,81,271,29,38,W
75,81,265,31,34,W
73,79,261,36,28,W
73,77,255,37,30,W
71,75,251,42,20,W
69,75,245,45,21,W
67,71,241,49,24,W
65,69,235,54,26,W
65,69,231,55,28,W
63,67,224,59,30,W
61,64,221,62,30,W
60,63,215,67,32,W
57,67,211,69,34,W
55,63,204,73,36,W
55,63,201,75,36,W
53,61,195,80,38,W
51,61,191,82,40,W
49,59,185,82,41,W
47,57,181,82,43,W
47,63,175,83,46,W
45,61,171,83,48,W
47,59,165,85,48,W
45,67,161,91,50,W
45,64,155,87,52,W
45,71,151,83,54,W
43,71,145,85,54,W
41,69,141,87,56,W
43,177,135,82,58,W
45,174,131,80,60,W
43,169,124,83,58,W
43,163,121,82,58,W
47,161,115,77,60,W
47,159,111,75,60,W
45,156,104,80,61,D
45,153,106,80,63,D
46,159,109,83,64,D
47,155,113,91,64,D
49,161,115,89,62,D
51,159,119,88,63,D
47,161,123,95,66,D
45,161,129,95,67,D
46,163,135,95,66,D
50,162,141,98,64,W
44,160,137,96,68,W
50,156,131,92,74,W
45,152,127,88,68,W
40,146,121,84,71,W
44,144,117,84,75,W
41,140,111,80,74,W
37,136,107,76,78,W
297,128,101,72,84,W
297,124,97,68,78,D
298,129,97,69,73,D
297,129,103,69,78,D
287,129,107,69,78,D
39,133,103,69,74,D
38,135,105,71,71,D
40,141,109,71,72,D
46,143,107,73,73,D
49,151,115,75,71,D
50,155,113,77,69,D
48,159,111,79,69,D
50,166,119,80,69,D
62,172,117,85,69,D
62,178,117,87,69,D
62,190,125,91,69,D
76,297,124,97,68,D
76,298,129,97,69,D
252,297,129,103,69,D
264,287,129,107,69,D
274,39,133,103,69,D
284,38,135,105,71,D
290,40,141,109,71,D
294,46,143,107,73,D
299,49,151,115,75,D
298,50,155,113,77,D
299,48,159,111,79,W
299,46,155,113,81,W
299,40,151,111,85,W
299,26,145,107,87,W
299,38,139,103,91,W
299,33,135,99,93,W
299,222,129,101,93,W
18,220,125,97,95,W
26,220,121,93,99,W
26,218,115,87,93,W
28,216,109,83,91,D
25,210,113,87,93,D
27,208,118,86,93,D
27,198,124,85,87,D
28,82,128,85,89,D
31,66,137,88,91,D
31,50,262,87,87,D
28,48,260,87,83,D
27,36,252,93,87,D
26,36,247,93,86,D
26,38,240,95,85,W
28,32,234,97,83,W
24,40,230,93,87,W
24,38,226,91,85,W
28,44,220,88,81,W
28,46,214,86,85,W
24,57,210,83,81,W
26,52,204,82,79,W
30,59,200,77,77,W
28,62,194,75,75,W
32,62,190,73,71,W
34,70,184,71,73,W
34,82,180,67,71,W
36,90,174,65,69,W
40,102,170,63,67,W
38,102,164,61,67,W
42,114,160,58,63,W
44,110,154,56,61,W
42,110,150,51,57,W
44,117,144,51,55,W
48,112,140,49,51,W
50,108,134,47,49,W
54,104,130,43,47,W
56,106,124,181,43,W
60,104,120,177,41,W
62,100,114,176,39,W
66,96,110,171,37,W
68,92,104,159,35,W
72,89,100,155,31,W
75,84,94,153,35,W
75,80,90,151,187,W
78,76,84,135,185,A
80,74,86,147,191,A
78,74,89,147,195,A
78,74,94,155,55,A
82,74,97,163,50,A
86,74,102,162,39,A
82,74,99,163,37,A
78,74,105,163,34,A
80,74,108,164,35,A
84,74,109,165,36,A
80,76,117,167,39,A
78,76,115,171,44,A
81,77,127,173,45,A
78,80,125,177,51,A
76,82,137,181,59,A
76,84,135,185,69,A
74,86,147,191,87,A
74,89,147,195,109,A
74,94,155,55,125,A
74,97,163,50,153,A
74,102,162,39,172,A
74,99,163,37,187,A
74,105,163,34,203,A
74,108,164,35,215,A
74,109,165,36,231,A
76,117,167,39,237,W
78,111,163,29,234,W
78,111,157,27,229,W
80,113,153,27,229,W
80,111,146,33,228,W
82,107,143,31,213,W
84,105,137,39,19,W
84,107,133,39,19,W
86,105,127,35,24,W
88,99,123,45,24,W
86,97,116,177,21,W
84,101,113,169,28,W
86,99,107,161,28,W
86,93,103,161,25,D
86,95,101,148,25,D
85,89,101,151,31,D
84,88,99,141,35,D
90,92,99,141,35,A
84,88,99,141,35,A
85,89,101,151,31,A
86,95,101,148,25,A
86,93,103,161,25,A
80,89,104,165,27,A
82,99,106,175,28,A
84,97,109,187,27,A
84,95,110,201,29,A
80,101,115,221,29,A
84,101,119,239,30,A
86,101,123,251,31,A
86,99,125,35,31,A
84,99,131,35,30,A
88,100,132,34,27,A
92,99,141,35,26,A
88,99,141,35,27,A
89,101,151,31,30,A
95,101,148,25,31,A
93,103,161,25,34,A
89,104,165,27,38,A
99,106,175,28,38,A
97,109,187,27,36,A
95,110,201,29,36,A
101,115,221,29,40,A
101,119,239,30,140,A
101,123,251,31,134,A
99,125,35,31,132,A
99,131,35,30,132,A
100,132,34,27,132,A
99,141,35,26,132,A
99,141,35,27,132,A
101,151,31,30,134,A
101,148,25,31,134,D
101,151,31,30,134,D
99,141,35,27,132,D
99,141,35,26,132,D
100,132,34,27,132,D
99,131,35,30,132,D
99,125,35,31,132,D
101,123,251,31,134,D
101,119,239,30,140,D
101,115,221,29,40,D
95,110,201,29,36,D
97,109,187,27,36,W
95,107,181,21,34,W
97,103,175,23,26,W
99,101,171,21,28,W
99,101,167,17,18,W
97,99,161,13,15,W
95,97,157,20,18,W
93,95,150,69,10,W
91,93,147,81,12,W
90,89,143,95,14,W
88,87,137,243,26,W
85,85,131,249,28,W
83,83,125,254,30,W
81,79,123,255,38,W
79,75,117,261,40,A
78,77,127,233,38,A
77,79,141,177,38,A
75,80,153,111,38,A
75,79,167,82,38,A
75,83,184,78,38,A
75,87,199,66,32,A
74,84,212,64,32,A
75,83,241,60,32,A
75,88,297,52,32,A
73,91,297,50,32,A
73,91,297,48,32,A
75,99,297,48,32,A
75,101,297,45,32,A
76,113,296,40,34,W
76,109,291,42,31,W
76,111,287,42,31,W
79,115,282,40,32,W
76,111,277,38,32,W
79,113,271,40,31,W
81,119,265,38,29,W
75,113,263,35,31,W
75,113,257,38,29,W
76,119,252,35,26,W
75,115,245,34,29,W
73,111,243,32,29,W
76,115,238,38,26,W
79,116,231,34,29,W
76,111,227,32,26,W
79,115,221,38,24,W
79,119,217,35,24,W
76,113,213,34,26,W
79,113,207,38,24,W
81,119,201,35,22,W
79,113,195,34,26,W
79,109,194,32,26,W
81,109,187,38,24,W
81,113,181,34,29,W
81,109,176,32,26,W
83,105,171,40,24,W
83,109,167,40,29,W
79,111,162,44,26,W
81,105,157,42,24,W
83,103,151,40,29,W
79,109,145,46,31,W
81,103,143,46,29,W
83,105,137,44,26,W
79,153,132,50,32,W
81,271,125,46,31,W
81,265,123,46,29,W
81,263,118,46,36,W
76,259,111,44,34,W
79,253,107,42,31,W
81,249,101,40,36,W
73,245,97,40,36,W
76,239,93,38,34,W
79,233,88,34,34,W
73,229,81,32,32,W
73,223,75,30,31,W+D
73,223,85,29,28,W+D
73,225,93,30,26,D
73,227,93,30,26,D
77,237,107,31,26,D
79,236,121,34,26,D
79,239,137,34,26,D
80,125,152,36,26,D
87,113,167,38,26,D
87,101,181,40,26,D
87,97,195,43,26,D
97,86,199,46,26,D
99,85,201,51,26,D
99,75,204,55,28,D
109,73,209,61,28,D
111,71,213,70,28,D
121,75,219,81,29,D
123,73,225,93,30,W
121,71,219,88,32,W
111,65,215,93,36,W
109,63,211,95,38,W
99,58,205,91,42,W
95,63,199,97,44,W
81,61,195,97,48,W
79,57,189,97,50,W
69,55,185,105,52,W
65,57,181,101,56,W
53,55,175,105,58,W
51,53,169,107,62,W
43,49,165,105,64,W
45,53,159,114,66,W
43,51,155,109,64,W
41,49,151,105,66,D
43,49,154,119,68,D
46,47,155,117,70,D
48,47,163,129,66,D
46,47,161,129,68,D
44,48,169,128,71,D
46,41,167,131,75,D
48,41,171,131,71,D
58,41,177,131,78,D
78,41,177,133,83,W
48,37,171,129,81,W
43,33,166,127,87,W
43,35,161,123,92,W
36,31,157,121,93,W
36,27,151,119,101,W
30,23,147,115,101,W
24,19,141,113,101,W
24,19,135,111,111,W
18,15,130,107,109,W
16,11,127,105,105,W
12,201,121,103,111,W
10,189,117,99,113,W
12,183,110,97,109,W
26,180,107,92,107,W
39,167,101,91,107,W
72,163,97,87,104,W
104,159,91,81,99,W
297,155,85,79,98,W
297,141,80,75,93,W
297,136,77,73,90,D
298,149,75,73,87,D
122,151,83,67,85,D
104,162,83,69,83,D
90,173,81,71,81,D
76,182,87,71,80,D
74,187,93,69,77,D
60,195,91,67,77,D
60,204,95,71,75,D
60,218,101,73,75,D
48,232,101,72,75,D
48,249,110,69,76,D
48,276,111,72,71,D
48,294,123,77,71,D
48,298,123,79,71,D
45,297,136,77,73,D
40,298,149,75,73,D
41,122,151,83,67,D
40,104,162,83,69,D
42,90,173,81,71,D
42,76,182,87,71,D
44,74,187,93,69,D
42,60,195,91,67,D
38,60,204,95,71,D
38,60,218,101,73,D
40,48,232,101,72,D
42,48,249,110,69,D
198,48,276,111,72,D
189,48,294,123,77,D
182,48,298,123,79,D
176,45,297,136,77,W
178,45,297,133,77,W
38,41,297,141,85,W
36,36,297,139,80,W
38,41,297,136,80,W
31,38,297,132,89,W
31,34,297,137,86,W
34,30,297,133,83,W
25,38,297,132,89,W
26,34,297,137,91,W
31,30,297,133,86,W
25,26,297,132,89,W
25,34,292,127,91,W
26,30,290,130,89,W
25,26,284,127,91,W
20,26,278,123,97,W
22,30,274,121,95,W
25,26,270,119,91,W
16,20,264,117,99,W
20,26,258,115,97,W
22,26,254,113,95,W
14,22,247,109,97,W
16,18,243,107,99,W
20,24,237,105,95,W
14,20,234,103,93,W
13,20,228,99,97,W
16,28,223,99,95,W
14,24,219,97,91,W
16,20,214,95,97,W
18,30,208,91,95,W
18,30,202,88,91,W
16,38,199,90,91,W
18,45,193,85,89,W
22,50,188,83,85,W
20,58,184,82,85,W
25,64,180,83,83,W
28,66,173,79,79,W
28,78,167,77,77,W
31,76,164,75,73,W
34,78,158,75,71,W
36,82,154,73,71,W
40,89,148,69,67,D
38,78,168,71,65,D
37,72,298,75,63,D
36,66,298,77,63,D
36,66,296,80,62,D
34,60,289,82,62,D
36,56,284,83,61,D
36,52,277,85,61,D
36,53,274,89,65,W
34,48,268,89,65,W
34,48,264,88,63,W
36,50,258,88,63,W
36,50,254,85,65,W
34,44,247,85,65,W
36,47,242,85,65,W
36,47,238,83,67,W
34,44,232,88,67,W
36,44,228,85,65,W
36,44,224,85,65,W
36,47,218,88,65,W
32,40,214,85,63,W
34,42,208,85,63,W
34,44,204,83,61,W
30,44,198,85,61,W
32,47,194,85,61,W
32,47,188,83,59,W
30,48,184,88,59,W
30,48,178,88,59,W
30,50,174,85,61,W
32,53,168,88,61,W
32,54,162,85,59,W
34,54,158,85,61,W
34,48,152,94,61,W
34,50,148,254,59,W
36,53,144,247,59,W
36,50,138,241,59,W
36,50,134,234,59,W
38,53,128,225,59,W
38,53,124,218,61,W
36,53,118,208,61,W
36,54,114,199,59,W
36,54,108,191,61,W
36,48,104,183,61,W
36,50,98,173,59,W
38,53,94,166,67,W
38,50,87,157,67,W
36,50,84,150,65,W
38,53,78,140,75,W
38,50,72,131,91,A
38,49,74,142,75,A
36,48,76,155,73,A
37,52,78,169,67,A
36,58,80,189,67,A
38,58,80,210,68,A
38,58,86,217,69,A
40,57,88,228,63,A
40,64,90,237,65,A
42,68,96,242,67,A
41,68,99,249,71,A
43,68,104,247,71,A
45,68,109,248,74,A
48,72,116,247,79,A
50,72,124,105,79,A
50,72,131,91,83,A
49,74,142,75,89,A
48,76,155,73,93,A
52,78,169,67,103,A
58,80,189,67,111,A
58,80,210,68,119,A
58,86,217,69,133,W
61,84,213,64,117,W
68,82,207,61,117,W
68,80,204,55,104,W
66,80,197,55,91,W
68,80,195,55,80,W
66,78,187,53,75,W
66,76,185,55,65,W
64,73,178,57,55,W
64,72,171,59,47,W
62,70,169,61,49,W
61,67,162,61,37,W
61,67,160,63,39,W
58,64,153,69,37,W
58,64,149,71,37,W
58,62,143,197,39,W
56,60,140,191,40,W
54,58,133,187,40,W
54,58,129,181,43,W
52,54,123,177,45,W
50,52,117,171,45,W
48,52,113,165,45,W
46,50,107,161,47,D
48,47,109,157,49,D
48,48,102,153,49,D
50,46,95,151,51,D
50,46,87,148,51,D
52,44,80,147,62,D
54,44,73,145,65,D
56,44,70,143,196,A
54,44,73,145,65,A
52,44,80,147,62,A
50,46,87,148,51,A
50,46,95,151,51,A
48,48,102,153,49,A
48,47,109,157,49,A
46,50,107,161,47,A
46,50,119,165,47,A
45,52,117,171,46,A
44,53,129,177,45,A
44,56,127,177,45,A
44,58,135,183,45,A
44,61,136,185,48,A
44,66,143,185,47,A
44,70,143,196,47,A
44,73,145,65,47,A
44,80,147,62,49,A
46,87,148,51,49,A
46,95,151,51,51,A
48,102,153,49,53,A
47,109,157,49,53,A
50,107,161,47,55,W
52,115,154,45,51,W
54,111,151,43,47,W
58,107,145,39,45,W
60,102,141,47,43,W
62,107,135,43,37,W
64,105,131,40,36,W
67,99,125,197,34,W
70,95,121,185,29,W
72,93,115,182,27,W
76,95,109,175,34,W
78,91,105,165,31,W
78,85,99,161,29,A
80,86,103,173,29,A
84,91,107,187,30,A
80,91,111,199,31,A
80,89,115,213,34,A
84,89,119,243,33,A
88,90,117,258,36,A
84,89,125,297,34,A
80,89,123,297,34,A
83,91,131,297,31,A
87,91,130,297,31,A
85,93,139,39,34,A
82,93,141,40,38,A
89,95,149,37,42,A
88,97,150,32,48,A
85,99,161,29,61,A
86,103,173,29,82,A
91,107,187,30,204,A
91,111,199,31,202,A
89,115,213,34,200,A
89,119,243,33,196,A
90,117,258,36,196,A
89,125,297,34,192,A
89,123,297,34,192,A
91,131,297,31,192,A
91,130,297,31,186,D
91,131,297,31,192,D
89,123,297,34,192,D
89,125,297,34,192,D
90,117,258,36,196,D
89,119,243,33,196,D
89,115,213,34,200,D
91,111,199,31,202,W
89,108,195,26,204,W
89,108,189,24,46,W
89,107,185,26,28,W
87,105,181,24,30,W
87,97,175,50,18,W
85,97,170,63,20,W
85,97,164,89,20,W
85,95,159,104,24,W
83,87,155,114,24,W
83,85,149,128,34,W
81,85,145,140,36,A
81,87,159,110,36,A
81,83,173,96,36,A
80,87,190,79,36,A
81,91,203,75,26,A
81,91,297,66,26,A
80,88,297,62,26,A
81,95,297,60,26,W
83,95,297,57,30,W
81,89,297,57,32,W
79,89,297,63,32,W
81,91,297,61,30,W
81,91,297,60,36,W
77,85,293,68,36,W
77,80,287,66,34,W
79,83,283,72,42,W
73,83,277,72,42,W
73,77,272,70,41,W
75,77,267,78,46,W
67,79,261,76,45,W
67,77,257,81,45,W
69,71,253,80,50,W
63,71,247,80,50,W
63,73,243,87,48,W
65,71,237,86,50,W
57,67,233,94,52,W
57,67,228,92,52,W
59,69,222,98,50,W
53,65,217,96,56,W
55,60,211,96,56,W
55,62,207,102,54,W
53,65,203,99,60,W
50,60,197,98,58,W
53,59,193,98,56,W
53,60,187,98,64,W
49,62,182,96,62,W
49,57,178,96,62,W
50,51,171,94,68,W
43,53,167,92,66,W
44,54,163,92,66,W
46,51,157,90,68,W
41,45,153,90,68,W
41,47,147,87,68,W
43,49,143,86,68,W
39,45,137,86,72,W
37,277,132,84,70,W
37,279,127,84,70,W
33,277,121,81,70,W
33,273,117,80,70,W
33,269,113,80,68,W
35,127,107,78,68,W
165,125,103,78,66,W
167,119,97,76,66,W
167,113,93,74,64,W
171,107,88,74,64,W
171,101,82,72,62,W
173,95,77,72,62,D
170,97,75,70,60,D
167,101,79,66,60,D
167,107,79,66,60,D
164,107,80,70,60,D
155,232,79,73,60,D
155,223,79,70,60,D
141,213,79,68,60,D
111,207,81,72,62,D
89,199,81,77,62,D
75,194,82,75,63,D
53,189,85,73,63,D
47,185,87,74,66,D
42,179,89,80,67,D
41,177,91,77,70,D
48,173,95,77,72,D
50,170,97,75,70,D
51,167,101,79,66,D
54,167,107,79,66,D
68,164,107,80,70,D
84,155,232,79,73,D
98,155,223,79,70,D
116,141,213,79,68,D
149,111,207,81,72,D
262,89,199,81,77,D
290,75,194,82,75,D
298,53,189,85,73,W
298,70,184,83,73,W
298,75,179,81,77,W
291,81,175,79,75,W
278,88,169,76,73,W
46,93,165,73,75,W
34,97,159,71,73,W
38,104,155,69,71,W
40,109,149,67,69,W
46,107,145,65,68,W
47,111,141,62,65,W
50,113,135,61,63,W
52,109,131,59,61,W
54,104,125,57,59,W
56,97,119,243,55,W
60,101,115,231,53,W
62,97,109,223,51,A
62,95,113,253,54,A
64,93,115,297,55,A
66,97,119,297,57,A
68,95,123,47,60,A
71,95,129,47,62,A
75,97,135,43,63,A
78,96,141,48,68,A
84,97,149,47,72,W
85,93,145,43,66,W
89,93,141,39,60,W
96,89,135,39,54,W
93,85,131,297,48,W
89,83,125,297,42,W
92,81,119,297,38,W
92,77,115,297,26,W
87,75,111,297,26,W
87,71,104,297,30,W
84,67,101,297,34,W
79,65,95,297,36,A
78,65,101,297,34,A
75,65,107,281,36,A
72,65,113,211,34,A
69,67,119,176,34,A
69,67,117,149,32,A
68,69,127,129,32,A
67,71,125,121,30,A
65,71,142,108,30,A
65,73,171,99,29,A
65,77,203,90,30,A
65,79,269,83,34,A
65,83,297,78,34,A
65,87,297,39,116,A
64,91,298,37,136,A
65,95,297,36,150,A
65,101,297,34,150,W
65,101,297,62,28,W
67,101,297,62,28,W
67,101,297,62,26,W
67,93,297,59,24,W
67,88,297,59,48,W
69,91,297,58,46,W
69,85,297,58,46,W
69,79,297,58,46,W
71,79,297,56,44,W
71,81,297,56,44,W
71,83,297,53,42,W
71,83,297,49,42,W
71,85,297,48,42,W
63,85,297,48,40,W
65,85,297,45,40,W
57,85,297,44,38,W
57,87,297,44,34,W
59,88,287,42,34,W
59,91,277,40,32,W
59,91,277,37,32,W
61,93,267,37,32,W
59,93,259,35,30,W
61,95,249,34,28,W
61,97,239,34,26,W
61,97,239,34,26,D
61,91,297,34,26,D
62,87,298,36,26,D
61,83,297,38,26,D
61,79,297,40,26,D
61,75,297,43,26,D
63,73,293,46,26,A
61,75,297,43,26,A
61,79,297,40,26,A
61,83,297,38,26,W
61,80,297,39,28,W
59,79,297,42,28,W
59,79,297,42,30,W
57,77,297,43,30,W
57,75,297,46,32,W
55,75,297,48,32,W
55,72,297,48,34,W
53,71,297,50,34,W
53,69,297,51,36,W
51,69,297,54,36,W
51,67,297,54,38,W
49,65,297,55,38,W
49,65,297,55,38,W+A
50,69,298,54,38,W+A
49,72,297,50,38,W+A
51,79,297,48,38,W+A
51,85,297,46,38,W+A
53,93,297,42,36,W+A
55,105,297,40,36,W+A
57,118,182,36,34,W
59,123,175,34,32,W
59,125,171,34,32,W
62,129,165,32,30,W
62,133,162,29,28,W
65,129,155,27,26,W
67,135,143,26,24,W
69,136,145,24,24,W
71,135,133,21,21,W
71,136,135,21,21,W
73,139,123,18,18,W
75,135,127,18,16,W
77,139,113,16,14,W
77,141,117,14,14,W
79,136,103,16,12,W
80,139,107,14,10,W
82,143,93,12,12,W
85,139,87,9,10,W
87,141,91,12,8,D
85,135,114,12,8,D
83,125,297,12,8,D
83,123,297,14,8,D
83,115,297,13,8,D
83,113,297,14,8,D
82,107,298,16,12,W
82,107,296,20,12,W
82,107,290,20,12,W
82,101,286,20,12,W
82,101,280,26,16,W
82,101,276,26,16,W
82,101,270,31,16,W
82,97,266,31,20,W
82,97,260,31,20,W
82,97,256,37,20,W
82,94,250,37,24,W
80,91,246,40,24,W
80,91,240,40,24,W
80,91,236,40,28,W
76,89,230,41,28,W
76,84,226,41,28,W
76,84,220,41,30,W
72,84,216,45,30,W
72,83,210,45,30,W
72,80,206,45,30,W
72,80,200,51,30,W
68,80,196,51,30,W
68,79,190,58,30,W
68,79,186,58,34,W
64,79,180,68,34,W
64,79,176,68,34,W
64,77,170,78,38,W
60,77,166,89,38,W
60,77,160,102,38,A
61,79,161,85,38,A
61,79,171,71,38,A
57,85,181,68,38,A
59,89,191,57,38,A
58,91,193,56,38,W
61,93,189,56,38,W
63,95,185,62,36,W
63,89,179,60,36,W
63,85,174,68,38,W
65,89,169,66,36,W
65,87,163,64,40,W
65,83,159,74,42,W
67,81,155,72,40,W
65,85,149,82,38,W
65,83,144,224,44,W
67,77,139,222,44,W
65,75,133,216,42,W
65,77,129,214,48,W
67,77,125,214,48,W
67,71,119,212,46,W
61,67,114,206,54,A
62,75,117,203,50,A
62,77,120,204,46,A
65,76,126,202,47,A
61,75,128,200,48,A
61,85,131,198,50,A
62,85,136,91,52,A
65,85,141,76,50,W
67,89,136,74,50,W
61,86,131,85,47,W
65,83,128,186,47,W
67,79,121,182,50,W
63,75,118,180,47,W
63,79,111,178,47,W
67,75,108,174,53,W
67,71,101,170,50,W
61,67,98,165,48,W
65,71,92,162,56,W
67,67,88,160,54,A
61,67,91,158,56,A
59,67,96,160,55,A
60,66,99,160,52,A
65,69,105,162,50,A
65,69,112,162,49,A
61,69,120,164,53,A
59,69,130,166,56,W
60,69,123,162,49,W
62,65,117,156,52,W
59,63,114,152,54,W
59,61,110,148,49,W
62,57,104,144,52,W
59,55,98,140,54,W
57,53,94,137,52,W
54,49,90,131,52,W
51,47,84,124,226,W
47,44,78,120,220,A
47,43,84,122,240,A
46,45,93,126,264,A
45,45,104,128,60,A
44,46,102,132,52,A
45,47,102,134,52,A
43,49,112,138,59,A
43,51,110,143,58,A
43,52,110,148,58,A
43,56,112,154,58,A
43,58,112,162,58,W
43,58,108,155,58,W
43,58,102,148,58,W
43,58,98,140,50,W+A
W
32,41,298,81,60,W
30,41,298,81,58,W
30,41,298,81,58,W
30,41,296,81,58,W
30,41,290,81,58,W
30,41,286,81,58,W
30,41,280,81,58,W
30,41,276,81,58,W
30,41,270,85,58,W
30,41,266,85,58,W
30,41,260,85,58,W
30,41,256,89,58,W+A
31,45,297,84,58,W+A
31,47,297,80,58,W+A
31,53,297,76,56,W+A
33,59,297,72,56,W+A
35,65,297,70,57,W+A
37,77,297,64,54,W
37,79,297,64,54,W
39,79,297,62,52,W
43,81,297,60,50,W
43,83,297,62,48,W
45,81,297,60,46,W
47,83,297,60,48,W
49,89,297,62,46,W
49,83,297,60,46,W
51,85,297,58,46,W
53,89,297,58,46,W
55,85,297,60,44,W
55,85,297,58,46,W
57,90,297,55,44,W
57,87,297,54,42,W
57,89,297,58,41,W
59,93,295,54,44,W
57,89,289,54,42,W
59,90,286,54,41,W
61,93,279,52,44,W
59,90,275,50,41,W
59,93,269,50,41,W
62,97,265,47,42,W
61,97,259,47,41,W
61,101,255,44,38,W
62,101,249,42,38,W
65,103,244,44,38,W
62,107,240,42,37,W
62,105,235,42,34,W
65,105,229,44,34,W
62,107,224,42,32,W
65,107,219,40,30,W
65,105,215,40,32,W
65,110,209,42,30,W
65,107,204,40,30,W
67,103,199,38,32,W
69,103,195,44,30,W
69,105,189,44,28,W
71,103,185,42,30,W
73,97,179,47,30,W
73,101,175,45,28,W
73,103,169,44,30,W
75,97,165,52,32,W+A
75,103,165,47,31,W+A
79,99,163,44,30,W+A
79,107,164,41,28,W+A
79,109,162,40,34,W+A
79,107,163,44,32,W+A
79,113,163,42,30,W+A
85,109,166,38,27,W
85,113,159,36,32,W
83,109,156,32,28,W
87,105,152,40,24,W
88,101,145,36,27,W
83,105,142,46,28,W
87,101,135,44,24,W
91,97,130,54,24,W
85,93,125,52,30,W
85,89,120,152,27,W
88,87,116,146,28,W
87,85,112,144,32,W
81,81,105,140,30,W
85,77,102,138,32,W+A
80,75,99,134,36,W+A
83,70,99,130,41,W+A
75,67,101,126,36,W+A
77,65,102,124,34,W+A
71,61,104,122,204,W+A
67,59,107,118,212,W
65,57,104,114,205,W
62,55,98,110,198,W
59,51,92,104,190,W
57,49,87,100,180,W
53,47,84,96,174,W
51,44,78,91,166,W
47,40,72,84,158,W
45,37,68,80,152,W+A
39,35,62,76,156,W+A
35,33,55,74,162,W+A
33,33,50,70,168,W+A
29,32,48,66,181,W+A
27,29,50,63,192,W+A
25,29,44,58,210,W+A
25,30,38,54,236,W+A
23,30,34,50,282,W+A
23,24,28,46,298,W+A
23,18,24,43,298,W+A
24,17,18,36,298,A
23,18,18,38,298,A
23,20,18,41,298,A
23,21,18,47,298,A
23,21,22,50,298,A
19,20,22,56,222,A
18,20,24,65,185,A
14,20,24,72,160,A
13,20,24,82,141,A
13,18,24,94,130,A
13,18,26,114,122,A
15,18,26,140,114,A
15,18,27,186,111,A
16,18,28,278,103,A
18,18,34,298,99,A
17,18,36,298,98,A
18,18,38,298,113,A
20,18,41,298,297,A
21,18,47,298,298,A
21,22,50,298,289,A
20,22,56,222,279,A
20,24,65,185,269,A
20,24,72,160,257,A
20,24,82,141,247,A
18,24,94,130,235,A
18,26,114,122,223,A
18,26,140,114,211,A
18,27,186,111,201,A
18,28,278,103,189,A
18,34,298,99,187,A
18,36,298,98,176,A
18,38,298,113,161,A
18,41,298,297,147,A
18,47,298,298,131,A
22,50,298,289,111,A
22,56,222,279,89,A
24,65,185,269,75,A
24,72,160,257,65,A
24,82,141,247,56,D
24,72,160,257,65,D
24,65,185,269,75,D
22,56,222,279,89,D
22,50,298,289,111,D
18,47,298,298,131,W
24,48,298,298,147,W
24,50,298,298,147,W
26,56,298,104,159,W
30,56,298,82,159,W
30,58,298,82,173,W
32,58,298,75,173,W
34,60,298,73,170,W
34,60,298,73,183,W
36,63,298,72,183,W
38,64,298,70,185,W
40,66,298,65,191,W
40,68,298,63,191,W
42,70,298,62,199,W
42,70,298,60,197,W
44,73,298,57,57,W
44,73,298,57,53,W
44,74,298,55,51,W
46,76,298,52,51,W
46,78,298,52,45,W
48,80,298,50,45,W
48,80,298,50,41,W
50,83,298,47,41,W
50,84,298,46,39,W
52,86,298,46,37,W
52,86,298,46,37,W+D
52,82,298,45,35,W+D
52,78,298,48,35,W+D
52,74,298,50,36,W+D
52,70,298,54,35,W+D
52,66,294,58,37,W+D
52,63,242,62,37,W
50,63,239,70,37,W
50,60,232,72,39,W
48,60,224,78,39,W
48,58,218,80,41,W
48,58,218,82,41,W
46,56,212,83,41,W
46,56,206,89,43,W
44,54,200,92,43,W
44,53,192,92,45,W
44,53,192,96,49,W
42,53,186,98,49,W
42,50,180,99,51,W
40,50,174,101,53,W
40,48,168,104,55,W
38,47,161,104,57,W+A
38,49,190,99,59,W+A
38,50,230,93,59,W+A
38,46,298,88,58,W+A
38,48,298,84,59,W+A
38,50,298,80,57,W+A
40,56,298,75,57,W+A
41,58,298,72,57,W
38,60,298,69,57,W
38,60,298,68,57,W
41,60,298,68,55,W
38,62,298,72,57,W
41,62,298,69,55,W
41,62,298,68,55,W
42,64,298,68,53,W
41,66,298,65,53,W
42,69,298,65,50,W
42,69,294,63,50,W
42,70,290,65,49,W
42,72,284,63,49,W
45,75,280,63,46,W
42,69,275,61,50,W
45,70,270,63,49,W
45,72,266,61,49,W
46,75,260,59,46,W
48,78,252,57,44,W
50,78,246,61,43,W
50,78,242,59,44,W
52,80,236,59,43,W
52,80,232,59,43,W
54,80,228,59,41,W
50,82,222,57,43,W+D
50,78,252,60,41,W+D
50,72,276,62,45,W+D
50,68,298,66,45,W+D
50,65,298,70,48,W+D
50,63,298,73,47,W+D
50,59,298,78,47,W+D
50,56,298,86,49,W
48,54,298,88,49,W
48,48,292,89,53,W
44,47,288,92,53,W
44,47,284,92,53,W
44,47,278,92,55,W
40,44,274,94,55,W
40,40,268,96,57,W
40,40,264,96,57,W
34,40,258,98,57,W
34,38,254,99,59,W
32,37,248,101,59,W
30,37,242,104,61,W
30,37,239,104,61,W
28,34,232,104,61,W
28,34,228,104,63,W
26,32,222,104,63,W
26,34,218,106,65,W
26,34,212,104,65,W
24,32,208,104,65,W
24,30,204,106,67,W
24,34,198,104,67,W
24,34,194,104,67,W
24,32,188,104,69,W
22,32,184,104,69,W
24,30,178,106,72,W
24,30,174,108,72,W
24,37,168,106,72,W
24,37,163,99,73,W
22,34,158,101,72,W
22,37,152,104,73,W
28,37,148,99,73,W
26,34,142,101,72,W
26,42,138,104,73,W
26,40,132,101,73,W
26,48,128,94,75,W
26,48,124,94,72,W
26,164,118,96,73,W
30,156,114,96,73,W
30,152,108,89,73,W
28,151,104,89,75,W
36,151,98,89,75,W
34,142,94,89,72,W
168,134,88,83,72,W
162,131,84,80,72,D
168,137,84,86,73,D
170,138,84,88,71,D
43,136,86,86,73,D
34,142,88,84,74,D
34,140,90,88,75,D
36,148,92,86,72,D
36,145,94,84,71,D
37,152,99,84,74,W
36,146,93,80,77,W
39,138,88,76,72,W
188,134,82,70,75,W
184,132,78,66,80,W
182,131,72,62,75,W
178,116,69,58,74,W
175,114,64,54,77,W
172,112,58,50,75,W
170,108,52,44,68,W
166,94,49,40,69,D
172,104,50,40,68,D
178,104,52,40,62,D
186,114,55,40,60,D
195,114,56,40,55,D
208,114,60,40,54,D
219,122,63,40,52,D
235,122,68,40,50,D
254,130,72,41,48,D
276,132,80,42,46,D
297,138,86,42,44,W
295,130,83,41,42,W
285,123,78,38,40,W
275,120,72,34,36,D
298,121,72,36,35,D
297,129,70,36,36,W+D
297,126,76,37,34,W+D
297,124,72,34,32,W+D
297,125,66,34,30,W+D
297,124,60,37,30,W+D
297,121,66,36,28,W+D
169,120,60,38,28,D
122,132,60,41,28,D
105,142,60,43,28,D
91,152,70,44,28,D
93,162,70,44,28,D
81,175,72,42,28,D
81,190,72,42,29,D
82,210,81,42,30,D
75,233,84,48,31,D
73,265,86,52,30,D
75,297,93,52,32,D
75,297,96,50,32,W
75,297,92,46,34,W
71,297,88,48,38,W
79,297,82,48,40,W
79,297,78,44,38,W
77,286,72,40,36,W
85,267,66,36,40,W+D
86,297,68,41,34,W+D
87,297,66,36,37,W+D
87,297,64,40,34,W+D
87,297,66,38,31,W+D
84,298,64,34,35,W+D
84,297,62,36,31,D
83,297,71,36,28,D
81,249,78,36,27,D
83,187,87,36,26,D
87,151,95,38,30,D
85,133,103,38,32,D
83,125,115,38,33,D
90,111,132,40,32,D
209,103,153,44,32,D
206,101,181,46,32,D
201,93,228,48,30,D
197,87,297,50,30,D
197,91,297,52,30,D
189,84,297,55,30,D
188,80,298,58,30,D
187,84,297,62,36,W
187,77,297,67,36,W
189,77,297,72,36,W
189,75,297,72,42,W
189,69,297,72,42,W
195,67,297,72,42,W
193,65,297,73,44,W
73,65,297,73,44,W
73,63,297,73,44,W
63,61,297,73,48,W
63,59,297,75,50,W
55,59,297,75,50,W
55,57,297,75,52,W
47,55,297,77,52,W
47,50,297,77,52,W
43,49,297,77,52,W
43,49,297,77,54,W
41,45,297,77,54,W
39,45,297,79,54,W+A
36,46,298,75,54,W+A
37,50,297,70,54,W+A
37,55,297,67,54,W+A
35,59,297,63,52,W+A
37,67,259,60,52,W
37,67,255,60,52,W
39,69,251,57,50,W
39,71,245,57,50,W
41,73,241,55,48,W
41,75,235,54,48,W
43,77,231,54,46,W
43,79,228,52,45,W
44,80,222,52,45,W
46,83,217,49,42,W
46,85,211,48,42,W
49,86,207,48,41,W
49,89,203,46,41,W
50,89,197,46,38,W
50,91,193,43,38,W
53,93,187,42,36,W
55,97,178,39,34,W
55,99,173,39,34,W
57,101,169,37,32,W+D
55,93,223,40,32,W+D
57,88,297,40,32,W+D
57,83,297,42,32,W+D
56,79,298,44,32,W+D
57,75,297,46,32,W+D
55,71,297,49,32,W
55,69,297,51,34,W
53,69,297,56,34,W
53,66,297,62,36,W
51,65,297,62,36,W
51,65,297,63,38,W
51,65,297,63,40,W
49,63,297,66,40,W
49,61,297,67,42,W
49,61,297,67,44,W
47,61,297,70,44,W
47,59,297,70,46,W
45,55,297,71,46,W
45,55,297,73,48,W
43,51,297,76,48,W
43,49,297,78,50,W
39,47,297,78,50,W
39,47,297,80,52,W
37,47,297,80,52,W
35,44,297,81,52,W
35,44,297,81,52,W+A
35,45,297,77,54,W+A
34,49,298,74,54,W+A
35,53,297,70,52,W+A
35,55,297,66,52,W+A
37,61,297,62,52,W+A
37,67,297,60,52,W+A
39,75,193,56,50,W
41,79,185,54,48,W
43,81,181,52,48,W
43,83,177,52,46,W
45,85,174,50,46,W
47,89,167,48,44,W
47,91,163,48,42,W
49,93,159,46,42,W
51,97,151,44,40,W
51,99,147,42,38,W
53,101,144,42,38,W
55,105,135,40,36,W
55,107,131,38,34,W
57,109,127,36,34,W
57,111,123,36,32,W
61,115,116,34,30,W
61,117,114,32,29,W
63,119,109,32,29,W
65,123,101,28,26,W
65,125,97,28,25,W
67,127,93,26,25,W
67,129,89,26,22,W
69,133,82,22,20,W
71,135,77,22,20,W
71,135,73,20,18,W
73,137,65,18,16,W
75,139,61,18,16,W
75,141,58,16,14,W
77,145,51,14,12,W
79,145,47,12,12,W+D
79,137,63,12,10,W+D
79,129,78,10,10,W+D
79,120,209,12,10,W+D
79,113,213,14,10,W+D
78,107,214,16,12,W+D
79,103,209,15,12,W+D
79,97,211,16,12,W+D
78,93,213,20,12,W+D
77,89,213,25,14,W
77,86,209,28,14,W
75,85,203,30,18,W
75,85,199,31,18,W
73,83,193,46,20,W
73,83,189,49,20,W
71,80,182,51,22,W
71,79,179,65,22,W
69,77,173,74,24,W
67,73,169,77,32,W
67,73,163,80,32,W
65,71,159,81,36,W
65,71,153,83,36,W
61,69,149,85,38,W
61,67,142,87,44,W
59,237,139,90,45,W
59,231,133,90,47,W
57,225,129,92,51,W
57,215,123,93,54,W
53,205,119,95,54,D
56,219,121,97,54,D
57,243,121,95,56,D
57,297,125,104,56,D
59,297,127,101,57,D
62,62,131,99,60,D
63,53,133,101,62,D
65,53,139,103,63,D
68,53,143,103,66,D
70,53,149,105,67,D
75,53,157,107,70,D
79,52,165,108,74,D
84,53,173,113,77,W
77,49,169,109,84,W
73,45,162,105,89,W
66,41,159,103,96,W
60,37,153,99,96,W
54,39,147,99,92,W
48,39,143,97,96,W
39,49,137,93,96,W
34,45,133,89,92,W
30,77,128,87,89,W
26,191,123,83,92,W
30,249,119,79,87,W
26,247,113,77,84,W
31,259,107,73,85,W
36,255,103,69,81,W
34,265,99,67,77,W
38,263,92,63,79,D
37,249,98,63,76,D
36,191,103,63,72,D
34,145,110,63,69,D
34,116,115,65,71,D
36,98,127,65,69,D
38,83,143,67,68,D
36,73,157,67,67,D
36,62,297,69,65,D
36,57,297,71,65,D
34,51,297,73,63,D
34,47,297,77,63,D
34,45,297,79,63,D
34,42,297,83,63,D
40,40,288,87,62,W
34,40,282,87,62,W
34,40,278,87,62,W
34,40,272,87,62,W
30,40,268,87,62,W
30,40,262,84,62,W
30,40,258,84,62,W
30,44,252,84,62,W
30,44,248,83,62,W
30,44,242,83,62,W
30,44,238,83,62,W
30,44,232,83,62,W
30,44,228,83,62,W
32,44,222,83,62,W
32,44,218,83,62,W
32,44,212,79,62,W
32,44,208,79,62,W
32,44,202,79,60,W
32,44,198,79,60,W
32,44,192,79,60,W
32,44,188,79,58,W
32,44,182,84,58,W
32,44,178,84,58,W
32,44,172,84,58,W
32,44,168,93,58,W
32,44,162,104,58,W
32,44,158,241,58,W
32,44,152,233,56,W
32,44,148,227,56,W
32,44,142,224,56,W
32,44,138,223,56,W
32,44,132,214,56,W
32,44,128,207,56,W
32,44,122,200,60,W
32,44,118,193,60,W
32,44,112,186,60,A
32,46,113,197,61,A
32,48,127,205,61,A
32,52,127,213,61,A
32,55,131,213,61,A
32,61,133,217,58,A
32,64,139,217,60,A
34,63,141,95,60,A
34,74,145,93,61,A
34,75,149,77,64,W
36,71,143,89,62,W
40,78,139,87,59,W+A
44,75,137,81,57,W+A
48,83,135,79,59,W+A
52,80,135,75,60,W
52,87,131,71,55,A
53,87,137,71,58,A
55,101,143,71,60,A
58,100,149,72,58,A
62,101,159,59,62,W+A
62,99,163,55,59,W+A
68,97,169,51,58,W+A
69,99,165,49,60,W
75,97,161,53,52,W
72,94,157,51,48,W
74,91,151,47,48,W
80,87,145,44,42,W+A
81,87,145,39,40,W+A
85,87,145,36,40,W+A
83,85,143,37,40,W+A
79,85,134,37,34,W+A
80,85,133,37,32,W+A
77,87,127,154,33,W+A
75,89,125,151,34,W+A
73,91,119,151,26,W+A
73,93,113,152,22,W+A
73,97,111,151,22,W
73,92,105,144,22,W
73,87,101,138,32,W
73,87,95,132,46,W
71,87,91,123,62,W
71,84,85,117,298,W
71,77,81,111,298,W
71,75,75,104,298,W
71,72,71,97,298,A
70,77,70,102,298,W+A
71,69,65,101,298,W+A
71,65,61,102,222,W+A
73,59,59,99,180,W+A
67,51,55,98,160,W+A
69,51,49,96,148,W+A
62,43,45,96,141,W+A
61,39,42,94,135,A
55,39,42,107,120,A
53,37,43,123,106,A
55,37,43,147,98,A
51,37,46,183,90,A
47,37,47,243,86,A
44,37,49,298,81,A
43,37,51,298,76,A
45,36,54,298,74,A
45,39,58,298,70,A
43,39,62,298,68,A
43,39,66,298,66,A
41,40,70,232,70,A
39,39,76,186,68,A
39,40,84,156,66,A
39,42,94,135,64,A
39,42,107,120,68,A
37,43,123,106,68,A
37,43,147,98,68,A
37,46,183,90,74,A
37,47,243,86,200,A
37,49,298,81,198,A
37,51,298,76,198,A
36,54,298,74,198,A
39,58,298,70,194,A
39,62,298,68,187,D
39,58,298,70,194,D
36,54,298,74,198,D
37,51,298,76,198,D
37,49,298,81,198,A
37,51,298,76,198,A
36,54,298,74,198,A
39,58,298,70,194,W
39,60,298,70,192,W
39,60,298,67,196,W
39,60,298,67,64,W
41,60,298,67,64,W
41,60,298,63,58,W
41,62,298,63,56,W
41,62,298,63,50,W
43,63,298,60,48,W
43,63,298,60,46,W
43,66,298,58,44,W
45,66,298,58,44,W
45,68,298,56,42,W
47,70,298,55,42,W
47,72,298,55,40,W
49,72,298,52,40,W
49,73,298,50,38,W
51,75,298,50,38,W
51,77,298,48,36,W
53,77,298,46,36,W
53,80,298,46,34,W
53,80,298,48,34,W
55,81,298,46,34,W
55,81,298,46,36,W
55,81,298,46,34,W
55,80,298,46,34,W
55,80,298,48,34,W
57,81,298,46,34,W
57,81,298,50,34,W
57,84,298,48,32,W
57,84,298,48,34,W
57,81,298,48,34,W
59,81,298,46,34,W
57,81,298,52,36,W
57,77,298,52,36,W
57,80,298,50,34,W
57,80,298,56,34,W
59,81,298,55,38,W
59,75,298,55,38,W
57,75,298,55,38,W
57,77,298,55,36,W
57,77,298,58,36,W
55,77,298,58,40,W
57,77,298,60,40,W
57,72,298,60,40,W
57,73,298,63,38,W
53,73,298,63,42,W
55,75,298,60,42,W
55,70,298,60,44,W
55,70,298,63,44,W
51,70,298,63,42,W
51,68,298,63,44,W
51,68,294,63,44,W
51,68,288,63,44,W
53,66,284,63,44,W
53,66,278,63,44,W
53,66,274,63,44,W
49,66,268,63,46,W
49,68,264,64,44,W
49,68,258,64,44,W
47,68,254,64,44,W
47,66,248,67,46,W
49,66,244,67,44,W
47,66,238,67,44,W
47,63,234,68,46,W
47,66,228,67,44,W
47,66,224,67,44,W
47,66,218,67,46,W
47,66,214,70,46,W
49,66,208,70,46,W
47,66,204,76,48,W
47,63,198,76,48,W
47,63,194,76,48,W
45,66,188,76,46,W
45,62,184,76,48,W
45,62,178,76,48,W
45,62,174,80,48,W
47,63,168,80,50,W
47,60,164,80,50,W
47,60,158,88,50,W
45,60,154,97,54,W
45,60,148,218,54,W
45,55,144,218,54,W
43,55,138,218,54,W
43,55,134,215,54,W
45,55,128,208,54,W
45,54,124,200,54,W
43,54,118,198,58,W
43,54,114,194,56,W
43,54,108,186,56,W
39,54,104,179,62,W
39,54,98,172,62,W
41,51,94,164,62,W
37,48,88,156,68,A
37,52,88,167,68,A
37,56,96,179,62,A
37,60,96,180,62,A
39,58,98,185,64,A
40,58,104,188,63,A
39,64,106,184,60,A
42,70,112,186,60,A
42,70,116,183,62,W
43,68,110,180,60,W+A
48,74,112,177,58,W+A
48,68,110,172,63,W+A
52,72,108,168,62,W+A
51,68,110,164,62,W+A
58,70,109,160,58,W+A
55,66,108,158,58,A
60,66,114,158,60,W+A
62,68,117,154,58,W+A
58,66,121,150,55,W+A
60,68,124,148,54,W+A
56,66,125,144,53,W+A
60,68,127,142,54,W+A
56,66,124,140,51,W+A
58,66,119,138,47,W
56,64,112,134,49,W+A
58,65,114,131,49,W+A
54,64,108,130,51,W+A
56,64,102,128,51,W+A
54,66,100,126,53,W+A
54,68,94,124,53,W
52,66,90,120,297,A
52,70,90,123,69,A
52,74,92,132,54,A
52,78,92,138,47,A
52,78,92,148,53,A
52,78,92,157,53,A
54,84,95,169,53,A
54,89,96,185,53,A
54,86,98,203,62,A
57,84,100,298,65,A
