46,65,298,94,76,840.0,920.0,0,0.9999999998,0.0
46,67,298,92,72,865.0,920.0,0,0.9999999998,0.0
46,67,298,88,68,890.0,920.0,0,0.9999999998,0.0
48,69,298,88,66,915.0,920.0,0,0.9999999998,0.0
48,69,298,84,64,940.0,920.0,0,0.9999999998,0.0
50,70,298,84,62,965.0,920.0,0,0.9999999998,0.0
50,70,298,81,62,990.0,920.0,0,0.9999999998,0.0
50,73,298,79,60,1015.0,920.0,0,0.9999999998,0.0
50,73,298,78,58,1040.0,920.0,0,0.9999999998,0.0
52,73,298,78,58,1065.0,920.0,0,0.9999999998,0.0
52,73,298,78,58,1090.0,920.0,0,0.9999619420614736,-0.00872432013698045
52,73,298,79,56,1115.0,920.0,0,0.9969173327358684,-0.07845909564936554
53,79,297,75,56,1119.993147673773,919.7383202187852,3,0.9914448603820254,-0.13052619208948232
53,85,297,71,56,1124.9657571506143,919.2156779024469,6,0.9832549065803623,-0.1822355253098509
55,91,297,68,54,1129.90419885359,918.4335055772458,9,0.9723699194249721,-0.23344536362238485
57,101,297,63,54,1134.794936857259,917.393947123157,12,0.9659258259670923,-0.2588190450162504
57,111,297,62,54,1139.6245659887043,916.0998518976444,15,0.9659258260958824,-0.25881904505075964
65,125,297,52,46,1163.7727116459305,909.6293757700814,15,0.9659258260958824,-0.25881904505075964
71,135,297,48,42,1187.9208573031567,903.1588996425185,15,0.9659258260958824,-0.25881904505075964
79,141,297,42,36,1212.069002960383,896.6884235149555,15,0.9678342216851858,-0.2515887890258747
85,147,297,38,32,1236.2171486176092,890.2179473873925,15,0.9781476000811105,-0.20791169067902632
87,141,297,37,28,1245.9375157527234,887.8842937077911,12,0.9914448603820254,-0.13052619208948232
86,133,297,40,30,1250.875957455699,887.10212138259,9,0.9969173327358684,-0.07845909564936554
87,125,297,42,30,1255.8485669325405,886.5794790662517,6,0.9996573239755571,-0.026176948281690447
87,119,297,46,30,1260.8417146063134,886.3177992850369,3,0.9996573239755571,0.026176948281690447
86,113,298,51,32,1265.8417146063134,886.3177992850369,0,0.998629534421697,0.05233595622550473
87,107,285,60,32,1270.8348622800863,886.5794790662517,-3,0.9986295345548477,0.052335956232482855
85,103,261,89,38,1295.8006006489509,887.8878779723254,-3,0.9986295345548477,0.052335956232482855
81,95,233,159,46,1320.7663390178154,889.1962768783992,-3,0.9989505912200796,0.045800827514122705
77,89,211,298,58,1345.73207738668,890.504675784473,-3,0.9999142389183681,0.01309632801046942
74,84,212,297,66,1360.7183727342258,891.0280353469025,0,0.9969173327358684,-0.07845909564936554
73,89,231,232,64,1365.7115204079987,890.7663555656877,3,0.9914448603820254,-0.13052619208948232
71,91,243,182,66,1370.68412988484,890.2437132493494,6,0.9832549065803623,-0.1822355253098509
71,93,263,156,64,1375.6225715878159,889.4615409241483,9,0.9723699194249721,-0.23344536362238485
71,95,283,142,66,1380.5133095914848,888.4219824700594,12,0.9588197339090434,-0.28401534441981413
71,99,297,132,66,1385.34293872293,887.1278872445469,15,0.9426414901492128,-0.33380685889985223
73,105,297,122,66,1390.0982213044058,885.5828022726721,18,0.9238795315870904,-0.3826834319822752
73,111,297,110,66,1394.7661234368918,883.7909625249456,21,0.9025852834469658,-0.43051109637763657
75,117,298,104,66,1399.3338507251049,881.7572793095666,24,0.8788171117828474,-0.47715875978228517
77,123,297,98,66,1403.7888833460468,879.4873268108688,27,0.8526401635011602,-0.5224985641932702
79,133,298,91,66,1408.119010364969,876.9873268108688,30,0.8386705676658672,-0.5446390348334806
80,141,297,88,66,1412.312363204696,874.2641316357937,33,0.835808306940951,-0.5490213781342688
86,145,297,88,64,1433.2791274033318,860.6481557604179,33,0.8241329669051515,-0.5663963737462593
93,153,298,85,63,1454.0976237341151,846.816448798655,36,0.7604059648393636,-0.6494480476805136
97,163,297,82,63,1457.9833535414,843.6698468434058,39,0.7253743702866556,-0.6883545750051729
101,173,298,78,63,1461.699077668787,840.3241938116115,42,0.7071067809508338,-0.7071067809508566
103,184,297,74,62,1465.2346115747196,836.7886599056787,45,0.7071067810451147,-0.7071067810451375
111,184,297,70,56,1482.9122811043828,819.1109903760149,45,0.7112072798590594,-0.7029823643811933
117,184,297,66,52,1500.589950634046,801.4333208463511,45,0.7289615481108143,-0.6845546439658289
121,175,298,68,50,1514.912276479231,787.4810660967585,42,0.793353339497613,-0.6087614283997465
120,165,297,72,50,1518.7980062865158,784.3344641415093,39,0.8241261877976075,-0.5664062363582317
121,159,298,80,50,1522.8430912583906,781.395537880047,36,0.8526401635011602,-0.5224985641932702
121,153,284,88,52,1527.0364440981177,778.6723427049718,33,0.8788171117828474,-0.47715875978228517
119,145,266,100,52,1531.36657111704,776.1723427049718,30,0.9025852834469658,-0.43051109637763657
121,141,251,120,55,1535.8216037379818,773.902390206274,27,0.9238795315870904,-0.3826834319822752
121,134,235,164,56,1540.389331026195,771.868706990895,24,0.9426414901492128,-0.33380685889985223
119,128,219,298,61,1545.057233158681,770.0768672431685,21,0.9469308501091929,-0.32143734087878467
121,125,207,298,64,1549.8125157401566,768.5317822712938,18,0.9381936658457178,-0.3461107400327681
115,121,201,298,68,1563.9909830355941,763.6497725798177,21,0.9025852834469658,-0.43051109637763657
113,120,203,298,70,1568.5587103238072,761.6160893644387,24,0.8788171117828474,-0.47715875978228517
110,121,207,298,72,1573.013742944749,759.346136865741,27,0.8526401635011602,-0.5224985641932702
109,123,211,298,72,1577.3438699636713,756.846136865741,30,0.8241261877976075,-0.5664062363582317
107,123,216,298,72,1581.5372228033984,754.1229416906658,33,0.793353339497613,-0.6087614283997465
107,125,221,163,73,1585.5823077752732,751.1840154292034,36,0.7604059648393636,-0.6494480476805136
105,125,228,142,72,1589.468037582558,748.0374134739543,39,0.7253743702866556,-0.6883545750051729
104,129,233,130,72,1593.183761709945,744.69176044216,42,0.6883545750051552,-0.7253743702866723
104,132,242,122,72,1596.7192956158776,741.1562265362272,45,0.6494480476805136,-0.7604059648393636
104,135,249,114,72,1600.0649486476718,737.4405024088403,48,0.6087614283997465,-0.793353339497613
105,137,260,106,72,1603.211550602921,733.5547726015554,51,0.5664062363582162,-0.824126187797618
107,139,272,100,73,1606.1504768643833,729.5096876296807,54,0.522498564193262,-0.8526401635011653
109,145,284,94,70,1608.8736720394584,725.3163347899535,57,0.4771587597822764,-0.8788171117828522
109,147,296,89,70,1611.3736720394584,720.9862077710313,60,0.43051109637762247,-0.9025852834469725
110,151,298,84,70,1613.643624538156,716.5311751500894,63,0.38268343198226956,-0.9238795315870928
113,155,298,80,68,1615.677307753535,711.9634478618765,66,0.33380685889985223,-0.9426414901492128
113,157,298,76,68,1617.4691475012614,707.2955457293905,69,0.284015344419811,-0.9588197339090442
115,164,298,72,68,1619.0142324731362,702.5402631479147,72,0.23344536362237972,-0.9723699194249734
119,168,298,68,66,1620.3083276986488,697.7106340164694,75,0.21643745093743288,-0.976296486301632
121,173,298,64,66,1621.3478861527376,692.8198960128003,78,0.23343372666602102,-0.9723727138230552
125,162,298,58,52,1626.8002151946055,668.4273148666787,75,0.33380685889985223,-0.9426414901492128
124,155,298,60,50,1628.3453001664802,663.6720322852029,72,0.38268343198226956,-0.9238795315870928
125,150,298,62,50,1630.1371399142067,659.0041301527169,69,0.43051109637762247,-0.9025852834469725
125,143,286,66,48,1632.1708231295856,654.436402864504,66,0.4771587597822764,-0.8788171117828522
125,137,262,70,48,1634.4407756282833,649.9813702435621,63,0.522498564193262,-0.8526401635011653
125,133,240,78,48,1636.9407756282833,645.6512432246399,60,0.5664062363582162,-0.824126187797618
125,130,222,98,49,1639.6639708033583,641.4578903849127,57,0.6087614283997465,-0.793353339497613
125,125,204,298,50,1642.6028970648206,637.412805413038,54,0.6494480476805136,-0.7604059648393636
125,119,186,298,52,1645.7494990200698,633.5270756057531,51,0.6883545750051552,-0.7253743702866723
125,115,172,298,55,1649.095152051864,629.8113514783662,48,0.7253743702866556,-0.6883545750051729
125,112,160,298,59,1652.6306859577967,626.2758175724334,45,0.7431448252296724,-0.6691306061358221
127,109,147,298,64,1656.3464100851836,622.9301645406391,42,0.7381204091341617,-0.6746690011020912
113,91,123,298,84,1674.9250307221182,606.2018993816675,42,0.7071067807147043,-0.7071067807147196
103,84,118,298,89,1682.1762887554378,599.3207124439405,45,0.6494480476805136,-0.7604059648393636
99,81,120,298,88,1685.521941787232,595.6049883165535,48,0.6087614283997465,-0.793353339497613
93,79,121,298,88,1688.6685437424812,591.7192585092687,51,0.5664062363582162,-0.824126187797618
87,75,121,298,88,1691.6074700039435,587.6741735373939,54,0.522498564193262,-0.8526401635011653
83,73,123,298,90,1694.3306651790185,583.4808206976668,57,0.4771587597822764,-0.8788171117828522
79,73,128,298,88,1696.8306651790185,579.1506936787446,60,0.43051109637762247,-0.9025852834469725
75,71,134,298,90,1699.1006176777162,574.6956610578027,63,0.38268343198226956,-0.9238795315870928
71,70,136,298,90,1701.134300893095,570.1279337695897,66,0.33380685889985223,-0.9426414901492128
69,71,146,299,88,1702.9261406408216,565.4600316371037,69,0.284015344419811,-0.9588197339090442
65,69,156,298,90,1704.4712256126963,560.704749055628,72,0.23344536362237972,-0.9723699194249734
63,69,168,299,89,1705.765320838209,555.8751199241826,75,0.1822355253098509,-0.9832549065803623
61,72,180,298,89,1706.8048792922978,550.9843819205136,78,0.1305261920894838,-0.9914448603820252
59,72,200,242,90,1707.587051617499,546.0459402175379,81,0.07845909564936554,-0.9969173327358684
59,71,220,194,90,1708.1096939338372,541.0733307406965,84,0.026176948281690447,-0.9996573239755571
59,73,246,172,90,1708.371373715052,536.0801830669236,87,-0.026176948281690447,-0.9996573239755571
58,75,274,156,90,1708.371373715052,531.0801830669236,90,-0.07845909564936554,-0.9969173327358684
57,77,298,145,90,1708.1096939338372,526.0870353931507,93,-0.10452846323281842,-0.9945218950367651
59,84,298,135,90,1707.587051617499,521.1144259163093,96,-0.10452846324675583,-0.9945218951693681
59,81,298,146,88,1704.9738400358074,496.25137853210254,96,-0.10452846324675595,-0.9945218951693681
59,78,290,164,90,1702.3606284541158,471.3883311478958,96,-0.1103107288477762,-0.9938971489327091
57,78,264,200,92,1699.7474168724243,446.5252837636891,96,-0.13570532693619844,-0.9907492434720488
57,76,270,202,94,1697.3973175982082,426.6690136301894,99,-0.233445363622381,-0.9723699194249731
55,80,286,178,93,1696.3577591441194,421.7782756265204,102,-0.284015344419811,-0.9588197339090442
56,82,298,162,94,1695.0636639186068,416.948646495075,105,-0.33380685889985223,-0.9426414901492128
57,90,298,150,94,1693.518578946732,412.1933639135993,108,-0.38268343198226756,-0.9238795315870936
60,96,298,139,93,1691.7267391990056,407.5254617811133,111,-0.43051109637762247,-0.9025852834469725
61,102,299,130,92,1689.6930559836267,402.9577344929003,114,-0.4771587597822788,-0.8788171117828508
62,112,298,124,93,1687.423103484929,398.50270187195844,117,-0.522498564193262,-0.8526401635011653
65,124,299,117,92,1684.923103484929,394.1725748530362,120,-0.5446390348334647,-0.8386705676658777
68,132,298,112,92,1682.199908309854,389.9792220133091,123,-0.5446390349060832,-0.8386705677777003
46,65,298,92,72,855.0,920.0,0,0.9999999998,0.0
46,67,298,88,70,880.0,920.0,0,0.9999999998,0.0
46,69,298,88,68,905.0,920.0,0,0.9999999998,0.0
48,69,298,85,66,930.0,920.0,0,0.9999999998,0.0
50,70,298,84,64,955.0,920.0,0,0.9999999998,0.0
50,70,298,81,62,980.0,920.0,0,0.9999999998,0.0
50,73,298,79,60,1005.0,920.0,0,0.9999999998,0.0
50,73,298,79,58,1030.0,920.0,0,0.9999999998,0.0
52,73,298,78,58,1055.0,920.0,0,0.9999999998,0.0
52,73,298,78,58,1080.0,920.0,0,0.9999999998,0.0
52,73,298,79,56,1105.0,920.0,0,0.9999720404262769,-0.007477820149221362
52,73,298,79,56,1130.0,920.0,0,0.9986295340882118,-0.05233595620802582
53,79,297,75,56,1139.993147673773,919.7383202187852,3,0.9914448603820254,-0.13052619208948232
53,85,297,71,56,1144.9657571506143,919.2156779024469,6,0.9832549065803623,-0.1822355253098509
55,91,297,68,54,1149.90419885359,918.4335055772458,9,0.9723699194249721,-0.23344536362238485
57,101,297,63,54,1154.794936857259,917.393947123157,12,0.9588197339090434,-0.28401534441981413
57,111,297,62,54,1159.6245659887043,916.0998518976444,15,0.951056515978133,-0.3090169942719471
61,127,297,58,52,1164.37984857018,914.5547669257696,18,0.9510565161049406,-0.3090169943131494
69,141,297,50,46,1188.1562614775587,906.8293420663958,18,0.9510565161049406,-0.3090169943131494
77,147,297,44,38,1211.9326743849374,899.103917207022,18,0.9510565161049406,-0.3090169943131494
85,156,297,36,32,1235.709087292316,891.3784923476483,18,0.9526609573373677,-0.3040347019091746
93,161,297,32,26,1259.4855001996948,883.6530674882745,18,0.9588163354505901,-0.2840268195186878
97,153,297,32,22,1283.336259657043,876.1786323752629,15,0.9832549065803623,-0.1822355253098509
97,145,297,31,22,1288.226997660712,875.139073921174,12,0.9914448603820254,-0.13052619208948232
97,137,297,33,22,1293.1654393636877,874.3569015959729,9,0.9969173327358684,-0.07845909564936554
97,131,297,37,24,1298.138048840529,873.8342592796346,6,0.9996573239755571,-0.026176948281690447
97,127,297,46,24,1303.131196514302,873.5725794984198,3,0.9996573239755571,0.026176948281690447
98,121,294,58,26,1308.131196514302,873.5725794984198,0,0.9969173327358684,0.07845909564936554
97,115,267,72,28,1313.124344188075,873.8342592796346,-3,0.9914448603820254,0.13052619208948232
97,109,241,110,32,1318.0969536649163,874.3569015959729,-6,0.9876883402659089,0.15643446498808233
97,105,217,298,34,1323.035395367892,875.139073921174,-9,0.9876883403976007,0.15643446500894026
89,95,193,298,50,1347.7276038827708,879.0499355471798,-9,0.9876883403976007,0.15643446500894026
83,85,169,298,68,1372.4198123976496,882.9607971731855,-9,0.988830514044874,0.14904433542481815
75,75,143,298,87,1397.1120209125284,886.8716587991912,-9,0.994521894704652,0.1045284631979073
69,71,143,297,94,1407.0230720923455,888.1764734407307,-6,0.9996573239755571,0.026176948281690447
67,71,153,298,94,1412.0162197661184,888.4381532219454,-3,0.9996573239755571,-0.026176948281690447
66,70,160,297,94,1417.0162197661184,888.4381532219454,0,0.9969173327358684,-0.07845909564936554
63,71,169,298,94,1422.0093674398913,888.1764734407307,3,0.9914448603820254,-0.13052619208948232
63,73,185,297,92,1426.9819769167327,887.6538311243924,6,0.9832549065803623,-0.1822355253098509
61,75,197,298,92,1431.9204186197085,886.8716587991912,9,0.9723699194249721,-0.23344536362238485
61,77,213,297,92,1436.8111566233774,885.8321003451024,12,0.9588197339090434,-0.28401534441981413
61,77,228,252,92,1441.6407857548227,884.5380051195898,15,0.9426414901492128,-0.33380685889985223
59,79,247,208,92,1446.3960683362984,882.992920147715,18,0.9238795315870904,-0.3826834319822752
59,83,261,184,94,1451.0639704687844,881.2010803999885,21,0.9025852834469658,-0.43051109637763657
61,87,281,169,93,1455.6316977569975,879.1673971846095,24,0.8788171117828474,-0.47715875978228517
61,93,297,154,92,1460.0867303779394,876.8974446859118,27,0.8660254034957644,-0.49999999983333165
63,97,298,144,92,1464.4168573968616,874.3974446859118,30,0.8660254036112346,-0.4999999998999984
65,97,296,154,94,1486.0674924914726,861.8974446859118,30,0.8660254036112346,-0.4999999998999984
67,97,272,168,96,1507.7181275860837,849.3974446859118,30,0.8660254036112346,-0.4999999998999984
69,93,246,194,98,1529.3687626806948,836.8974446859118,30,0.8627353781881408,-0.5056556800061586
69,87,220,298,102,1551.0193977753058,824.3974446859118,30,0.8457314141002462,-0.5336088213317454
67,89,221,240,104,1563.8730046528774,816.6742495108366,33,0.793353339497613,-0.6087614283997465
69,93,231,196,105,1567.9180896247522,813.7353232493742,36,0.7604059648393636,-0.6494480476805136
69,95,242,178,104,1571.803819432037,810.5887212941251,39,0.7253743702866556,-0.6883545750051729
69,99,252,166,104,1575.519543559424,807.2430682623308,42,0.6883545750051552,-0.7253743702866723
70,104,263,156,104,1579.0550774653566,803.707534356398,45,0.6494480476805136,-0.7604059648393636
71,109,276,144,104,1582.4007304971508,799.9918102290111,48,0.6087614283997465,-0.793353339497613
73,113,287,136,104,1585.5473324524,796.1060804217262,51,0.5664062363582162,-0.824126187797618
75,119,298,128,105,1588.4862587138623,792.0609954498515,54,0.5446390348334647,-0.8386705676658777
77,127,297,122,104,1591.2094538889373,787.8676426101243,57,0.5446390349060832,-0.8386705677777003
83,127,296,120,96,1604.8254297643125,766.9008784114886,57,0.5397522050002183,-0.841823946412133
86,123,270,122,93,1618.4414056396877,745.9341142128529,57,0.5180358545574869,-0.8553589027958919
89,123,270,117,90,1629.1109911649128,729.0239286747493,60,0.43051109637762247,-0.9025852834469725
90,129,285,110,90,1631.3809436636104,724.5688960538074,63,0.38268343198226956,-0.9238795315870928
91,132,298,106,90,1633.4146268789893,720.0011687655945,66,0.33380685889985223,-0.9426414901492128
95,136,298,100,88,1635.2064666267158,715.3332666331085,69,0.284015344419811,-0.9588197339090442
97,141,298,94,88,1636.7515515985906,710.5779840516327,72,0.2588190450162447,-0.9659258259670938
99,143,298,92,89,1638.0456468241032,705.7483549201874,75,0.2588190450507539,-0.9659258260958838
103,139,298,86,76,1644.5161229516661,681.6002092629606,75,0.2588190450507539,-0.9659258260958838
107,133,298,80,68,1650.986599079229,657.4520636057338,75,0.2588190450507539,-0.9659258260958838
105,125,298,82,62,1657.457075206792,633.303917948507,75,0.2588190450507539,-0.9659258260958838
103,119,280,88,59,1663.927551334355,609.1557722912802,75,0.2588190450507539,-0.9659258260958838
99,111,254,108,57,1670.398027461918,585.0076266340534,75,0.2503821488460885,-0.9681470853503725
93,101,228,152,60,1676.868503589481,560.8594809768266,75,0.1822355253098509,-0.9832549065803623
91,104,246,132,60,1677.9080620435698,555.9687429731575,78,0.1305261920894838,-0.9914448603820252
89,104,266,116,60,1678.690234368771,551.0303012701819,81,0.07845909564936554,-0.9969173327358684
87,105,288,110,60,1679.2128766851092,546.0576917933405,84,0.026176948281690447,-0.9996573239755571
87,109,298,102,60,1679.474556466324,541.0645441195676,87,-0.026176948281690447,-0.9996573239755571
88,113,298,96,60,1679.474556466324,536.0645441195676,90,-0.05233595622550492,-0.998629534421697
87,116,298,92,60,1679.2128766851092,531.0713964457947,93,-0.05233595623248327,-0.9986295345548477
87,114,298,98,60,1677.9044777790355,506.10565807693024,93,-0.052335956232483445,-0.9986295345548475
85,109,298,112,62,1676.5960788729617,481.139919708066,93,-0.05980206500851825,-0.9982102546303522
83,104,290,140,66,1675.287679966888,456.1741813392017,93,-0.10452846319790848,-0.9945218947046518
81,107,298,135,68,1674.5033578693349,446.2084241885875,96,-0.1822355253098509,-0.9832549065803623
83,111,298,121,68,1673.7211855441337,441.2699824856118,99,-0.233445363622381,-0.9723699194249731
83,116,298,114,68,1672.681627090045,436.3792444819428,102,-0.284015344419811,-0.9588197339090442
82,120,298,104,68,1671.3875318645323,431.54961535049745,105,-0.33380685889985223,-0.9426414901492128
85,128,298,98,68,1669.8424468926576,426.7943327690217,108,-0.35836794942584405,-0.9335804261860083
85,136,298,96,68,1668.050607144931,422.1264306365357,111,-0.35836794947362643,-0.9335804263104858
90,136,298,100,66,1659.0914084062986,398.7869199741057,111,-0.35836794947362643,-0.9335804263104858
93,136,296,108,66,1650.132209667666,375.44740931167564,111,-0.35836794947362643,-0.9335804263104858
95,136,270,120,68,1641.1730109290336,352.1078986492456,111,-0.35836794947362643,-0.9335804263104858
97,134,246,146,72,1632.213812190401,328.7683879868156,111,-0.3664991653142832,-0.9304183796320556
97,128,220,196,75,1623.2546134517686,305.42887732438555,111,-0.43051109637762247,-0.9025852834469725
97,132,226,170,76,1621.2209302363897,300.86115003617255,114,-0.4771587597822788,-0.8788171117828508
100,136,234,148,76,1618.950977737692,296.4061174152307,117,-0.522498564193262,-0.8526401635011653
99,140,242,136,76,1616.450977737692,292.0759903963085,120,-0.5664062363582162,-0.824126187797618
101,143,250,126,76,1613.727782562617,287.88263755658136,123,-0.6087614283997465,-0.793353339497613
104,146,260,118,76,1610.7888563011547,283.8375525847066,126,-0.6494480476805108,-0.7604059648393661
105,148,274,112,76,1607.6422543459055,279.95182277742174,129,-0.669130606135804,-0.7431448252296889
108,150,291,104,75,1604.2966013141113,276.23609865003476,132,-0.6691306062250213,-0.7431448253287748
113,138,264,110,73,1587.5683361551403,257.6574780130999,132,-0.6755885739929693,-0.7372788332939937
116,128,240,116,72,1570.8400709961693,239.078857376165,132,-0.7253743702866584,-0.6883545750051699
116,128,254,110,74,1567.3045370902366,235.54332347023225,135,-0.7604059648393623,-0.6494480476805152
116,128,273,104,72,1563.5888129628497,232.19767043843797,138,-0.7933533394976102,-0.6087614283997501
116,130,292,96,71,1559.7030831555649,229.05106848318877,141,-0.8241261877976075,-0.5664062363582317
116,132,299,92,72,1555.65799818369,226.1121422217264,144,-0.8526401635011602,-0.5224985641932702
114,134,298,88,72,1551.464645343963,223.38894704665125,147,-0.8788171117828486,-0.477158759782283
112,136,299,84,71,1547.1345183250407,220.88894704665125,150,-0.8910065238913679,-0.45399049958821225
111,141,298,78,69,1542.6794857040989,218.61899454795352,153,-0.8910065240101688,-0.45399049964874433
110,136,298,76,62,1520.4043225993894,207.26923205446485,153,-0.8910065240101688,-0.45399049964874433
106,130,298,72,57,1498.12915949468,195.91946956097618,153,-0.8910065240101688,-0.45399049964874433
104,124,298,70,54,1475.8539963899705,184.5697070674875,153,-0.8910065240101688,-0.45399049964874433
100,116,298,72,49,1453.578833285261,173.21994457399884,153,-0.8910065240101688,-0.45399049964874433
96,108,294,76,49,1431.3036701805515,161.87018208051018,153,-0.8939579001853111,-0.4481509480032309
90,103,270,83,51,1409.028507075842,150.5204195870215,153,-0.9081403545044378,-0.41866585186710786
86,100,286,82,51,1395.5507145457452,143.94683137424704,156,-0.9426414901492136,-0.3338068588998497
84,102,298,76,51,1390.8828124132592,142.15499162652054,159,-0.9588197339090441,-0.28401534441981147
83,106,298,72,51,1386.1275298317835,140.6099066546458,162,-0.9659258259670923,-0.2588190450162504
82,110,298,68,51,1381.2979007003382,139.31581142913322,165,-0.9659258260958823,-0.25881904505076014
82,104,298,70,49,1357.149755043112,132.84533530157026,165,-0.9659258260958818,-0.2588190450507615
80,102,298,72,47,1333.0016093858858,126.37485917400727,165,-0.9659258260958817,-0.25881904505076225
78,98,298,80,49,1308.8534637286596,119.90438304644424,165,-0.9659258260958817,-0.25881904505076225
74,94,298,86,51,1284.7053180714333,113.4339069188812,165,-0.9659258260958817,-0.25881904505076225
72,86,298,98,56,1260.5571724142071,106.96343079131817,165,-0.9681470853503708,-0.25038214884609533
68,82,284,112,59,1236.409026756981,100.49295466375514,165,-0.9832549065803625,-0.18223552530984952
68,84,298,105,59,1231.518288753312,99.45339620966635,168,-0.9914448603820258,-0.13052619208947955
66,88,298,99,59,1226.5798470503362,98.67122388446519,171,-0.9969173327358689,-0.07845909564935848
66,92,298,94,59,1221.6072375734948,98.14858156812693,174,-0.9986295344216973,-0.05233595622549905
66,97,298,89,59,1216.6140898997219,97.8869017869122,177,-0.9986295345548479,-0.052335956232477186
68,94,298,89,59,1191.6483515308573,96.57850288083858,177,-0.9986295345548479,-0.052335956232477186
68,94,298,92,61,1166.6826131619928,95.27010397476496,177,-0.9986295345548479,-0.052335956232477186
68,92,298,96,63,1141.7168747931282,93.96170506869134,177,-0.9986295345548479,-0.052335956232477186
68,90,298,97,65,1116.7511364242637,92.65330616261772,177,-0.9986295345548479,-0.052335956232477186
66,88,298,99,65,1091.7853980553991,91.3449072565441,177,-0.9986295345548479,-0.052335956232477186
66,88,298,101,67,1066.8196596865346,90.03650835047048,177,-0.9986295345548479,-0.052335956232477186
64,84,298,104,69,1041.85392131767,88.72810944439686,177,-0.9986295345548479,-0.052335956232477186
62,82,298,105,71,1016.8881829488055,87.41971053832324,177,-0.9989170256070855,-0.0465271480728064
62,82,298,108,71,991.9224445799409,86.11131163224962,177,-0.9997804664531698,-0.020952758720034763
60,89,298,102,72,971.9430015586222,85.32627228860545,180,-0.9969173327358689,0.07845909564935848
60,94,298,97,73,966.9498538848493,85.58795206982018,183,-0.9914448603820255,0.130526192089481
62,103,298,91,71,961.9772444080079,86.11059438615844,186,-0.9876883402659079,0.1564344649880886
62,110,298,88,71,957.0388027050323,86.8927667113596,189,-0.9876883403975997,0.15643446500894653
68,116,298,83,67,932.3465941901541,90.8036283373654,189,-0.9876883403975997,0.15643446500894653
72,124,298,78,63,907.6543856752759,94.7144899633712,189,-0.9876883403975997,0.15643446500894653
79,131,298,73,59,882.9621771603977,98.62535158937699,189,-0.9876883403975997,0.15643446500894653
82,136,298,68,55,858.2699686455195,102.53621321538279,189,-0.9876883403975997,0.15643446500894653
86,138,298,63,51,833.5777601306413,106.44707484138858,189,-0.9886907452430131,0.14996869596932602
90,142,298,60,47,808.8855516157631,110.35793646739438,189,-0.9930676650534365,0.1175440837489181
92,136,298,58,45,794.0360587329704,112.44492343413496,186,-0.9996573239755572,0.02617694828168761
92,128,298,62,45,789.0429110591975,112.70660321534969,183,-0.9999999996666666,0.0
92,123,298,64,46,784.0429110591975,112.70660321534969,180,-0.9999999998,0.0
90,120,298,68,46,759.0429110591975,112.70660321534969,180,-0.9999999998,0.0
90,117,298,68,46,734.0429110591975,112.70660321534969,180,-0.9999999998,0.0
88,113,298,68,48,709.0429110591975,112.70660321534969,180,-0.9999999998,0.0
86,110,298,70,48,684.0429110591975,112.70660321534969,180,-0.9999999998,0.0
84,104,298,74,48,659.0429110591975,112.70660321534969,180,-0.9999830873260739,0.005815893509100836
80,100,298,78,50,634.0429110591975,112.70660321534969,180,-0.9995068847343805,0.031400423052430106
78,100,298,75,51,614.0497633854246,112.96828299656441,183,-0.9914448603820255,0.130526192089481
78,104,298,70,49,609.0771539085832,113.49092531290268,186,-0.9832549065803625,0.18223552530984952
79,110,298,65,49,604.1387122056076,114.27309763810383,189,-0.978147600407757,0.2079116907484526
78,114,298,63,49,599.2479742019385,115.31265609219263,192,-0.9781476005381766,0.20791169077617414
80,114,298,59,46,574.7942841835932,120.51044836263658,192,-0.9781476005381766,0.20791169077617444
80,112,298,57,43,550.3405941652478,125.70824063308054,192,-0.9781476005381764,0.2079116907761751
80,110,298,57,41,525.8869041469025,130.9060329035245,192,-0.9781476005381763,0.207911690776176
82,108,296,54,39,501.43321412855727,136.10382517396846,192,-0.9781476005381762,0.20791169077617647
80,104,270,55,39,476.9795241102122,141.30161744441241,192,-0.9781476005381762,0.20791169077617647
78,99,246,57,37,452.5258340918671,146.49940971485637,192,-0.9781476005381762,0.20791169077617647
76,93,220,72,39,428.07214407352205,151.69720198530032,192,-0.9781476005381762,0.20791169077617647
72,86,196,98,43,403.618454055177,156.89499425574428,192,-0.9781476005381762,0.20791169077617647
70,80,170,297,49,379.1647640368319,162.09278652618823,192,-0.9765655259129954,0.21522028953319003
64,70,146,297,59,354.71107401848684,167.2905787966322,192,-0.9659258256445291,0.2588190449298158
62,70,144,297,63,344.99070688337247,169.62423247623357,195,-0.9426414901492136,0.3338068588998497
61,70,152,297,62,340.2354243018967,171.1693174481083,198,-0.9238795315870906,0.38268343198227484
58,70,158,298,65,335.5675221694107,172.9611571958348,201,-0.9025852834469658,0.4305110963776363
58,70,166,297,63,330.9997948811977,174.9948404112138,204,-0.8788171117828473,0.4771587597822854
58,72,175,151,63,326.5447622602559,177.26479290991153,207,-0.8526401635011602,0.5224985641932702
58,74,188,133,63,322.21463524133367,179.76479290991153,210,-0.8241261877976075,0.5664062363582317
58,78,198,119,65,318.0212824016065,182.48798808498668,213,-0.7933533394976102,0.6087614283997501
58,79,212,111,65,313.97619742973177,185.42691434644905,216,-0.7604059648393647,0.6494480476805125
59,82,226,103,63,310.0904676224469,188.57351630169825,219,-0.7253743702866637,0.6883545750051642
60,86,240,97,65,306.37474349505993,191.91916933349253,222,-0.6883545750051628,0.7253743702866652
60,90,258,90,63,302.8392095891272,195.45470323942527,225,-0.6494480476805141,0.7604059648393632
63,92,273,85,63,299.4935565573329,199.17042736681225,228,-0.6087614283997513,0.7933533394976091
64,98,294,81,61,296.3469546020837,203.0561571740971,231,-0.5664062363582343,0.8241261877976056
66,104,298,77,61,293.40802834062134,207.10124214597184,234,-0.5224985641932728,0.8526401635011586
69,110,297,73,62,290.6848331655462,211.29459498569895,237,-0.49999999983333415,0.8660254034957631
70,116,297,69,61,288.1848331655462,215.62472200462113,240,-0.49999999990000055,0.8660254036112333
76,116,297,65,53,275.6848331655462,237.27535709923205,240,-0.49432291425142416,0.8692783535472998
80,114,297,65,49,263.1848331655462,258.925992193843,240,-0.4656204787234754,0.8849845020068874
83,118,297,61,46,255.91488066684846,272.04127885262926,243,-0.38268343198227484,0.9238795315870906
84,124,298,59,47,253.88119745146946,276.60900614084227,246,-0.3338068588998479,0.9426414901492143
86,129,297,55,44,252.08935770374296,281.2769082733283,249,-0.28401534441980686,0.9588197339090454
88,136,297,51,45,250.54427273186823,286.03219085480407,252,-0.23344536362237828,0.9723699194249736
90,146,297,49,43,249.25017750635564,290.86181998624943,255,-0.18223552530984816,0.9832549065803629
92,154,297,45,43,248.21061905226685,295.75255798991844,258,-0.130526192089481,0.9914448603820255
96,162,297,43,41,247.4284467270657,300.69099969289414,261,-0.07845909564936077,0.9969173327358687
98,170,297,41,41,246.90580441072743,305.6636091697355,264,-0.05233595622549965,0.9986295344216972
104,182,297,37,39,246.6441246295127,310.65675684350833,267,-0.052335956232477776,0.9986295345548478
112,182,297,29,27,245.33572572343908,335.6224952123726,267,-0.052335956232477776,0.9986295345548478
118,184,297,21,19,244.02732681736546,360.58823358123686,267,-0.052335956232477776,0.9986295345548478
124,182,297,17,13,242.71892791129184,385.55397195010113,267,-0.052335956232477776,0.9986295345548478
126,175,297,11,9,241.41052900521822,410.5197103189654,267,-0.052335956232477776,0.9986295345548478
130,172,297,11,9,240.1021300991446,435.48544868782966,267,-0.052335956232477776,0.9986295345548478
130,163,297,14,11,238.79373119307098,460.4511870566939,267,-0.052335956232477776,0.9986295345548478
130,157,281,23,13,237.48533228699736,485.4169254255582,267,-0.052335956232477485,0.9986295345548479
130,150,255,35,19,236.17693338092374,510.38266379442246,267,-0.04580082751411775,0.9989505912200799
124,140,229,59,25,234.86853447485012,535.348402163287,267,-0.013096328010467997,0.9999142389183681
122,136,228,63,30,234.34517491242067,550.3346975108328,270,0.07845909564935988,0.9969173327358687
120,136,233,61,31,234.6068546936354,555.3278451846057,273,0.130526192089481,0.9914448603820255
120,137,243,57,31,235.12949700997368,560.3004546614471,276,0.18223552530984816,0.9832549065803629
118,138,251,55,31,235.91166933517482,565.2388963644228,279,0.233445363622377,0.972369919424974
118,137,261,54,31,236.9512277892636,570.1296343680918,282,0.2840153444198084,0.9588197339090451
120,141,273,51,31,238.2453230147762,574.9592634995372,285,0.3338068588998497,0.9426414901492136
118,141,283,49,33,239.79040798665093,579.7145460810129,288,0.35836794942584405,0.9335804261860083
118,145,297,45,33,241.58224773437743,584.382448213499,291,0.35836794947362693,0.9335804263104857
118,138,273,49,31,250.54144647300993,607.721958875929,291,0.35836794947362693,0.9335804263104857
116,127,247,53,33,259.50064521164245,631.061469538359,291,0.364468672139648,0.93121564985168
110,119,223,67,37,268.45984395027494,654.400980200789,291,0.39473766993559245,0.9187938674876297
106,115,223,71,37,274.07720666110697,668.304511753974,294,0.47715875978228517,0.8788171117828474
104,117,233,69,39,276.34715915980473,672.7595443749159,297,0.5224985641932702,0.8526401635011602
102,116,245,67,39,278.84715915980473,677.0896713938381,300,0.5664062363582317,0.8241261877976075
102,119,257,61,39,281.5703543348799,681.2830242335652,303,0.5877852520965433,0.809016994105276
101,121,275,59,40,284.50928059634225,685.32810920544,306,0.5877852521749146,0.8090169942131449
98,115,249,65,40,299.2039119036541,705.5535340648138,306,0.5877852521749146,0.8090169942131449
94,105,224,79,43,313.89854321096595,725.7789589241876,306,0.5877852521749146,0.8090169942131449
89,95,199,105,47,328.5931745182778,746.0043837835614,306,0.5938185016489759,0.8045990222016435
82,87,175,145,55,343.28780582558966,766.2298086429352,306,0.6293203906299091,0.7771459609383979
78,83,179,139,58,349.3733340423012,774.1606234220948,309,0.6883545750051642,0.7253743702866637
77,85,193,123,58,352.71898707409554,777.8763475494817,312,0.725374370286661,0.6883545750051672
75,86,205,114,58,356.25452098002825,781.4118814554145,315,0.7604059648393661,0.6494480476805108
73,87,220,105,58,359.9702451074152,784.7575344872088,318,0.793353339497613,0.6087614283997465
73,89,239,97,58,363.8559749147001,787.9041364424579,321,0.8241261877976075,0.5664062363582317
72,91,263,93,58,367.90105988657484,790.8430627039203,324,0.8526401635011602,0.5224985641932702
72,92,291,88,57,372.094412726302,793.5662578789954,327,0.878817111782846,0.47715875978228756
71,97,297,83,58,376.4245397452242,796.0662578789954,330,0.9025852834469636,0.430511096377641
72,99,297,78,58,380.87957236616603,798.3362103776932,333,0.9135454573380838,0.4067366429402257
73,104,297,74,57,385.44729965437904,800.3698935930722,336,0.9135454574598898,0.4067366429944572
75,103,297,74,54,408.2859360954441,810.5383096699674,336,0.9135454574598898,0.4067366429944572
75,101,297,74,52,431.1245725365091,820.7067257468625,336,0.9135454574598898,0.4067366429944572
75,99,297,79,52,453.96320897757414,830.8751418237576,336,0.9135454574598898,0.4067366429944572
73,93,297,83,54,476.8018454186392,841.0435579006528,336,0.9135454574598892,0.4067366429944585
71,89,281,88,56,499.6404818597042,851.2119739775479,336,0.915895544148534,0.4014166809742166
68,83,255,97,57,522.4791183007691,861.3803900544431,336,0.9258666770951028,0.37785036118041526
65,83,273,99,60,540.8502022978939,869.2732794483067,339,0.9588197339090442,0.284015344419811
65,85,297,91,60,545.6054848793697,870.8183644201814,342,0.9723699194249734,0.23344536362237972
65,87,297,87,59,550.435114010815,872.112459645694,345,0.9781476004077558,0.20791169074845803
65,91,297,83,60,555.3258520144841,873.1520180997828,348,0.9781476005381755,0.2079116907761796
65,91,297,83,58,579.7795420328295,878.3498103702269,348,0.9781476005381755,0.2079116907761796
67,89,297,85,58,604.2332320511748,883.547602640671,348,0.9781476005381755,0.2079116907761796
65,85,297,87,58,628.6869220695202,888.7453949111151,348,0.9781476005381755,0.2079116907761796
63,80,297,92,60,653.1406120878655,893.9431871815592,348,0.9792224611051183,0.20278898211487076
61,77,297,99,62,677.5943021062109,899.1409794520033,348,0.9832527262134712,0.18224729278257218
57,75,297,104,64,702.0956958238628,904.0813855935597,351,0.9969173327358684,0.07845909564936554
59,79,297,95,64,707.0683053007042,904.604027909898,354,0.9996573239755571,0.026176948281690447
59,84,297,89,64,712.0614529744771,904.8657076911128,357,0.9996573239755571,-0.026176948281690447
60,89,298,85,62,717.0614529744771,904.8657076911128,360,0.9969173327358684,-0.07845909564936554
61,95,297,84,62,722.05460064825,904.604027909898,363,0.9945218950367652,-0.10452846323281763
61,98,297,80,62,727.0272101250914,904.0813855935597,366,0.9945218951693682,-0.10452846324675476
